#VRML V2.0 utf8
# 3D model generated by easyeda2kicad.py (https://github.com/uPesy/easyeda2kicad.py)

Shape{
    appearance Appearance {
        material  Material 	{
            diffuseColor 0.0 0.0 0.0
            specularColor 0.0 0.0 0.0
            ambientIntensity 0.0
            transparency 0.0
            shininess 0.5
        }
    }
    geometry IndexedFaceSet {
        ccw TRUE
        solid FALSE
        coord DEF co Coordinate {
            point [
                1.7146 -0.9637 0.8878, 1.7821 -0.8321 0.8878, 1.7821 -0.8321 3.4557, -1.1084 -1.6283 6.0236, -1.2214 -1.5423 6.0236, -1.2229 -1.5443 3.4557, -0.733 1.8276 6.0236, -0.7106 1.8351 6.0236, -0.711 1.8362 3.4557, 1.1232 1.6151 0.8878, 0.9988 1.695 0.8878, 0.9988 1.695 3.4557, -0.7773 1.8092 2.3345, -0.7613 1.816 2.3784, -0.7109 1.836 2.3787, -0.7109 1.8361 2.4763, -0.7182 1.8334 2.495, -0.7403 1.8246 2.4949, -0.9779 1.7094 3.4557, -0.8002 1.7992 2.3343, -0.6432 1.861 2.3886, -0.6352 1.8637 2.3721, -0.6561 1.8565 2.3353, -0.6232 1.8677 2.358, -0.6946 1.8424 2.3789, -0.711 1.8362 0.8878, -0.6789 1.8483 2.3352, -0.5711 1.8843 0.8878, -0.428 1.9217 0.8878, -0.6064 1.8732 2.3461, -0.5881 1.8791 2.3391, -0.5609 1.8873 2.336, -0.5168 1.8998 2.3363, -0.4959 1.9054 2.6343, -0.4802 1.9094 2.5906, -0.5626 1.8868 2.6338, -0.5786 1.882 2.5899, -0.4574 1.9149 2.5908, -0.4279 1.9213 2.4971, -0.4841 1.9084 2.4967, -0.4839 1.9084 2.4783, -0.624 1.8675 2.4745, -0.6297 1.8656 2.4689, -0.6395 1.8623 2.4549, -0.6453 1.8603 2.4396, -0.6472 1.8596 2.4286, -0.6478 1.8594 2.4175, -0.6472 1.8596 2.4073, -0.428 1.9216 2.4274, -0.479 1.9097 2.4271, -0.518 1.8995 2.4965, -0.5637 1.8865 2.4961, -0.6014 1.8748 2.5898, -0.5881 1.8791 2.4933, -0.6074 1.8729 2.4861, -0.4407 1.9188 2.7104, -0.4466 1.9175 2.695, -0.5195 1.8991 2.7505, -0.4309 1.921 2.7244, -0.4491 1.9169 2.673, -0.4485 1.917 2.6628, -0.5416 1.8929 2.7503, -0.4867 1.9077 2.3548, -0.4789 1.9097 2.4087, -0.428 1.9216 2.3552, -0.428 1.9216 2.4091, -0.4213 1.9232 2.3553, -0.4216 1.9231 2.4091, -0.428 1.9216 2.4787, -0.4221 1.923 2.4787, -0.4218 1.9231 2.4275, -0.4445 1.918 2.644, -0.4365 1.9198 2.6275, -0.428 1.9217 2.6176, -0.4016 1.9273 2.4973, -0.2728 1.9496 2.2858, -0.1542 1.9624 2.3389, -0.1355 1.9638 2.339, -0.241 1.9538 2.3417, -0.2304 1.955 2.3378, -0.4866 1.9078 2.3365, -0.4279 1.9213 2.3369, -0.4005 1.9276 2.3371, -0.3018 1.9454 2.2879, -0.2939 1.9466 2.285, -0.2825 1.9482 0.8878, -0.2857 1.9478 2.2841, -0.1355 1.9638 0.8878, -0.2813 1.9484 2.2843, -0.3268 1.9413 2.3204, -0.3176 1.9429 2.3028, -0.3797 1.9318 2.4517, -0.3101 1.9441 2.2941, -0.3088 1.9443 2.2928, -0.2588 1.9515 2.3693, -0.2578 1.9516 2.3612, -0.3139 1.9435 2.338, -0.305 1.9449 2.3173, -0.2553 1.952 2.3549, -0.3009 1.9455 2.31, -0.2515 1.9525 2.3496, -0.2972 1.9461 2.3059, -0.2458 1.9532 2.3446, -0.273 1.9496 2.3037, -0.277 1.949 2.3023, -0.2843 1.948 2.3013, -0.2894 1.9472 2.3019, -0.2938 1.9466 2.3035, -0.2802 1.9486 2.6642, -0.2229 1.9559 2.6646, -0.2225 1.9559 2.6107, -0.2029 1.9581 2.7527, -0.1355 1.9638 3.4557, -0.1538 1.9625 2.7541, -0.1708 1.9611 2.7491, -0.1706 1.9611 2.7275, -0.2017 1.9582 2.5926, -0.428 1.9217 3.4557, -0.2853 1.9478 2.7522, -0.2852 1.9479 2.7337, -0.2234 1.9558 2.7342, -0.223 1.9559 2.6829, -0.2803 1.9486 2.6825, -0.288 1.9475 2.6102, -0.2145 1.9568 2.3521, -0.2153 1.9567 2.3522, -0.2122 1.9571 2.3887, -0.2256 1.9556 2.3532, -0.2308 1.955 2.3551, -0.2327 1.9548 2.3562, -0.235 1.9545 2.3582, -0.236 1.9544 2.3594, -0.2254 1.9556 2.3831, -0.2368 1.9543 2.3608, -0.2378 1.9542 2.3636, -0.2382 1.9541 2.3674, -0.2381 1.9541 2.3699, -0.2372 1.9542 2.3731, -0.2356 1.9544 2.3757, -0.2332 1.9547 2.3784, -0.1909 1.9593 2.4006, -0.1816 1.9601 2.3634, -0.2003 1.9583 2.3943, -0.1897 1.9594 2.3583, -0.2023 1.9581 2.3536, -0.1877 1.9596 2.4041, -0.1547 1.9624 2.4125, -0.1814 1.9601 2.3427, -0.1934 1.959 2.3382, -0.2124 1.9571 2.3358, -0.1851 1.9598 2.4083, -0.1829 1.96 2.4144, -0.1534 1.9625 2.4271, -0.1821 1.9601 2.4222, -0.1829 1.96 2.4294, -0.1854 1.9598 2.4358, -0.1891 1.9594 2.4412, -0.2018 1.9582 2.4503, -0.213 1.957 2.4541, -0.3181 1.9428 2.5918, -0.1951 1.9588 2.4465, -0.2269 1.9554 2.4554, -0.2409 1.9538 2.454, -0.3621 1.9351 2.5915, -0.2539 1.9521 2.4501, -0.3893 1.9298 2.5946, -0.4077 1.9261 2.6016, -0.2538 1.9522 2.4306, -0.2699 1.95 2.4524, -0.4245 1.9225 2.6135, -0.3216 1.9422 2.3661, -0.324 1.9418 2.3567, -0.3245 1.9417 2.3567, -0.3589 1.9357 2.4518, -0.2923 1.9468 2.4523, -0.327 1.9413 2.3659, -0.3256 1.9416 2.3606, -0.2878 1.9475 2.592, -0.3192 1.9426 2.7519, -0.3649 1.9346 2.7516, -0.3894 1.9298 2.7487, -0.4086 1.9259 2.7415, -0.4253 1.9223 2.73, -0.428 1.9217 2.7273, -0.1504 1.9627 2.4364, -0.1355 1.9638 2.4517, -0.1411 1.9634 2.4483, -0.1464 1.963 2.4431, -0.1355 1.9638 2.6091, -0.1359 1.9638 2.6091, -0.1689 1.9613 2.7285, -0.154 1.9625 2.6123, -0.1699 1.9612 2.6193, -0.1697 1.9612 2.5995, -0.167 1.9614 2.5981, -0.2523 1.9524 2.3882, -0.256 1.9519 2.3827, -0.2059 1.9577 2.4323, -0.2042 1.9579 2.4298, -0.2059 1.9578 2.4294, -0.2032 1.958 2.4271, -0.2028 1.9581 2.4239, -0.2248 1.9557 2.4391, -0.2188 1.9564 2.4387, -0.2135 1.9569 2.4373, -0.209 1.9574 2.4349, -0.2029 1.9581 2.4212, -0.2037 1.958 2.4181, -0.2051 1.9578 2.4153, -0.2071 1.9576 2.4132, -0.2141 1.9569 2.4087, -0.2375 1.9542 2.4376, -0.2265 1.9555 2.4032, -0.2488 1.9528 2.4335, -0.2342 1.9546 2.4, -0.2475 1.953 2.3925, -0.2581 1.9516 2.3767, -0.1527 1.9626 2.7348, -0.1355 1.9638 2.7369, -0.133 1.964 2.7373, -0.1252 1.9645 2.7369, -0.1115 1.9653 2.734, -0.099 1.9659 2.728, -0.0748 1.967 2.6938, -0.072 1.9671 2.6718, -0.1284 1.9643 2.6088, -0.0892 1.9664 2.7198, -0.0881 1.9665 2.7186, -0.0803 1.9668 2.7076, -0.0723 1.9671 2.6643, -0.0749 1.967 2.6486, -0.1079 1.9655 2.6174, -0.0802 1.9668 2.6359, -0.0874 1.9665 2.626, -0.1146 1.9651 2.6103, -0.092 1.9663 2.6216, -0.1028 1.9658 2.6144, -0.067 1.9673 2.3888, -0.0711 1.9671 2.3944, -0.0741 1.967 2.4263, -0.0775 1.9669 2.3996, -0.0864 1.9665 2.4039, -0.0858 1.9666 2.4339, -0.1007 1.9659 2.4072, -0.1185 1.9649 2.4391, -0.1117 1.9653 2.4399, -0.0983 1.966 2.4384, -0.1347 1.9639 2.4117, -0.134 1.9639 2.4206, -0.132 1.964 2.4278, -0.1297 1.9642 2.4319, -0.1267 1.9644 2.4352, -0.1231 1.9646 2.4375, -0.0356 1.9681 2.4302, -0.0354 1.9681 2.4119, -0.0641 1.9674 2.3818, -0.0406 1.968 2.4998, -0.0405 1.968 2.4814, 0.0213 1.9682 2.4819, 0.0217 1.9682 2.4306, -0.0866 1.9665 2.3381, -0.0789 1.9668 2.341, -0.0431 1.9679 2.3397, -0.0722 1.9671 2.3458, -0.07 1.9672 2.348, -0.0658 1.9673 2.3542, -0.0432 1.9679 2.3579, -0.0635 1.9674 2.361, -0.0625 1.9674 2.3702, -0.0626 1.9674 2.3733, 0.0222 1.9682 2.3584, 0.0218 1.9682 2.4123, -0.1343 1.9639 2.3567, -0.1337 1.9639 2.3567, -0.1341 1.9639 2.339, -0.1287 1.9643 2.3497, -0.1221 1.9647 2.3436, 0.0123 1.9683 0.8878, 0.1601 1.9617 0.8878, -0.1178 1.9649 2.3409, -0.1098 1.9654 2.3379, -0.0985 1.966 2.3366, -0.1497 1.9628 2.5926, -0.1355 1.9638 2.5913, -0.1253 1.9645 2.5904, -0.0833 1.9667 2.6019, -0.0432 1.9679 2.5937, -0.0983 1.966 2.5947, -0.1156 1.9651 2.591, 0.0419 1.9679 2.5004, -0.0742 1.967 2.4458, -0.0784 1.9669 2.4482, -0.0934 1.9662 2.4539, -0.1137 1.9652 2.4562, -0.1262 1.9644 2.4549, -0.1346 1.9639 2.4522, 0.0412 1.9679 2.5943, 0.1601 1.9617 3.4557, 0.043 1.9678 2.3403, 0.0401 1.9679 2.7545, 0.0194 1.9682 2.7543, -0.0705 1.9671 2.6127, -0.0692 1.9672 2.6141, -0.0434 1.9679 2.612, -0.0597 1.9675 2.6279, 0.0204 1.9682 2.6124, -0.0544 1.9676 2.7, -0.0622 1.9674 2.7177, -0.0533 1.9677 2.6446, -0.0503 1.9677 2.6707, -0.0507 1.9677 2.6791, -0.0739 1.967 2.7328, -0.0779 1.9669 2.7365, -0.0929 1.9662 2.7469, -0.1097 1.9654 2.7533, -0.1329 1.964 2.7559, -0.1355 1.9638 2.7557, 0.2436 1.953 2.4994, 0.2441 1.9529 2.5094, 0.3793 1.9311 2.4765, 0.2493 1.9522 2.5313, 0.2598 1.9509 2.551, 0.2728 1.9491 2.5658, 0.2904 1.9465 2.5782, 0.3409 1.9382 2.5889, 0.4142 1.9239 2.5371, 0.3318 1.9398 2.5889, 0.3102 1.9434 2.586, 0.401 1.9267 2.4086, 0.3931 1.9283 2.4117, 0.408 1.9252 2.4037, 0.3843 1.9301 2.4127, 0.3832 1.9303 2.4125, 0.3798 1.931 2.4119, 0.3775 1.9314 2.4116, 0.3262 1.9408 2.4112, 0.3058 1.9441 2.415, 0.2856 1.9472 2.4241, 0.2687 1.9496 2.4377, 0.2672 1.9499 2.4394, 0.2545 1.9516 2.457, 0.2465 1.9526 2.4773, 0.3477 1.937 2.6206, 0.365 1.9338 2.6575, 0.4517 1.9141 2.5178, 0.3904 1.9288 2.6883, 0.3933 1.9282 2.691, 0.3892 1.9291 2.7712, 0.3455 1.9374 2.7404, 0.3062 1.9441 2.6934, 0.2847 1.9474 2.65, 0.2791 1.9482 2.6481, 0.2453 1.9527 2.631, 0.2146 1.9564 2.6047, 0.1916 1.9588 2.5721, 0.2159 1.9562 2.3922, 0.2471 1.9525 2.3662, 0.1931 1.9586 2.4235, 0.178 1.9601 2.5372, 0.173 1.9605 2.5001, 0.1786 1.96 2.4594, 0.282 1.9478 2.3494, 0.3199 1.9418 2.3417, 0.3069 1.944 0.8878, 0.3871 1.9295 2.3422, 0.452 1.9153 0.8878, 0.3935 1.9282 2.3433, 0.401 1.9267 2.3463, 0.4083 1.9251 2.3516, 0.411 1.9245 2.3543, 0.4159 1.9235 2.3615, 0.4188 1.9228 2.3692, 0.4199 1.9226 2.3777, 0.4516 1.9136 2.4389, 0.4195 1.9227 2.3822, 0.4186 1.9229 2.3866, 0.4172 1.9232 2.3908, 0.4127 1.9242 2.3986, 0.5508 1.8891 2.7954, 0.5 1.9033 2.8007, 0.452 1.9153 3.4557, 0.452 1.9152 2.7945, 0.4455 1.9168 2.7936, 0.6038 1.8728 2.7769, 0.7337 1.8257 3.4557, 0.6369 1.8618 2.7573, 0.7135 1.8337 2.71, 0.7005 1.8387 2.7087, 0.6638 1.8523 2.7345, 0.6874 1.8437 2.7075, 0.8171 1.7898 2.3719, 0.8523 1.7733 2.4024, 0.7762 1.808 2.3516, 0.7337 1.8257 0.8878, 0.7337 1.8257 2.3017, 0.8687 1.7653 0.8878, 0.7504 1.8189 2.3226, 0.7616 1.8142 2.3471, 0.8962 1.7515 2.5595, 0.8909 1.7542 2.5805, 0.8781 1.7607 2.4397, 0.8873 1.756 2.4604, 0.8941 1.7526 2.4822, 0.8981 1.7505 2.5044, 0.8993 1.7499 2.5268, 0.8989 1.7501 2.5378, 0.8725 1.7635 2.6214, 0.8448 1.7769 2.6563, 0.8371 1.7806 2.6635, 0.8007 1.7973 2.6887, 0.7584 1.8156 2.7048, 0.7336 1.8256 2.7076, 0.5401 1.8922 2.3702, 0.5394 1.8924 2.382, 0.5393 1.8925 2.3933, 0.5426 1.8915 2.3559, 0.5469 1.8903 2.3421, 0.5606 1.8863 2.3168, 0.5782 1.8809 2.2973, 0.601 1.8737 2.2817, 0.6265 1.8653 2.2721, 0.5945 1.8758 0.8878, 0.654 1.8558 2.2689, 0.6583 1.8543 2.2695, 0.6853 1.8445 2.2734, 0.7115 1.8345 2.2846, 0.7336 1.8257 2.3016, 0.5871 1.8781 2.4767, 0.5673 1.8842 2.4584, 0.5786 1.8808 2.7125, 0.5413 1.8919 2.7273, 0.4993 1.9034 2.7324, 0.4251 1.9214 2.7134, 0.452 1.9152 2.7239, 0.4608 1.9132 2.7274, 0.6093 1.871 2.6904, 0.635 1.8624 2.66, 0.6111 1.8704 2.4898, 0.6527 1.8563 2.6242, 0.6386 1.8612 2.4968, 0.6524 1.8564 2.4978, 0.6862 1.8441 2.6382, 0.7129 1.834 2.6417, 0.6796 1.8466 2.4946, 0.7247 1.8293 2.6411, 0.7048 1.8371 2.4852, 0.7337 1.8257 2.6391, 0.7282 1.8279 2.4692, 0.6608 1.8534 2.6287, 0.7472 1.8202 2.4478, 0.8232 1.787 2.4969, 0.8183 1.7893 2.4832, 0.8049 1.7954 2.4599, 0.7847 1.8043 2.4388, 0.76 1.8149 2.4234, 0.7337 1.8257 2.463, 0.7528 1.8179 2.6347, 0.7783 1.8071 2.6214, 0.7981 1.7984 2.604, 0.814 1.7913 2.5815, 0.8239 1.7867 2.5561, 0.8266 1.7855 2.5426, 0.8275 1.785 2.5286, 0.8263 1.7856 2.5111, 1.6374 1.0895 0.8878, 1.6374 1.0895 3.4557, 1.7146 0.9634 0.8878, 1.7821 0.8318 3.4557, 1.7821 0.8318 0.8878, 1.7821 0.8318 6.0236, 1.6818 1.0196 6.0236, 1.6352 1.088 6.0236, 1.5618 1.1955 6.0236, 1.551 1.2095 0.8878, 1.4558 1.3227 3.4557, 1.2403 1.5248 6.0236, 1.2686 1.5034 6.0236, 1.2413 1.526 3.4557, 1.4236 1.3574 6.0236, 1.4543 1.3214 6.0236, 1.4558 1.3227 0.8878, 1.3524 1.4284 0.8878, 1.2413 1.526 0.8878, 1.0988 1.6318 6.0236, 0.7227 1.8301 6.0236, 0.7334 1.8252 6.0236, 0.9161 1.7411 6.0236, 0.9973 1.6925 6.0236, 0.5208 1.8977 6.0236, 0.1011 1.9656 6.0236, 0.1598 1.9594 6.0236, 0.3128 1.943 6.0236, 0.4515 1.9128 6.0236, -0.1119 1.9653 6.0236, -0.5313 1.8958 6.0236, -0.4274 1.9189 6.0236, -0.3235 1.9419 6.0236, -0.1354 1.9627 6.0236, -0.9261 1.7379 6.0236, -0.8468 1.7778 0.8878, -0.9779 1.7094 0.8878, -1.1035 1.6313 0.8878, -1.2229 1.544 3.4557, -1.2229 1.544 0.8878, -1.3354 1.4479 0.8878, -1.4403 1.3437 3.4557, -1.2778 1.4989 6.0236, -1.2214 1.5419 6.0236, -1.1084 1.6279 6.0236, -0.9767 1.7074 6.0236, -1.4403 1.3437 0.8878, -1.5372 1.232 0.8878, -1.6253 1.1132 3.4557, -1.5699 1.19 6.0236, -1.4399 1.3434 6.0236, -1.4322 1.3524 6.0236, -1.7738 0.8576 0.8878, -1.7738 0.8576 3.4557, -1.7044 0.9882 0.8878, -1.6253 1.1132 0.8878, -1.7889 0.8255 6.0236, -1.7723 0.8569 6.0236, -1.6893 1.0137 6.0236, -1.623 1.1116 6.0236, -1.8677 0.6277 6.0236, -1.8822 0.5827 3.4557, -1.8331 0.7222 0.8878, -1.9483 0.2946 0.8878, -1.9483 0.2946 3.4557, -1.9207 0.4399 0.8878, -1.8822 0.5827 0.8878, -1.959 0.2124 6.0236, -1.9456 0.2941 6.0236, -1.9246 0.4225 6.0236, -1.8803 0.5821 6.0236, -1.9649 0.1476 0.8878, -1.9705 -0.0002 3.4557, -1.9705 -0.0002 0.8878, -1.9649 -0.148 0.8878, -1.9483 -0.2949 3.4557, -1.959 -0.2128 6.0236, -1.9705 -0.0002 6.0236, -1.8822 -0.583 0.8878, -1.8822 -0.583 3.4557, -1.9207 -0.4402 0.8878, -1.9483 -0.2949 0.8878, -1.8677 -0.628 6.0236, -1.8803 -0.5825 6.0236, -1.9246 -0.4229 6.0236, -1.9456 -0.2945 6.0236, -1.7889 -0.8259 6.0236, -1.7738 -0.858 3.4557, -1.8331 -0.7225 0.8878, -1.6253 -1.1136 0.8878, -1.6253 -1.1136 3.4557, -1.7044 -0.9885 0.8878, -1.7738 -0.858 0.8878, -1.5699 -1.1903 6.0236, -1.623 -1.112 6.0236, -1.6893 -1.014 6.0236, -1.7723 -0.8572 6.0236, -1.5372 -1.2323 0.8878, -1.4403 -1.3441 3.4557, -1.2229 -1.5443 0.8878, -1.3354 -1.4483 0.8878, -1.4403 -1.3441 0.8878, -1.2778 -1.4993 6.0236, -1.4322 -1.3527 6.0236, -1.4399 -1.3437 6.0236, -0.9767 -1.7077 6.0236, -0.9779 -1.7097 3.4557, -1.1035 -1.6316 0.8878, -0.9779 -1.7097 0.8878, -0.8468 -1.7781 0.8878, -0.711 -1.8366 3.4557, -0.733 -1.8279 6.0236, -0.9261 -1.7383 6.0236, -0.711 -1.8366 0.8878, -0.5711 -1.8846 0.8878, -0.428 -1.922 3.4557, -0.5313 -1.8962 6.0236, -0.7106 -1.8355 6.0236, -0.1355 -1.9641 0.8878, -0.1355 -1.9641 3.4557, -0.2825 -1.9486 0.8878, -0.428 -1.922 0.8878, -0.1119 -1.9656 6.0236, -0.1354 -1.963 6.0236, -0.3235 -1.9422 6.0236, -0.4274 -1.9192 6.0236, 0.1011 -1.966 6.0236, 0.1601 -1.962 3.4557, 0.0123 -1.9686 0.8878, 0.1601 -1.962 0.8878, 0.3069 -1.9443 0.8878, 0.452 -1.9156 3.4557, 0.5208 -1.898 6.0236, 0.4515 -1.9131 6.0236, 0.3128 -1.9433 6.0236, 0.1598 -1.9597 6.0236, 0.452 -1.9156 0.8878, 0.5945 -1.8761 0.8878, 0.7337 -1.826 3.4557, 0.7337 -1.826 0.8878, 0.8687 -1.7657 0.8878, 0.9988 -1.6953 3.4557, 0.9161 -1.7415 6.0236, 0.7334 -1.8255 6.0236, 0.7227 -1.8304 6.0236, 1.2413 -1.5264 0.8878, 1.2413 -1.5264 3.4557, 1.1232 -1.6154 0.8878, 0.9988 -1.6953 0.8878, 1.2686 -1.5037 6.0236, 1.2403 -1.5251 6.0236, 1.0988 -1.6321 6.0236, 0.9973 -1.6929 6.0236, 1.4236 -1.3577 6.0236, 1.4558 -1.323 3.4557, 1.3524 -1.4287 0.8878, 1.6374 -1.0898 0.8878, 1.6374 -1.0898 3.4557, 1.551 -1.2098 0.8878, 1.4558 -1.323 0.8878, 1.6818 -1.0199 6.0236, 1.6352 -1.0883 6.0236, 1.5618 -1.1958 6.0236, 1.4543 -1.3217 6.0236, 1.7821 -0.8321 6.0236
            ]
        }
        coordIndex [
            0,1,2,-1,3,4,5,-1,6,7,8,-1,9,10,11,-1,12,13,14,-1,8,15,16,-1,16,17,18,-1,18,17,19,-1,20,21,22,-1,22,21,23,-1,14,24,25,-1,25,24,26,-1,25,26,27,-1,27,26,22,-1,27,22,28,-1,28,22,23,-1,28,23,29,-1,29,30,28,-1,28,30,31,-1,28,31,32,-1,33,34,35,-1,35,34,36,-1,37,38,34,-1,34,38,39,-1,34,39,36,-1,36,39,40,-1,41,42,15,-1,15,42,43,-1,15,43,44,-1,44,45,15,-1,15,45,46,-1,15,46,22,-1,22,46,47,-1,22,47,20,-1,48,49,40,-1,40,49,50,-1,40,50,36,-1,36,50,51,-1,36,51,52,-1,52,51,53,-1,52,53,54,-1,55,56,57,-1,55,57,58,-1,56,59,57,-1,57,59,60,-1,57,60,37,-1,54,41,52,-1,52,41,15,-1,52,15,61,-1,61,15,8,-1,61,8,57,-1,62,63,64,-1,64,63,65,-1,64,65,66,-1,66,65,67,-1,40,68,48,-1,48,68,69,-1,48,69,70,-1,60,71,37,-1,37,71,72,-1,37,72,38,-1,38,72,73,-1,38,73,74,-1,75,76,77,-1,78,79,75,-1,49,63,50,-1,50,63,62,-1,50,62,32,-1,32,62,80,-1,32,80,28,-1,28,80,81,-1,28,81,82,-1,82,83,28,-1,28,83,84,-1,28,84,85,-1,85,84,86,-1,85,86,87,-1,87,86,88,-1,89,90,82,-1,89,82,91,-1,90,92,82,-1,82,92,93,-1,82,93,83,-1,94,95,96,-1,96,95,97,-1,97,95,98,-1,97,98,99,-1,99,98,100,-1,99,100,101,-1,78,75,102,-1,102,75,103,-1,102,103,100,-1,100,103,104,-1,100,104,105,-1,105,106,100,-1,100,106,107,-1,100,107,101,-1,108,109,110,-1,111,112,113,-1,113,114,111,-1,111,114,115,-1,111,115,116,-1,112,111,117,-1,117,111,118,-1,117,118,119,-1,120,121,119,-1,119,121,122,-1,119,122,117,-1,117,122,108,-1,117,108,123,-1,123,108,110,-1,124,125,126,-1,125,127,126,-1,126,127,128,-1,126,128,129,-1,129,130,126,-1,126,130,131,-1,126,131,132,-1,132,131,133,-1,133,134,132,-1,132,134,135,-1,132,135,136,-1,136,137,132,-1,132,137,138,-1,132,138,139,-1,140,141,142,-1,142,141,143,-1,142,143,126,-1,126,143,144,-1,126,144,124,-1,140,145,141,-1,141,145,146,-1,141,146,147,-1,147,146,76,-1,147,76,148,-1,148,76,75,-1,148,75,149,-1,149,75,79,-1,145,150,146,-1,146,150,151,-1,146,151,152,-1,152,151,153,-1,153,154,152,-1,152,154,155,-1,152,155,156,-1,157,158,159,-1,157,159,160,-1,158,161,159,-1,159,161,162,-1,159,162,163,-1,163,162,164,-1,163,164,165,-1,165,164,166,-1,167,168,164,-1,164,168,169,-1,164,169,166,-1,170,171,172,-1,173,174,175,-1,175,174,170,-1,175,170,176,-1,176,170,172,-1,82,74,91,-1,91,74,73,-1,91,73,173,-1,173,73,169,-1,173,169,174,-1,174,169,168,-1,177,159,123,-1,123,159,178,-1,123,178,117,-1,117,178,179,-1,117,179,180,-1,180,181,117,-1,117,181,182,-1,117,182,183,-1,156,160,152,-1,152,160,159,-1,152,159,184,-1,116,185,177,-1,177,185,186,-1,177,186,159,-1,159,186,187,-1,159,187,184,-1,188,189,190,-1,190,189,191,-1,190,191,115,-1,115,191,192,-1,115,192,116,-1,116,192,193,-1,116,193,185,-1,185,193,194,-1,195,196,167,-1,197,198,199,-1,199,198,200,-1,199,200,201,-1,202,203,201,-1,201,203,204,-1,201,204,199,-1,199,204,205,-1,199,205,197,-1,201,206,202,-1,202,206,207,-1,202,207,208,-1,208,209,202,-1,202,209,210,-1,202,210,211,-1,211,210,212,-1,211,212,213,-1,213,212,214,-1,213,214,167,-1,167,214,215,-1,167,215,195,-1,96,168,94,-1,94,168,167,-1,94,167,216,-1,216,167,196,-1,190,217,188,-1,188,217,218,-1,188,218,219,-1,219,220,188,-1,188,220,221,-1,188,221,222,-1,223,224,225,-1,222,226,188,-1,188,226,227,-1,188,227,225,-1,225,227,228,-1,225,228,223,-1,229,230,231,-1,231,230,232,-1,231,232,233,-1,224,229,225,-1,225,229,231,-1,225,231,234,-1,233,235,231,-1,231,235,236,-1,231,236,234,-1,237,238,239,-1,238,240,239,-1,239,240,241,-1,239,241,242,-1,242,241,243,-1,244,245,243,-1,243,245,246,-1,243,246,242,-1,247,248,243,-1,243,248,249,-1,243,249,250,-1,250,251,243,-1,243,251,252,-1,243,252,244,-1,253,254,255,-1,239,256,257,-1,258,259,257,-1,257,259,253,-1,257,253,239,-1,239,253,255,-1,239,255,237,-1,260,261,262,-1,262,261,263,-1,263,264,262,-1,262,264,265,-1,262,265,266,-1,266,265,267,-1,266,267,268,-1,268,269,266,-1,266,269,255,-1,266,255,270,-1,270,255,254,-1,270,254,271,-1,272,273,274,-1,274,273,275,-1,274,275,276,-1,88,75,87,-1,87,75,77,-1,87,77,277,-1,277,77,274,-1,277,274,278,-1,278,274,276,-1,276,279,278,-1,278,279,280,-1,278,280,281,-1,194,282,185,-1,185,282,283,-1,185,283,284,-1,285,286,287,-1,287,286,185,-1,287,185,288,-1,288,185,284,-1,289,256,286,-1,239,290,256,-1,256,290,291,-1,256,291,286,-1,286,291,292,-1,286,292,293,-1,293,294,286,-1,286,294,295,-1,286,295,185,-1,286,296,289,-1,289,296,297,-1,289,297,298,-1,298,297,278,-1,298,278,262,-1,262,278,281,-1,262,281,260,-1,299,300,112,-1,285,301,286,-1,286,301,302,-1,286,302,303,-1,303,302,304,-1,303,304,305,-1,306,307,300,-1,304,308,305,-1,305,308,309,-1,305,309,300,-1,300,309,310,-1,300,310,306,-1,307,311,300,-1,300,311,312,-1,300,312,112,-1,112,312,313,-1,112,313,314,-1,314,315,112,-1,112,315,316,-1,112,316,113,-1,317,318,319,-1,319,318,320,-1,320,321,319,-1,319,321,322,-1,319,322,323,-1,324,325,326,-1,326,325,319,-1,326,319,327,-1,327,319,323,-1,328,329,319,-1,328,319,330,-1,329,331,319,-1,319,331,332,-1,319,332,333,-1,333,334,319,-1,319,334,335,-1,319,335,336,-1,336,337,319,-1,319,337,338,-1,319,338,339,-1,339,340,319,-1,319,340,341,-1,319,341,317,-1,324,342,325,-1,325,342,343,-1,325,343,344,-1,344,343,345,-1,344,345,346,-1,347,348,297,-1,348,349,297,-1,297,349,350,-1,297,350,351,-1,351,352,297,-1,297,352,353,-1,297,353,354,-1,355,356,278,-1,355,278,357,-1,354,358,297,-1,297,358,359,-1,297,359,278,-1,278,359,360,-1,278,360,357,-1,356,361,278,-1,278,361,362,-1,278,362,363,-1,363,362,364,-1,363,364,365,-1,365,364,366,-1,365,366,367,-1,367,368,365,-1,365,368,369,-1,365,369,370,-1,371,372,373,-1,373,372,374,-1,374,375,373,-1,373,375,376,-1,373,376,319,-1,319,376,377,-1,319,377,330,-1,378,379,380,-1,380,379,381,-1,380,381,297,-1,297,381,382,-1,297,382,347,-1,383,378,384,-1,383,384,385,-1,384,386,387,-1,385,384,388,-1,388,384,387,-1,388,387,389,-1,390,391,10,-1,390,10,392,-1,393,394,395,-1,395,394,396,-1,395,396,10,-1,10,396,397,-1,10,397,392,-1,398,399,11,-1,391,400,10,-1,10,400,401,-1,10,401,402,-1,402,403,10,-1,10,403,404,-1,10,404,11,-1,11,404,405,-1,11,405,398,-1,399,406,11,-1,11,406,407,-1,11,407,408,-1,408,409,11,-1,11,409,410,-1,11,410,384,-1,384,410,411,-1,384,411,386,-1,412,373,413,-1,413,373,414,-1,412,415,373,-1,373,415,365,-1,373,365,371,-1,371,365,370,-1,415,416,365,-1,365,416,417,-1,365,417,418,-1,418,419,365,-1,365,419,420,-1,365,420,421,-1,421,420,422,-1,421,422,393,-1,393,422,423,-1,393,423,424,-1,424,425,393,-1,393,425,426,-1,393,426,394,-1,427,428,344,-1,429,427,430,-1,430,427,431,-1,346,432,344,-1,344,432,433,-1,344,433,427,-1,427,433,434,-1,427,434,431,-1,429,435,427,-1,427,435,436,-1,427,436,437,-1,437,436,438,-1,437,438,439,-1,439,438,440,-1,441,442,443,-1,443,442,444,-1,443,444,445,-1,445,444,446,-1,445,446,447,-1,440,438,443,-1,443,438,448,-1,443,448,441,-1,449,450,451,-1,451,452,449,-1,449,452,453,-1,449,453,454,-1,447,446,455,-1,455,446,456,-1,455,456,457,-1,457,458,455,-1,455,458,459,-1,455,459,460,-1,460,461,455,-1,455,461,462,-1,455,462,449,-1,449,462,463,-1,449,463,450,-1,464,465,466,-1,466,465,467,-1,466,467,468,-1,469,467,470,-1,470,467,465,-1,470,465,471,-1,471,465,472,-1,464,473,465,-1,465,473,474,-1,465,474,472,-1,475,476,477,-1,477,476,478,-1,477,478,474,-1,474,478,479,-1,474,479,472,-1,473,480,474,-1,474,480,481,-1,474,481,477,-1,477,481,482,-1,477,482,9,-1,9,11,477,-1,477,11,483,-1,477,483,475,-1,484,485,384,-1,384,485,486,-1,384,486,11,-1,11,486,487,-1,11,487,483,-1,378,380,384,-1,384,380,488,-1,384,488,484,-1,489,490,297,-1,297,490,491,-1,297,491,380,-1,380,491,492,-1,380,492,488,-1,493,489,112,-1,112,489,297,-1,112,297,299,-1,299,297,296,-1,494,495,117,-1,117,495,496,-1,117,496,112,-1,112,496,497,-1,112,497,493,-1,7,494,8,-1,8,494,117,-1,8,117,57,-1,57,117,183,-1,57,183,58,-1,16,18,8,-1,8,18,498,-1,8,498,6,-1,14,25,12,-1,12,25,499,-1,12,499,19,-1,19,499,500,-1,19,500,18,-1,18,500,501,-1,18,501,502,-1,501,503,502,-1,502,503,504,-1,502,504,505,-1,506,507,502,-1,502,507,508,-1,502,508,18,-1,18,508,509,-1,18,509,498,-1,504,510,505,-1,505,510,511,-1,505,511,512,-1,512,513,505,-1,505,513,514,-1,505,514,502,-1,502,514,515,-1,502,515,506,-1,516,517,518,-1,518,517,512,-1,518,512,519,-1,519,512,511,-1,520,521,517,-1,517,521,522,-1,517,522,512,-1,512,522,523,-1,512,523,513,-1,524,520,525,-1,525,520,517,-1,525,517,526,-1,526,517,516,-1,527,528,529,-1,529,528,525,-1,529,525,530,-1,530,525,526,-1,531,532,528,-1,528,532,533,-1,528,533,525,-1,525,533,534,-1,525,534,524,-1,527,535,528,-1,528,535,536,-1,528,536,531,-1,535,537,536,-1,536,537,538,-1,536,538,539,-1,539,540,536,-1,536,540,541,-1,536,541,531,-1,542,543,544,-1,544,543,539,-1,544,539,545,-1,545,539,538,-1,546,547,543,-1,543,547,548,-1,543,548,539,-1,539,548,549,-1,539,549,540,-1,550,546,551,-1,551,546,543,-1,551,543,552,-1,552,543,542,-1,553,554,555,-1,555,554,551,-1,555,551,556,-1,556,551,552,-1,557,558,554,-1,554,558,559,-1,554,559,551,-1,551,559,560,-1,551,560,550,-1,553,561,554,-1,554,561,562,-1,554,562,557,-1,563,5,564,-1,564,5,562,-1,564,562,565,-1,565,562,561,-1,4,566,5,-1,5,566,567,-1,5,567,562,-1,562,567,568,-1,562,568,557,-1,569,3,570,-1,570,3,5,-1,570,5,571,-1,571,5,563,-1,571,572,570,-1,570,572,573,-1,570,573,574,-1,574,575,570,-1,570,575,576,-1,570,576,569,-1,573,577,574,-1,574,577,578,-1,574,578,579,-1,579,580,574,-1,574,580,581,-1,574,581,575,-1,582,583,584,-1,584,583,579,-1,584,579,585,-1,585,579,578,-1,586,587,583,-1,583,587,588,-1,583,588,579,-1,579,588,589,-1,579,589,580,-1,590,586,591,-1,591,586,583,-1,591,583,592,-1,592,583,582,-1,592,593,591,-1,591,593,594,-1,591,594,595,-1,596,597,595,-1,595,597,598,-1,595,598,591,-1,591,598,599,-1,591,599,590,-1,594,600,595,-1,595,600,601,-1,595,601,602,-1,601,603,602,-1,602,603,604,-1,602,604,605,-1,605,606,602,-1,602,606,607,-1,602,607,595,-1,595,607,608,-1,595,608,596,-1,609,610,611,-1,611,610,605,-1,611,605,612,-1,612,605,604,-1,613,614,610,-1,610,614,615,-1,610,615,605,-1,605,615,616,-1,605,616,606,-1,617,613,618,-1,618,613,610,-1,618,610,619,-1,619,610,609,-1,620,621,622,-1,622,621,618,-1,622,618,623,-1,623,618,619,-1,624,625,621,-1,621,625,626,-1,621,626,618,-1,618,626,627,-1,618,627,617,-1,628,624,2,-1,2,624,621,-1,2,621,0,-1,0,621,620,-1,
        ]
    }
}
Shape{
    appearance Appearance {
        material  Material 	{
            diffuseColor 1.0 1.0 1.0
            specularColor 0.8784313725490196 0.8784313725490196 0.8784313725490196
            ambientIntensity 1.0
            transparency 0.0
            shininess 0.5
        }
    }
    geometry IndexedFaceSet {
        ccw TRUE
        solid FALSE
        coord DEF co Coordinate {
            point [
                0.9454 1.3068 0.0, 1.1518 1.1287 0.0, 1.4574 0.6804 0.0, 1.3253 0.9185 0.0, 1.461 0.682 0.0, -0.0812 -1.6124 0.0, 1.3253 -0.9188 0.0, 0.1913 -1.6027 0.0, 1.1518 -1.129 0.0, 0.9454 -1.3071 0.0, 0.712 -1.4479 0.0, 0.4582 -1.5474 0.0, 1.4574 -0.6807 0.0, 1.461 -0.6823 0.0, -0.6115 -1.4948 0.0, -0.3513 -1.5761 0.0, 1.0964 -0.0307 0.0, 1.1004 -0.0002 0.0, 1.0964 0.0304 0.0, 1.0846 0.0589 0.0, -1.5931 0.2715 0.0, -1.5247 0.5353 0.0, -1.0697 0.0834 0.0, -0.8544 -1.3709 0.0, 0.8988 -0.0837 0.0, 0.88 -0.0592 0.0, -0.9272 -0.1025 0.0, -0.9027 -0.0837 0.0, 0.8682 0.0304 0.0, -0.8839 -0.0592 0.0, 0.9232 0.1021 0.0, 0.9517 0.1139 0.0, 0.9823 0.1179 0.0, -1.0453 0.1021 0.0, -1.4129 0.7839 0.0, -1.0168 0.1139 0.0, -1.2608 1.0102 0.0, -0.9862 0.1179 0.0, -1.0729 1.2076 0.0, -0.9557 0.1139 0.0, 1.0658 0.0834 0.0, 1.0413 0.1021 0.0, 1.0129 0.1139 0.0, -0.8721 0.0304 0.0, -0.8839 0.0589 0.0, 0.712 1.4475 0.0, -0.9027 0.0834 0.0, 0.4582 1.547 0.0, -1.0885 0.0589 0.0, -1.1003 0.0304 0.0, -1.6161 -0.0002 0.0, -1.1043 -0.0002 0.0, -1.5931 -0.2718 0.0, -1.0729 -1.2079 0.0, -1.2608 -1.0105 0.0, 0.8682 -0.0307 0.0, -1.4129 -0.7843 0.0, -1.5247 -0.5357 0.0, 0.1913 1.6024 0.0, -0.9272 0.1021 0.0, -0.0812 1.6121 0.0, -1.1003 -0.0307 0.0, -1.0885 -0.0592 0.0, -1.0697 -0.0837 0.0, -1.0453 -0.1025 0.0, 0.8642 -0.0002 0.0, -0.9862 -0.1183 0.0, -0.9557 -0.1143 0.0, 0.9232 -0.1025 0.0, 0.9517 -0.1143 0.0, 0.9823 -0.1183 0.0, 1.0129 -0.1143 0.0, 1.0413 -0.1025 0.0, 1.5406 -0.462 0.0, -0.8544 1.3706 0.0, -0.6115 1.4945 0.0, -0.3513 1.5757 0.0, 1.5913 0.2332 0.0, 1.6083 -0.0002 0.0, 1.0846 -0.0592 0.0, 0.8988 0.0834 0.0, 0.88 0.0589 0.0, -0.8681 -0.0002 0.0, -0.8721 -0.0307 0.0, -1.0168 -0.1143 0.0, 1.5406 0.4617 0.0, 1.0658 -0.0837 0.0, 1.5913 -0.2335 0.0, -0.0133 0.0195 6.2205, 0.788 1.4075 6.2205, 0.712 1.4475 6.2205, 0.4582 1.547 6.2205, 0.1913 1.6024 6.2205, -0.0812 1.6121 6.2205, -0.3513 1.5757 6.2205, -0.6115 1.4945 6.2205, -0.8544 1.3706 6.2205, -1.0729 1.2076 6.2205, -1.2608 1.0102 6.2205, -1.4129 0.7839 6.2205, -1.5247 0.5353 6.2205, -1.5931 0.2715 6.2205, -1.616 0.0195 6.2205, 1.4574 -0.6807 6.2205, 0.8221 -1.3881 6.2205, 0.9454 -1.3071 6.2205, 1.461 -0.6823 6.2205, 1.3253 -0.9188 6.2205, 1.1518 -1.129 6.2205, 1.5913 -0.2335 6.2205, 1.6083 -0.0002 6.2205, 0.0208 -0.0002 6.2205, 1.1518 1.1287 6.2205, 1.4574 0.6804 6.2205, 1.3253 0.9185 6.2205, 1.461 0.682 6.2205, 1.5406 -0.462 6.2205, 0.9454 1.3068 6.2205, 0.8221 1.3878 6.2205, 1.5406 0.4617 6.2205, 1.5913 0.2332 6.2205
            ]
        }
        coordIndex [
            0,1,2,-1,2,1,3,-1,2,3,4,-1,5,6,7,-1,7,6,8,-1,8,9,7,-1,7,9,10,-1,7,10,11,-1,12,13,14,-1,14,13,6,-1,14,6,15,-1,15,6,5,-1,16,17,2,-1,2,17,18,-1,2,18,19,-1,20,21,22,-1,14,23,24,-1,24,23,25,-1,26,27,28,-1,28,27,29,-1,30,0,31,-1,31,0,32,-1,22,21,33,-1,33,21,34,-1,33,34,35,-1,35,34,36,-1,35,36,37,-1,37,36,38,-1,37,38,39,-1,19,40,2,-1,2,40,41,-1,2,41,0,-1,0,41,42,-1,0,42,32,-1,30,43,0,-1,0,43,44,-1,0,44,45,-1,45,44,46,-1,45,46,47,-1,22,48,20,-1,20,48,49,-1,20,49,50,-1,50,49,51,-1,50,51,52,-1,23,53,25,-1,25,53,54,-1,25,54,55,-1,55,54,56,-1,55,56,57,-1,47,46,58,-1,58,46,59,-1,58,59,60,-1,51,61,52,-1,52,61,62,-1,52,62,57,-1,57,62,63,-1,57,63,64,-1,65,66,28,-1,28,66,67,-1,28,67,26,-1,24,68,14,-1,14,68,69,-1,14,69,12,-1,12,69,70,-1,70,71,12,-1,12,71,72,-1,12,72,73,-1,38,74,39,-1,39,74,75,-1,39,75,59,-1,59,75,76,-1,59,76,60,-1,77,78,79,-1,30,80,43,-1,43,80,81,-1,43,81,82,-1,82,81,28,-1,82,28,83,-1,83,28,29,-1,65,55,66,-1,66,55,57,-1,66,57,84,-1,84,57,64,-1,16,2,79,-1,79,2,85,-1,79,85,77,-1,72,86,73,-1,73,86,79,-1,73,79,87,-1,87,79,78,-1,88,89,90,-1,90,91,88,-1,88,91,92,-1,88,92,93,-1,93,94,88,-1,88,94,95,-1,88,95,96,-1,96,97,88,-1,88,97,98,-1,88,98,99,-1,99,100,88,-1,88,100,101,-1,88,101,102,-1,103,104,105,-1,106,103,107,-1,107,103,105,-1,107,105,108,-1,109,110,111,-1,112,113,114,-1,114,113,115,-1,104,103,111,-1,111,103,116,-1,111,116,109,-1,112,117,113,-1,113,117,118,-1,113,118,119,-1,119,118,111,-1,119,111,120,-1,120,111,110,-1,
        ]
    }
}
Shape{
    appearance Appearance {
        material  Material 	{
            diffuseColor 0.0 0.0 0.0
            specularColor 0.0 0.0 0.0
            ambientIntensity 0.0
            transparency 0.0
            shininess 0.5
        }
    }
    geometry IndexedFaceSet {
        ccw TRUE
        solid FALSE
        coord DEF co Coordinate {
            point [
                1.9687 -0.083 1.7452, 1.9677 -0.1052 1.7255, 1.9693 -0.0687 1.6969, 1.9663 -0.1283 1.6933, 1.9657 -0.1377 1.6726, 1.9704 0.0101 1.7757, 1.9705 -0.0002 1.7753, 1.9702 -0.0332 1.7696, 1.9694 -0.0641 1.7571, 1.9652 -0.1446 1.6476, 1.965 -0.1474 1.6182, 1.965 -0.1474 1.1064, 1.9667 -0.1229 1.022, 1.9677 -0.1048 0.9987, 1.9693 -0.0687 1.0276, 1.9687 -0.0826 0.9791, 1.9696 -0.0572 0.964, 1.9703 -0.0294 0.9539, 1.9705 -0.0002 0.9492, 1.9704 0.0101 0.9489, 1.9652 -0.1446 1.0767, 1.9658 -0.1363 1.0484, 1.9674 0.1104 0.985, 1.9658 0.1355 1.0111, 1.9685 0.0889 1.0276, 1.965 0.1469 1.0283, 1.9642 0.157 1.0496, 1.9698 0.0505 0.9542, 1.9685 0.088 0.9695, 1.9636 0.1646 1.0757, 1.9633 0.1676 1.1064, 1.9633 0.1676 1.6182, 1.9685 0.0889 1.6969, 1.9667 0.1214 1.7296, 1.968 0.0976 1.7491, 1.9692 0.0704 1.7637, 1.97 0.0409 1.7726, 1.9636 0.1645 1.6491, 1.9643 0.1556 1.6785, 1.9654 0.141 1.7058, 1.9702 -0.0334 5.228, 1.9652 -0.1444 5.1348, 1.9646 -0.1517 5.1091, 1.969 -0.076 4.4882, 1.9705 0.0028 4.4095, 1.9686 -0.0862 4.437, 1.9696 -0.0595 4.4223, 1.9702 -0.0305 4.413, 1.9705 -0.0002 4.4095, 1.9653 -0.143 4.5073, 1.9663 -0.1287 4.4803, 1.9674 -0.1096 4.4566, 1.9644 -0.1547 5.0788, 1.9644 -0.1547 4.5669, 1.9646 -0.1517 4.5364, 1.9674 -0.11 5.1887, 1.9659 -0.1345 5.156, 1.9686 -0.0866 5.2084, 1.9693 -0.0667 5.2201, 1.9702 -0.0344 5.2318, 1.9678 0.1031 4.4456, 1.9663 0.1282 4.4716, 1.9688 0.0816 4.4882, 1.9655 0.1396 4.4889, 1.9648 0.1497 4.5102, 1.97 0.0432 4.4147, 1.9688 0.0807 4.4301, 1.9642 0.1573 4.5362, 1.9639 0.1603 4.5669, 1.9639 0.1603 5.0788, 1.9688 0.0816 5.1575, 1.9672 0.1141 5.1901, 1.9684 0.0903 5.2097, 1.9695 0.063 5.2243, 1.9702 0.0336 5.2332, 1.9705 0.0028 5.2362, 1.9642 0.1572 5.1097, 1.9649 0.1483 5.1391, 1.9659 0.1337 5.1663, 1.9704 -0.0002 5.2359, 1.7886 -0.8275 3.4948, 1.7857 -0.8338 3.495, 1.7857 -0.8338 3.4091, 1.8876 -0.5659 3.3202, 1.7967 -0.8098 3.4881, 1.7941 -0.8154 3.4913, 1.7914 -0.8213 3.4936, 1.8415 -0.7017 3.3181, 1.8876 -0.5659 3.2246, 1.9237 -0.4271 3.2247, 1.9237 -0.4271 3.1291, 1.9496 -0.286 3.1276, 1.9496 -0.286 3.032, 1.9653 -0.1435 3.0295, 1.9653 -0.1435 2.9339, 1.9704 -0.0002 2.9308, 1.9705 -0.0002 2.8352, 1.9705 0.0031 2.9286, 1.9705 0.0032 2.8329, 1.9651 0.1448 3.0267, 1.9651 0.1448 2.931, 1.9496 0.2857 3.1243, 1.9496 0.2857 3.0285, 1.9237 0.4267 3.222, 1.9237 0.4267 3.1262, 1.8876 0.5655 3.3181, 1.7857 0.8334 3.4951, 1.7884 0.8275 3.4946, 1.7857 0.8334 3.4078, 1.7911 0.8217 3.4933, 1.8876 0.5655 3.2223, 1.8415 0.7013 3.3163, 1.796 0.811 3.4881, 1.7936 0.8162 3.4911
            ]
        }
        coordIndex [
            0,1,2,-1,2,1,3,-1,2,3,4,-1,2,5,6,-1,6,7,2,-1,2,7,8,-1,2,8,0,-1,4,9,2,-1,2,9,10,-1,2,10,11,-1,12,13,14,-1,14,13,15,-1,14,15,16,-1,16,17,14,-1,14,17,18,-1,14,18,19,-1,11,20,14,-1,14,20,21,-1,14,21,12,-1,22,23,24,-1,24,23,25,-1,24,25,26,-1,19,27,24,-1,24,27,28,-1,24,28,22,-1,26,29,24,-1,24,29,30,-1,24,30,31,-1,32,33,34,-1,34,35,32,-1,32,35,36,-1,32,36,5,-1,37,38,32,-1,32,38,39,-1,32,39,33,-1,11,14,2,-1,2,14,19,-1,2,19,5,-1,5,19,24,-1,5,24,32,-1,32,24,31,-1,32,31,37,-1,40,41,42,-1,43,44,40,-1,45,46,43,-1,46,47,43,-1,43,47,48,-1,43,48,44,-1,49,50,43,-1,43,50,51,-1,43,51,45,-1,42,52,40,-1,40,52,53,-1,40,53,43,-1,43,53,54,-1,43,54,49,-1,55,56,57,-1,57,56,41,-1,57,41,58,-1,58,41,40,-1,58,40,59,-1,60,61,62,-1,62,61,63,-1,62,63,64,-1,44,65,62,-1,62,65,66,-1,62,66,60,-1,64,67,62,-1,62,67,68,-1,62,68,69,-1,70,71,72,-1,72,73,70,-1,70,73,74,-1,70,74,75,-1,76,77,70,-1,70,77,78,-1,70,78,71,-1,59,40,79,-1,79,40,44,-1,79,44,75,-1,75,44,62,-1,75,62,70,-1,70,62,69,-1,70,69,76,-1,80,81,82,-1,83,84,82,-1,84,85,82,-1,82,85,86,-1,82,86,80,-1,82,87,83,-1,83,87,88,-1,83,88,89,-1,89,88,90,-1,89,90,91,-1,91,90,92,-1,91,92,93,-1,93,92,94,-1,93,94,95,-1,95,94,96,-1,95,96,97,-1,97,96,98,-1,97,98,99,-1,99,98,100,-1,99,100,101,-1,101,100,102,-1,101,102,103,-1,103,102,104,-1,103,104,105,-1,106,107,108,-1,108,107,109,-1,104,110,105,-1,105,110,111,-1,105,111,112,-1,112,111,108,-1,112,108,113,-1,113,108,109,-1,
        ]
    }
}
Shape{
    appearance Appearance {
        material  Material 	{
            diffuseColor 0.7450980392156863 0.9215686274509803 0.9882352941176471
            specularColor 0.37254901960784315 0.4588235294117647 0.49411764705882355
            ambientIntensity 0.8764
            transparency 0.0
            shininess 0.5
        }
    }
    geometry IndexedFaceSet {
        ccw TRUE
        solid FALSE
        coord DEF co Coordinate {
            point [
                1.9653 -0.1435 2.9339, 1.9496 -0.286 3.032, 1.9702 -0.0332 1.7696, 1.9496 -0.286 0.8878, 1.9237 -0.4271 0.8878, 1.9237 -0.4271 3.1291, 1.8876 -0.5659 0.8878, 1.8876 -0.5659 3.2246, 1.8415 -0.7017 0.8878, 1.8415 -0.7017 3.3181, 1.7857 -0.8338 0.8878, 1.7857 -0.8338 3.4091, 1.9663 -0.1283 1.6933, 1.9677 -0.1052 1.7255, 1.9657 -0.1377 1.6726, 1.9658 -0.1363 1.0484, 1.9652 -0.1446 1.0767, 1.9667 -0.1229 1.022, 1.9705 -0.0002 0.8878, 1.9705 -0.0002 0.9492, 1.9703 -0.0294 0.9539, 1.9653 -0.1435 0.8878, 1.9696 -0.0572 0.964, 1.9687 -0.0826 0.9791, 1.9677 -0.1048 0.9987, 1.965 -0.1474 1.1064, 1.965 -0.1474 1.6182, 1.9652 -0.1446 1.6476, 1.9687 -0.083 1.7452, 1.9694 -0.0641 1.7571, 1.9643 0.1556 1.6785, 1.9636 0.1645 1.6491, 1.9496 0.2857 3.0285, 1.968 0.0976 1.7491, 1.9667 0.1214 1.7296, 1.9654 0.141 1.7058, 1.9496 0.2857 0.8878, 1.9633 0.1676 1.6182, 1.9633 0.1676 1.1064, 1.9636 0.1646 1.0757, 1.9642 0.157 1.0496, 1.965 0.1469 1.0283, 1.9658 0.1355 1.0111, 1.9674 0.1104 0.985, 1.9653 0.1431 0.8878, 1.9685 0.088 0.9695, 1.9698 0.0505 0.9542, 1.9704 0.0101 0.9489, 1.9705 -0.0002 2.8352, 1.9705 -0.0002 1.7753, 1.9705 0.0032 2.8329, 1.9704 0.0101 1.7757, 1.9651 0.1448 2.931, 1.97 0.0409 1.7726, 1.9692 0.0704 1.7637, 1.7857 0.8334 0.8878, 1.7857 0.8334 3.4078, 1.8415 0.7013 0.8878, 1.8415 0.7013 3.3163, 1.8876 0.5655 0.8878, 1.8876 0.5655 3.2223, 1.9237 0.4267 0.8878, 1.9237 0.4267 3.1262, 1.4574 -0.6807 6.2205, 1.4574 -0.6807 6.2638, 1.5406 -0.462 6.2205, 1.5406 -0.462 6.2638, 1.5913 -0.2335 6.2205, 1.5913 -0.2335 6.2638, 1.6083 -0.0002 6.2205, 1.6083 -0.0002 6.2638, 1.5913 0.2332 6.2205, 1.5913 0.2332 6.2638, 1.5406 0.4617 6.2205, 1.5406 0.4617 6.2638, 1.4574 0.6804 6.2205, 1.4574 0.6804 6.2638, 1.8854 0.5649 6.0236, 1.858 0.6564 6.0236, 1.8503 0.6537 6.0858, 1.712 0.2509 6.2638, 1.7283 0.0838 6.2638, 1.7735 0.2599 6.2556, 1.7904 0.0868 6.2556, 1.8308 0.2683 6.2316, 1.8482 0.0896 6.2316, 1.88 0.2755 6.1934, 1.8979 0.092 6.1934, 1.9178 0.281 6.1437, 1.936 0.0939 6.1437, 1.9416 0.2845 6.0858, 1.96 0.095 6.0858, 1.9496 0.2857 6.0236, 1.7283 -0.0841 6.2638, 1.712 -0.2512 6.2638, 1.7904 -0.0871 6.2556, 1.7735 -0.2602 6.2556, 1.8482 -0.0899 6.2316, 1.8308 -0.2686 6.2316, 1.8979 -0.0923 6.1934, 1.88 -0.2758 6.1934, 1.936 -0.0942 6.1437, 1.9178 -0.2814 6.1437, 1.96 -0.0954 6.0858, 1.9416 -0.2848 6.0858, 1.6797 -0.416 6.2638, 1.74 -0.4309 6.2556, 1.7962 -0.4448 6.2316, 1.8445 -0.4567 6.1934, 1.8816 -0.4659 6.1437, 1.9049 -0.4717 6.0858, 1.568 0.7319 6.2638, 1.6315 0.5765 6.2638, 1.6243 0.7582 6.2556, 1.6901 0.5972 6.2556, 1.6768 0.7827 6.2316, 1.7447 0.6165 6.2316, 1.7219 0.8037 6.1934, 1.7916 0.633 6.1934, 1.7565 0.8198 6.1437, 1.8276 0.6457 6.1437, 1.7783 0.83 6.0858, 1.7857 0.8334 6.0236, 1.9128 0.4733 6.0236, 1.9049 0.4713 6.0858, 1.8816 0.4656 6.1437, 1.8445 0.4564 6.1934, 1.7962 0.4445 6.2316, 1.74 0.4306 6.2556, 1.6797 0.4157 6.2638, 1.9682 -0.0958 6.0236, 1.9682 -0.0002 6.0236, 1.9682 0.0954 6.0236, 1.8854 -0.5652 6.0236, 1.9128 -0.4736 6.0236, 1.9496 -0.286 6.0236, 1.858 -0.6568 6.0236, 1.8503 -0.6541 6.0858, 1.8276 -0.6461 6.1437, 1.7916 -0.6334 6.1934, 1.7447 -0.6168 6.2316, 1.6901 -0.5975 6.2556, 1.6315 -0.5768 6.2638, 1.568 -0.7323 6.2638, 1.6243 -0.7585 6.2556, 1.6768 -0.783 6.2316, 1.7219 -0.804 6.1934, 1.7565 -0.8202 6.1437, 1.7783 -0.8303 6.0858, 1.7857 -0.8338 6.0236, 1.4574 -0.6807 -0.0433, 1.4574 -0.6807 0.0, 1.5406 -0.462 -0.0433, 1.5406 -0.462 0.0, 1.5913 -0.2335 -0.0433, 1.5913 -0.2335 0.0, 1.6083 -0.0002 -0.0433, 1.6083 -0.0002 0.0, 1.5913 0.2332 -0.0433, 1.5913 0.2332 0.0, 1.5406 0.4617 -0.0433, 1.5406 0.4617 0.0, 1.4574 0.6804 -0.0433, 1.4574 0.6804 0.0, 1.568 -0.7323 -0.0433, 1.6315 -0.5768 -0.0433, 1.6797 -0.416 -0.0433, 1.6797 0.4157 -0.0433, 1.6315 0.5765 -0.0433, 1.568 0.7319 -0.0433, 1.712 0.2509 -0.0433, 1.7283 0.0838 -0.0433, 1.7283 -0.0841 -0.0433, 1.712 -0.2512 -0.0433, 1.6243 0.7582 -0.0351, 1.6901 0.5972 -0.0351, 1.6768 0.7827 -0.0111, 1.7447 0.6165 -0.0111, 1.7219 0.8037 0.027, 1.7916 0.633 0.027, 1.7565 0.8198 0.0768, 1.8276 0.6457 0.0768, 1.7783 0.83 0.1347, 1.8503 0.6537 0.1347, 1.7857 0.8334 0.1969, 1.858 0.6564 0.1969, 1.8854 0.5649 0.1969, 1.9049 0.4713 0.1347, 1.9128 0.4733 0.1969, 1.9496 0.2857 0.1969, 1.9416 0.2845 0.1347, 1.9682 0.0954 0.1969, 1.96 0.095 0.1347, 1.9682 -0.0002 0.1969, 1.96 -0.0954 0.1347, 1.9128 -0.4736 0.1969, 1.9416 -0.2848 0.1347, 1.9496 -0.286 0.1969, 1.9682 -0.0958 0.1969, 1.8854 -0.5652 0.1969, 1.8503 -0.6541 0.1347, 1.9049 -0.4717 0.1347, 1.858 -0.6568 0.1969, 1.7857 -0.8338 0.1969, 1.7783 -0.8303 0.1347, 1.8816 0.4656 0.0768, 1.9178 0.281 0.0768, 1.936 0.0939 0.0768, 1.936 -0.0942 0.0768, 1.9178 -0.2814 0.0768, 1.8816 -0.4659 0.0768, 1.8276 -0.6461 0.0768, 1.7565 -0.8202 0.0768, 1.8445 0.4564 0.027, 1.88 0.2755 0.027, 1.8979 0.092 0.027, 1.8979 -0.0923 0.027, 1.88 -0.2758 0.027, 1.8445 -0.4567 0.027, 1.7916 -0.6334 0.027, 1.7219 -0.804 0.027, 1.7962 0.4445 -0.0111, 1.8308 0.2683 -0.0111, 1.8482 0.0896 -0.0111, 1.8482 -0.0899 -0.0111, 1.8308 -0.2686 -0.0111, 1.7962 -0.4448 -0.0111, 1.7447 -0.6168 -0.0111, 1.6768 -0.783 -0.0111, 1.74 0.4306 -0.0351, 1.7735 0.2599 -0.0351, 1.7904 0.0868 -0.0351, 1.7904 -0.0871 -0.0351, 1.7735 -0.2602 -0.0351, 1.74 -0.4309 -0.0351, 1.6901 -0.5975 -0.0351, 1.6243 -0.7585 -0.0351, 1.7857 -0.8338 0.2933, 1.8415 -0.7017 0.2933, 1.8876 -0.5659 0.2933, 1.9237 -0.4271 0.2933, 1.9496 -0.286 0.2933, 1.9653 -0.1435 0.2933, 1.9705 -0.0002 0.2933, 1.9653 0.1431 0.2933, 1.9496 0.2857 0.2933, 1.9237 0.4267 0.2933, 1.8876 0.5655 0.2933, 1.8415 0.7013 0.2933, 1.7857 0.8334 0.2933, 1.7788 0.8302 0.3532, 1.8344 0.6986 0.3532, 1.7586 0.8208 0.4094, 1.8136 0.6907 0.4094, 1.7263 0.8057 0.4581, 1.7803 0.678 0.4581, 1.8026 0.6124 0.4581, 1.859 0.557 0.4094, 1.8249 0.5468 0.4581, 1.8598 0.4126 0.4581, 1.8945 0.4203 0.4094, 1.8848 0.2762 0.4581, 1.9201 0.2814 0.4094, 1.8924 0.2073 0.4581, 1.9354 0.141 0.4094, 1.8999 0.1384 0.4581, 1.905 -0.0002 0.4581, 1.9406 -0.0002 0.4094, 1.8999 -0.1387 0.4581, 1.9354 -0.1413 0.4094, 1.8924 -0.2076 0.4581, 1.9201 -0.2817 0.4094, 1.8848 -0.2765 0.4581, 1.8598 -0.4129 0.4581, 1.8945 -0.4206 0.4094, 1.8249 -0.5471 0.4581, 1.859 -0.5573 0.4094, 1.8026 -0.6127 0.4581, 1.8136 -0.691 0.4094, 1.7803 -0.6784 0.4581, 1.7263 -0.8061 0.4581, 1.7586 -0.8211 0.4094, 1.8803 0.5634 0.3532, 1.9163 0.4251 0.3532, 1.9421 0.2846 0.3532, 1.9577 0.1426 0.3532, 1.9629 -0.0002 0.3532, 1.9577 -0.1429 0.3532, 1.9421 -0.2849 0.3532, 1.9163 -0.4254 0.3532, 1.8803 -0.5637 0.3532, 1.8344 -0.699 0.3532, 1.7788 -0.8305 0.3532, 1.778 -0.6774 0.723, 1.7263 -0.8061 0.723, 1.7004 -0.794 0.6838, 1.8824 -0.2761 0.723, 1.8598 -0.4129 0.723, 1.8319 -0.4067 0.6838, 1.8974 0.1383 0.723, 1.905 -0.0002 0.723, 1.8764 -0.0002 0.6838, 1.8224 0.5461 0.723, 1.8598 0.4126 0.723, 1.8319 0.4064 0.6838, 1.7263 0.8057 0.723, 1.778 0.6771 0.723, 1.7767 0.6036 0.6838, 1.8038 0.6128 0.723, 1.8824 0.2758 0.723, 1.8652 0.2043 0.6838, 1.8936 0.2074 0.723, 1.8974 -0.1386 0.723, 1.8652 -0.2047 0.6838, 1.8936 -0.2078 0.723, 1.8224 -0.5464 0.723, 1.7767 -0.6039 0.6838, 1.8038 -0.6131 0.723, 1.7767 0.6036 0.4973, 1.7004 0.7937 0.6838, 1.7597 0.5979 0.6387, 1.6842 0.7861 0.6387, 1.754 0.5959 0.5906, 1.6786 0.7835 0.5906, 1.7597 0.5979 0.5424, 1.6842 0.7861 0.5424, 1.7004 0.7937 0.4973, 1.8144 0.4025 0.6387, 1.8084 0.4012 0.5906, 1.8144 0.4025 0.5424, 1.8319 0.4064 0.4973, 1.8652 0.2043 0.4973, 1.8474 0.2024 0.6387, 1.8413 0.2017 0.5906, 1.8474 0.2024 0.5424, 1.8585 -0.0002 0.6387, 1.8524 -0.0002 0.5906, 1.8585 -0.0002 0.5424, 1.8764 -0.0002 0.4973, 1.8652 -0.2047 0.4973, 1.8474 -0.2027 0.6387, 1.8413 -0.202 0.5906, 1.8474 -0.2027 0.5424, 1.8144 -0.4028 0.6387, 1.8084 -0.4015 0.5906, 1.8144 -0.4028 0.5424, 1.8319 -0.4067 0.4973, 1.7767 -0.6039 0.4973, 1.7597 -0.5982 0.6387, 1.754 -0.5962 0.5906, 1.7597 -0.5982 0.5424, 1.6842 -0.7864 0.6387, 1.6786 -0.7838 0.5906, 1.6842 -0.7864 0.5424, 1.7004 -0.794 0.4973, 1.7586 0.8208 0.7717, 1.8136 0.6907 0.7717, 1.7788 0.8302 0.8279, 1.8344 0.6986 0.8279, 1.9201 0.2814 0.7717, 1.8945 0.4203 0.7717, 1.859 0.557 0.7717, 1.9354 -0.1413 0.7717, 1.9406 -0.0002 0.7717, 1.9354 0.141 0.7717, 1.859 -0.5573 0.7717, 1.8945 -0.4206 0.7717, 1.9201 -0.2817 0.7717, 1.8803 0.5634 0.8279, 1.9163 0.4251 0.8279, 1.9421 0.2846 0.8279, 1.9577 0.1426 0.8279, 1.9629 -0.0002 0.8279, 1.9577 -0.1429 0.8279, 1.9421 -0.2849 0.8279, 1.9163 -0.4254 0.8279, 1.8803 -0.5637 0.8279, 1.8344 -0.699 0.8279, 1.7788 -0.8305 0.8279, 1.8136 -0.691 0.7717, 1.7586 -0.8211 0.7717, 1.9704 -0.0002 2.9308, 1.9705 0.0031 2.9286, 1.9651 0.1448 3.0267, 1.8876 0.5655 3.3181, 1.796 0.811 3.4881, 1.7936 0.8162 3.4911, 1.7911 0.8217 3.4933, 1.7884 0.8275 3.4946, 1.7857 0.8334 3.4951, 1.9496 0.2857 3.1243, 1.9237 0.4267 3.222, 1.9704 -0.0002 5.2359, 1.9705 0.0028 5.2362, 1.9649 0.1483 5.1391, 1.9642 0.1572 5.1097, 1.9695 0.063 5.2243, 1.9684 0.0903 5.2097, 1.9702 0.0336 5.2332, 1.9672 0.1141 5.1901, 1.9659 0.1337 5.1663, 1.9639 0.1603 5.0788, 1.9639 0.1603 4.5669, 1.9642 0.1573 4.5362, 1.9648 0.1497 4.5102, 1.9655 0.1396 4.4889, 1.9663 0.1282 4.4716, 1.9678 0.1031 4.4456, 1.9653 -0.143 4.5073, 1.9646 -0.1517 4.5364, 1.9496 -0.286 3.1276, 1.9688 0.0807 4.4301, 1.97 0.0432 4.4147, 1.9705 0.0028 4.4095, 1.9705 -0.0002 4.4095, 1.9653 -0.1435 3.0295, 1.9696 -0.0595 4.4223, 1.9686 -0.0862 4.437, 1.9702 -0.0305 4.413, 1.9674 -0.1096 4.4566, 1.9663 -0.1287 4.4803, 1.9644 -0.1547 4.5669, 1.9644 -0.1547 5.0788, 1.9646 -0.1517 5.1091, 1.9652 -0.1444 5.1348, 1.9659 -0.1345 5.156, 1.9674 -0.11 5.1887, 1.9686 -0.0866 5.2084, 1.9693 -0.0667 5.2201, 1.9702 -0.0344 5.2318, 1.7857 -0.8338 3.495, 1.7886 -0.8275 3.4948, 1.7914 -0.8213 3.4936, 1.7941 -0.8154 3.4913, 1.9237 -0.4271 3.2247, 1.8876 -0.5659 3.3202, 1.7967 -0.8098 3.4881
            ]
        }
        coordIndex [
            0,1,2,-1,3,1,4,-1,4,1,5,-1,4,5,6,-1,6,5,7,-1,6,7,8,-1,8,7,9,-1,8,9,10,-1,10,9,11,-1,12,13,1,-1,12,1,14,-1,15,16,3,-1,15,3,17,-1,18,19,20,-1,18,20,21,-1,20,22,21,-1,21,22,23,-1,21,23,3,-1,3,23,24,-1,3,24,17,-1,16,25,3,-1,3,25,26,-1,3,26,1,-1,1,26,27,-1,1,27,14,-1,13,28,1,-1,1,28,29,-1,1,29,2,-1,30,31,32,-1,33,34,32,-1,32,34,35,-1,32,35,30,-1,36,37,38,-1,38,39,36,-1,36,39,40,-1,36,40,41,-1,41,42,36,-1,36,42,43,-1,36,43,44,-1,43,45,44,-1,44,45,46,-1,44,46,18,-1,18,46,47,-1,18,47,19,-1,0,2,48,-1,48,2,49,-1,48,49,50,-1,50,49,51,-1,50,51,52,-1,52,51,53,-1,52,53,32,-1,32,53,54,-1,32,54,33,-1,55,56,57,-1,57,56,58,-1,57,58,59,-1,59,58,60,-1,59,60,61,-1,61,60,62,-1,61,62,36,-1,36,62,32,-1,36,32,37,-1,37,32,31,-1,63,64,65,-1,65,64,66,-1,65,66,67,-1,67,66,68,-1,67,68,69,-1,69,68,70,-1,69,70,71,-1,71,70,72,-1,71,72,73,-1,73,72,74,-1,73,74,75,-1,75,74,76,-1,77,78,79,-1,80,81,82,-1,82,81,83,-1,82,83,84,-1,84,83,85,-1,84,85,86,-1,86,85,87,-1,86,87,88,-1,88,87,89,-1,88,89,90,-1,90,89,91,-1,90,91,92,-1,93,94,95,-1,95,94,96,-1,95,96,97,-1,97,96,98,-1,97,98,99,-1,99,98,100,-1,99,100,101,-1,101,100,102,-1,101,102,103,-1,103,102,104,-1,94,105,96,-1,96,105,106,-1,96,106,98,-1,98,106,107,-1,98,107,100,-1,100,107,108,-1,100,108,102,-1,102,108,109,-1,102,109,104,-1,104,109,110,-1,111,112,113,-1,113,112,114,-1,113,114,115,-1,115,114,116,-1,115,116,117,-1,117,116,118,-1,117,118,119,-1,119,118,120,-1,119,120,121,-1,121,120,79,-1,121,79,122,-1,122,79,78,-1,123,77,124,-1,124,77,79,-1,124,79,125,-1,125,79,120,-1,125,120,126,-1,126,120,118,-1,126,118,127,-1,127,118,116,-1,127,116,128,-1,128,116,114,-1,128,114,129,-1,129,114,112,-1,129,80,128,-1,128,80,82,-1,128,82,127,-1,127,82,84,-1,127,84,126,-1,126,84,86,-1,126,86,125,-1,125,86,88,-1,125,88,124,-1,124,88,90,-1,124,90,123,-1,123,90,92,-1,130,131,91,-1,91,131,132,-1,91,132,92,-1,133,134,110,-1,110,134,135,-1,110,135,104,-1,104,135,130,-1,104,130,103,-1,103,130,91,-1,103,91,101,-1,101,91,89,-1,101,89,99,-1,99,89,87,-1,99,87,97,-1,97,87,85,-1,97,85,95,-1,95,85,83,-1,95,83,93,-1,93,83,81,-1,136,133,137,-1,137,133,110,-1,137,110,138,-1,138,110,109,-1,138,109,139,-1,139,109,108,-1,139,108,140,-1,140,108,107,-1,140,107,141,-1,141,107,106,-1,141,106,142,-1,142,106,105,-1,142,143,141,-1,141,143,144,-1,141,144,140,-1,140,144,145,-1,140,145,139,-1,139,145,146,-1,139,146,138,-1,138,146,147,-1,138,147,137,-1,137,147,148,-1,137,148,136,-1,136,148,149,-1,70,68,94,-1,111,76,112,-1,112,76,74,-1,94,68,105,-1,105,68,66,-1,105,66,142,-1,142,66,64,-1,142,64,143,-1,94,93,70,-1,70,93,81,-1,70,81,72,-1,72,81,80,-1,72,80,74,-1,74,80,129,-1,74,129,112,-1,150,151,152,-1,152,151,153,-1,152,153,154,-1,154,153,155,-1,154,155,156,-1,156,155,157,-1,156,157,158,-1,158,157,159,-1,158,159,160,-1,160,159,161,-1,160,161,162,-1,162,161,163,-1,164,150,165,-1,165,150,152,-1,165,152,166,-1,166,152,154,-1,158,160,167,-1,167,160,168,-1,168,160,162,-1,168,162,169,-1,167,170,158,-1,158,170,171,-1,158,171,156,-1,156,171,172,-1,156,172,154,-1,154,172,173,-1,154,173,166,-1,169,174,175,-1,174,176,177,-1,176,178,179,-1,178,180,181,-1,180,182,183,-1,182,184,185,-1,182,185,183,-1,183,185,186,-1,183,186,187,-1,186,188,187,-1,187,188,189,-1,187,189,190,-1,190,189,191,-1,190,191,192,-1,192,191,193,-1,192,193,194,-1,195,196,197,-1,197,196,194,-1,197,194,198,-1,198,194,193,-1,199,200,195,-1,195,200,201,-1,195,201,196,-1,199,202,200,-1,200,202,203,-1,200,203,204,-1,180,183,181,-1,181,183,187,-1,181,187,205,-1,205,187,190,-1,205,190,206,-1,206,190,192,-1,206,192,207,-1,207,192,194,-1,207,194,208,-1,208,194,196,-1,208,196,209,-1,209,196,201,-1,209,201,210,-1,210,201,200,-1,210,200,211,-1,211,200,204,-1,211,204,212,-1,178,181,179,-1,179,181,205,-1,179,205,213,-1,213,205,206,-1,213,206,214,-1,214,206,207,-1,214,207,215,-1,215,207,208,-1,215,208,216,-1,216,208,209,-1,216,209,217,-1,217,209,210,-1,217,210,218,-1,218,210,211,-1,218,211,219,-1,219,211,212,-1,219,212,220,-1,176,179,177,-1,177,179,213,-1,177,213,221,-1,221,213,214,-1,221,214,222,-1,222,214,215,-1,222,215,223,-1,223,215,216,-1,223,216,224,-1,224,216,217,-1,224,217,225,-1,225,217,218,-1,225,218,226,-1,226,218,219,-1,226,219,227,-1,227,219,220,-1,227,220,228,-1,174,177,175,-1,175,177,221,-1,175,221,229,-1,229,221,222,-1,229,222,230,-1,230,222,223,-1,230,223,231,-1,231,223,224,-1,231,224,232,-1,232,224,225,-1,232,225,233,-1,233,225,226,-1,233,226,234,-1,234,226,227,-1,234,227,235,-1,235,227,228,-1,235,228,236,-1,169,175,168,-1,168,175,229,-1,168,229,167,-1,167,229,230,-1,167,230,170,-1,170,230,231,-1,170,231,171,-1,171,231,232,-1,171,232,172,-1,172,232,233,-1,172,233,173,-1,173,233,234,-1,173,234,166,-1,166,234,235,-1,166,235,165,-1,165,235,236,-1,165,236,164,-1,237,203,238,-1,238,203,202,-1,238,202,239,-1,239,202,199,-1,239,199,240,-1,240,199,195,-1,240,195,241,-1,241,195,197,-1,241,197,242,-1,242,197,198,-1,242,198,243,-1,243,198,193,-1,243,193,244,-1,244,193,191,-1,244,191,245,-1,245,191,189,-1,245,189,246,-1,246,189,188,-1,246,188,247,-1,247,188,186,-1,247,186,248,-1,248,186,185,-1,248,185,249,-1,249,185,184,-1,249,250,251,-1,250,252,253,-1,252,254,255,-1,252,255,253,-1,253,255,256,-1,253,256,257,-1,256,258,257,-1,257,258,259,-1,257,259,260,-1,260,259,261,-1,260,261,262,-1,262,261,263,-1,262,263,264,-1,263,265,264,-1,264,265,266,-1,264,266,267,-1,267,266,268,-1,267,268,269,-1,269,268,270,-1,269,270,271,-1,270,272,271,-1,271,272,273,-1,271,273,274,-1,274,273,275,-1,274,275,276,-1,276,275,277,-1,276,277,278,-1,277,279,278,-1,278,279,280,-1,278,280,281,-1,250,253,251,-1,251,253,257,-1,251,257,282,-1,282,257,260,-1,282,260,283,-1,283,260,262,-1,283,262,284,-1,284,262,264,-1,284,264,285,-1,285,264,267,-1,285,267,286,-1,286,267,269,-1,286,269,287,-1,287,269,271,-1,287,271,288,-1,288,271,274,-1,288,274,289,-1,289,274,276,-1,289,276,290,-1,290,276,278,-1,290,278,291,-1,291,278,281,-1,291,281,292,-1,249,251,248,-1,248,251,282,-1,248,282,247,-1,247,282,283,-1,247,283,246,-1,246,283,284,-1,246,284,245,-1,245,284,285,-1,245,285,244,-1,244,285,286,-1,244,286,243,-1,243,286,287,-1,243,287,242,-1,242,287,288,-1,242,288,241,-1,241,288,289,-1,241,289,240,-1,240,289,290,-1,240,290,239,-1,239,290,291,-1,239,291,238,-1,238,291,292,-1,238,292,237,-1,293,294,295,-1,296,297,298,-1,299,300,301,-1,302,303,304,-1,305,306,307,-1,307,306,308,-1,307,308,302,-1,303,309,310,-1,310,309,311,-1,310,311,299,-1,300,312,313,-1,313,312,314,-1,313,314,296,-1,297,315,316,-1,316,315,317,-1,316,317,293,-1,258,256,318,-1,318,256,255,-1,305,307,319,-1,319,307,320,-1,319,320,321,-1,321,320,322,-1,321,322,323,-1,323,322,324,-1,323,324,325,-1,325,324,318,-1,325,318,326,-1,326,318,255,-1,326,255,254,-1,302,304,307,-1,307,304,327,-1,307,327,320,-1,320,327,328,-1,320,328,322,-1,322,328,329,-1,322,329,324,-1,324,329,330,-1,324,330,318,-1,318,330,259,-1,318,259,258,-1,265,263,331,-1,331,263,261,-1,303,310,304,-1,304,310,332,-1,304,332,327,-1,327,332,333,-1,327,333,328,-1,328,333,334,-1,328,334,329,-1,329,334,331,-1,329,331,330,-1,330,331,261,-1,330,261,259,-1,299,301,310,-1,310,301,335,-1,310,335,332,-1,332,335,336,-1,332,336,333,-1,333,336,337,-1,333,337,334,-1,334,337,338,-1,334,338,331,-1,331,338,266,-1,331,266,265,-1,272,270,339,-1,339,270,268,-1,300,313,301,-1,301,313,340,-1,301,340,335,-1,335,340,341,-1,335,341,336,-1,336,341,342,-1,336,342,337,-1,337,342,339,-1,337,339,338,-1,338,339,268,-1,338,268,266,-1,296,298,313,-1,313,298,343,-1,313,343,340,-1,340,343,344,-1,340,344,341,-1,341,344,345,-1,341,345,342,-1,342,345,346,-1,342,346,339,-1,339,346,273,-1,339,273,272,-1,279,277,347,-1,347,277,275,-1,297,316,298,-1,298,316,348,-1,298,348,343,-1,343,348,349,-1,343,349,344,-1,344,349,350,-1,344,350,345,-1,345,350,347,-1,345,347,346,-1,346,347,275,-1,346,275,273,-1,293,295,316,-1,316,295,351,-1,316,351,348,-1,348,351,352,-1,348,352,349,-1,349,352,353,-1,349,353,350,-1,350,353,354,-1,350,354,347,-1,347,354,280,-1,347,280,279,-1,305,355,356,-1,355,357,358,-1,357,55,57,-1,302,308,356,-1,356,308,306,-1,356,306,305,-1,359,303,360,-1,360,303,302,-1,360,302,361,-1,361,302,356,-1,299,311,359,-1,359,311,309,-1,359,309,303,-1,362,300,363,-1,363,300,299,-1,363,299,364,-1,364,299,359,-1,296,314,362,-1,362,314,312,-1,362,312,300,-1,365,297,366,-1,366,297,296,-1,366,296,367,-1,367,296,362,-1,357,57,358,-1,358,57,59,-1,358,59,368,-1,368,59,61,-1,368,61,369,-1,369,61,36,-1,369,36,370,-1,370,36,44,-1,370,44,371,-1,371,44,18,-1,371,18,372,-1,372,18,21,-1,372,21,373,-1,373,21,3,-1,373,3,374,-1,374,3,4,-1,374,4,375,-1,375,4,6,-1,375,6,376,-1,355,358,356,-1,356,358,368,-1,356,368,361,-1,361,368,369,-1,361,369,360,-1,360,369,370,-1,360,370,359,-1,359,370,371,-1,359,371,364,-1,364,371,372,-1,364,372,363,-1,363,372,373,-1,363,373,362,-1,362,373,374,-1,362,374,367,-1,367,374,375,-1,367,375,366,-1,366,375,376,-1,366,376,365,-1,293,317,365,-1,365,317,315,-1,365,315,297,-1,8,10,377,-1,377,10,378,-1,377,378,379,-1,379,378,380,-1,6,8,376,-1,376,8,377,-1,376,377,365,-1,365,377,379,-1,365,379,293,-1,293,379,380,-1,293,380,294,-1,381,382,383,-1,384,385,77,-1,77,385,386,-1,77,386,78,-1,78,386,387,-1,78,387,122,-1,122,387,388,-1,122,388,389,-1,92,390,391,-1,384,77,391,-1,391,77,123,-1,391,123,92,-1,392,393,132,-1,394,395,92,-1,396,397,92,-1,132,393,92,-1,92,393,398,-1,92,398,396,-1,397,399,92,-1,92,399,400,-1,92,400,394,-1,395,401,92,-1,92,401,402,-1,92,402,390,-1,390,402,403,-1,390,403,404,-1,404,405,390,-1,390,405,406,-1,390,406,407,-1,408,409,410,-1,407,411,390,-1,390,411,412,-1,390,412,383,-1,383,412,413,-1,383,413,381,-1,381,413,414,-1,381,414,415,-1,416,417,410,-1,415,414,410,-1,410,414,418,-1,410,418,416,-1,417,419,410,-1,410,419,420,-1,410,420,408,-1,421,422,135,-1,135,422,423,-1,135,423,424,-1,424,425,135,-1,135,425,426,-1,135,426,427,-1,427,428,135,-1,135,428,429,-1,135,429,130,-1,130,429,392,-1,130,392,131,-1,131,392,132,-1,149,430,136,-1,136,430,431,-1,136,431,133,-1,133,431,432,-1,133,432,433,-1,409,421,410,-1,410,421,135,-1,410,135,434,-1,434,135,134,-1,434,134,435,-1,435,134,133,-1,435,133,436,-1,436,133,433,-1,
        ]
    }
}
Shape{
    appearance Appearance {
        material  Material 	{
            diffuseColor 1.0 1.0 1.0
            specularColor 0.8784313725490196 0.8784313725490196 0.8784313725490196
            ambientIntensity 1.0
            transparency 0.0
            shininess 0.5
        }
    }
    geometry IndexedFaceSet {
        ccw TRUE
        solid FALSE
        coord DEF co Coordinate {
            point [
                1.461 -0.6823 0.0, 1.4574 -0.6807 0.0, 1.461 -0.6823 -0.0394, 1.4574 -0.6807 -0.0433, 1.568 -0.7323 -0.0394, 1.568 -0.7323 -0.0433, 1.6234 -0.7581 -0.0313, 1.6243 -0.7585 -0.0351, 1.6751 -0.7822 -0.0077, 1.6768 -0.783 -0.0111, 1.7194 -0.8029 0.0298, 1.7219 -0.804 0.027, 1.7534 -0.8187 0.0787, 1.7565 -0.8202 0.0768, 1.7748 -0.8287 0.1357, 1.7783 -0.8303 0.1347, 1.7821 -0.8321 0.1969, 1.7857 -0.8338 0.1969, 1.7821 -0.8321 0.2933, 1.7857 -0.8338 0.2933, 1.7753 -0.8289 0.3523, 1.7788 -0.8305 0.3532, 1.7554 -0.8197 0.4075, 1.7586 -0.8211 0.4094, 1.7237 -0.8049 0.4554, 1.7263 -0.8061 0.4581, 1.6973 -0.7925 0.4954, 1.7004 -0.794 0.4973, 1.6807 -0.7848 0.5414, 1.6842 -0.7864 0.5424, 1.6751 -0.7822 0.5906, 1.6786 -0.7838 0.5906, 1.6807 -0.7848 0.6397, 1.6842 -0.7864 0.6387, 1.6973 -0.7925 0.6857, 1.7004 -0.794 0.6838, 1.7237 -0.8049 0.7257, 1.7263 -0.8061 0.723, 1.7554 -0.8197 0.7737, 1.7586 -0.8211 0.7717, 1.7753 -0.8289 0.8289, 1.7788 -0.8305 0.8279, 1.7821 -0.8321 0.8878, 1.4574 -0.6807 6.2205, 1.461 -0.6823 6.2205, 1.4574 -0.6807 6.2638, 1.461 -0.6823 6.2598, 1.568 -0.7323 6.2638, 1.568 -0.7323 6.2598, 1.6243 -0.7585 6.2556, 1.6234 -0.7581 6.2518, 1.6768 -0.783 6.2316, 1.6751 -0.7822 6.2282, 1.7219 -0.804 6.1934, 1.7194 -0.8029 6.1907, 1.7565 -0.8202 6.1437, 1.7534 -0.8187 6.1417, 1.7783 -0.8303 6.0858, 1.7748 -0.8287 6.0848, 1.7857 -0.8338 6.0236, 1.7821 -0.8321 6.0236, 1.7857 -0.8338 3.495, 1.7821 -0.8321 3.4557, 1.7857 -0.8338 3.4091, 1.7857 -0.8338 0.8878, 1.461 0.682 6.2205, 1.4574 0.6804 6.2205, 1.461 0.682 6.2598, 1.4574 0.6804 6.2638, 1.568 0.7319 6.2598, 1.568 0.7319 6.2638, 1.6234 0.7578 6.2518, 1.6243 0.7582 6.2556, 1.6751 0.7818 6.2282, 1.6768 0.7827 6.2316, 1.7194 0.8025 6.1907, 1.7219 0.8037 6.1934, 1.7534 0.8184 6.1417, 1.7565 0.8198 6.1437, 1.7748 0.8284 6.0848, 1.7783 0.83 6.0858, 1.7821 0.8318 6.0236, 1.7857 0.8334 6.0236, 1.7857 0.8334 3.4951, 1.7821 0.8318 3.4557, 1.7857 0.8334 3.4078, 1.7821 0.8318 0.8878, 1.7857 0.8334 0.8878, 1.7753 0.8286 0.8289, 1.7788 0.8302 0.8279, 1.7554 0.8193 0.7737, 1.7586 0.8208 0.7717, 1.7237 0.8045 0.7257, 1.7263 0.8057 0.723, 1.6973 0.7922 0.6857, 1.7004 0.7937 0.6838, 1.6807 0.7845 0.6397, 1.6842 0.7861 0.6387, 1.6751 0.7818 0.5906, 1.6786 0.7835 0.5906, 1.6807 0.7845 0.5414, 1.6842 0.7861 0.5424, 1.6973 0.7922 0.4954, 1.7004 0.7937 0.4973, 1.7237 0.8045 0.4554, 1.7263 0.8057 0.4581, 1.7554 0.8193 0.4075, 1.7586 0.8208 0.4094, 1.7753 0.8286 0.3523, 1.7788 0.8302 0.3532, 1.7821 0.8318 0.2933, 1.7857 0.8334 0.2933, 1.7821 0.8318 0.1969, 1.7857 0.8334 0.1969, 1.7748 0.8284 0.1357, 1.7783 0.83 0.1347, 1.7534 0.8184 0.0787, 1.7565 0.8198 0.0768, 1.7194 0.8025 0.0298, 1.7219 0.8037 0.027, 1.6751 0.7818 -0.0077, 1.6768 0.7827 -0.0111, 1.6234 0.7578 -0.0313, 1.6243 0.7582 -0.0351, 1.568 0.7319 -0.0394, 1.568 0.7319 -0.0433, 1.461 0.682 -0.0394, 1.4574 0.6804 -0.0433, 1.461 0.682 0.0, 1.4574 0.6804 0.0
            ]
        }
        coordIndex [
            0,1,2,-1,2,1,3,-1,2,3,4,-1,4,3,5,-1,4,5,6,-1,6,5,7,-1,6,7,8,-1,8,7,9,-1,8,9,10,-1,10,9,11,-1,10,11,12,-1,12,11,13,-1,12,13,14,-1,14,13,15,-1,14,15,16,-1,16,15,17,-1,16,17,18,-1,18,17,19,-1,18,19,20,-1,20,19,21,-1,20,21,22,-1,22,21,23,-1,22,23,24,-1,24,23,25,-1,24,25,26,-1,26,25,27,-1,26,27,28,-1,28,27,29,-1,28,29,30,-1,30,29,31,-1,30,31,32,-1,32,31,33,-1,32,33,34,-1,34,33,35,-1,34,35,36,-1,36,35,37,-1,36,37,38,-1,38,37,39,-1,38,39,40,-1,40,39,41,-1,40,41,42,-1,43,44,45,-1,45,44,46,-1,45,46,47,-1,47,46,48,-1,47,48,49,-1,49,48,50,-1,49,50,51,-1,51,50,52,-1,51,52,53,-1,53,52,54,-1,53,54,55,-1,55,54,56,-1,55,56,57,-1,57,56,58,-1,57,58,59,-1,59,58,60,-1,59,60,61,-1,61,60,62,-1,61,62,63,-1,63,62,42,-1,63,42,64,-1,64,42,41,-1,65,66,67,-1,67,66,68,-1,67,68,69,-1,69,68,70,-1,69,70,71,-1,71,70,72,-1,71,72,73,-1,73,72,74,-1,73,74,75,-1,75,74,76,-1,75,76,77,-1,77,76,78,-1,77,78,79,-1,79,78,80,-1,79,80,81,-1,80,82,81,-1,81,82,83,-1,81,83,84,-1,84,83,85,-1,84,85,86,-1,86,85,87,-1,86,87,88,-1,88,87,89,-1,88,89,90,-1,90,89,91,-1,90,91,92,-1,92,91,93,-1,92,93,94,-1,94,93,95,-1,94,95,96,-1,96,95,97,-1,96,97,98,-1,98,97,99,-1,98,99,100,-1,100,99,101,-1,100,101,102,-1,102,101,103,-1,102,103,104,-1,104,103,105,-1,104,105,106,-1,106,105,107,-1,106,107,108,-1,108,107,109,-1,108,109,110,-1,110,109,111,-1,110,111,112,-1,112,111,113,-1,112,113,114,-1,114,113,115,-1,114,115,116,-1,116,115,117,-1,116,117,118,-1,118,117,119,-1,118,119,120,-1,120,119,121,-1,120,121,122,-1,122,121,123,-1,122,123,124,-1,124,123,125,-1,124,125,126,-1,126,125,127,-1,126,127,128,-1,128,127,129,-1,
        ]
    }
}
Shape{
    appearance Appearance {
        material  Material 	{
            diffuseColor 0.0 0.0 0.0
            specularColor 0.0 0.0 0.0
            ambientIntensity 0.0
            transparency 0.0
            shininess 0.5
        }
    }
    geometry IndexedFaceSet {
        ccw TRUE
        solid FALSE
        coord DEF co Coordinate {
            point [
                0.8221 -1.3881 6.2205, 0.712 -1.4479 6.2598, 0.9454 -1.3071 6.2598, 1.461 -0.6823 6.2598, 1.461 -0.6823 6.2205, 1.3253 -0.9188 6.2598, 1.3253 -0.9188 6.2205, 1.1518 -1.129 6.2598, 1.1518 -1.129 6.2205, 0.9454 -1.3071 6.2205, 0.788 -1.4078 6.2205, 0.712 -1.4479 6.2205, 0.4582 -1.5474 6.2598, 0.4582 -1.5474 6.2205, 0.1913 -1.6027 6.2598, 0.1913 -1.6027 6.2205, -0.0812 -1.6124 6.2598, -0.0812 -1.6124 6.2205, -0.3513 -1.5761 6.2598, -0.3513 -1.5761 6.2205, -0.6115 -1.4948 6.2598, -0.6115 -1.4948 6.2205, -0.8544 -1.3709 6.2598, -0.8544 -1.3709 6.2205, -1.0729 -1.2079 6.2598, -1.0729 -1.2079 6.2205, -1.2608 -1.0105 6.2598, -1.2608 -1.0105 6.2205, -1.4129 -0.7843 6.2598, -1.4129 -0.7843 6.2205, -1.5247 -0.5357 6.2598, -1.5247 -0.5357 6.2205, -1.5931 -0.2718 6.2598, -1.5931 -0.2718 6.2205, -1.616 -0.0198 6.2205, -1.6161 -0.0002 6.2598, -1.6161 -0.0002 6.2205, -1.616 0.0195 6.2205, -1.5931 0.2715 6.2598, -1.5931 0.2715 6.2205, -1.5247 0.5353 6.2598, -1.5247 0.5353 6.2205, -1.4129 0.7839 6.2598, -1.4129 0.7839 6.2205, -1.2608 1.0102 6.2598, -1.2608 1.0102 6.2205, -1.0729 1.2076 6.2598, -1.0729 1.2076 6.2205, -0.8544 1.3706 6.2598, -0.8544 1.3706 6.2205, -0.6115 1.4945 6.2598, -0.6115 1.4945 6.2205, -0.3513 1.5757 6.2598, -0.3513 1.5757 6.2205, -0.0812 1.6121 6.2598, -0.0812 1.6121 6.2205, 0.1913 1.6024 6.2598, 0.1913 1.6024 6.2205, 0.4582 1.547 6.2598, 0.4582 1.547 6.2205, 0.712 1.4475 6.2598, 0.712 1.4475 6.2205, 0.788 1.4075 6.2205, 0.8221 1.3878 6.2205, 0.9454 1.3068 6.2598, 0.9454 1.3068 6.2205, 1.1518 1.1287 6.2598, 1.1518 1.1287 6.2205, 1.3253 0.9185 6.2598, 1.3253 0.9185 6.2205, 1.461 0.682 6.2598, 1.461 0.682 6.2205
            ]
        }
        coordIndex [
            0,1,2,-1,3,4,5,-1,5,4,6,-1,5,6,7,-1,7,6,8,-1,7,8,2,-1,2,8,9,-1,2,9,0,-1,0,10,1,-1,1,10,11,-1,1,11,12,-1,12,11,13,-1,12,13,14,-1,14,13,15,-1,14,15,16,-1,16,15,17,-1,16,17,18,-1,18,17,19,-1,18,19,20,-1,20,19,21,-1,20,21,22,-1,22,21,23,-1,22,23,24,-1,24,23,25,-1,24,25,26,-1,26,25,27,-1,26,27,28,-1,28,27,29,-1,28,29,30,-1,30,29,31,-1,30,31,32,-1,31,33,32,-1,32,33,34,-1,32,34,35,-1,34,36,35,-1,35,36,37,-1,35,37,38,-1,38,37,39,-1,38,39,40,-1,40,39,41,-1,40,41,42,-1,42,41,43,-1,42,43,44,-1,44,43,45,-1,44,45,46,-1,46,45,47,-1,46,47,48,-1,48,47,49,-1,48,49,50,-1,50,49,51,-1,50,51,52,-1,52,51,53,-1,52,53,54,-1,54,53,55,-1,54,55,56,-1,56,55,57,-1,56,57,58,-1,58,57,59,-1,58,59,60,-1,60,59,61,-1,61,62,60,-1,60,62,63,-1,60,63,64,-1,64,63,65,-1,64,65,66,-1,66,65,67,-1,66,67,68,-1,68,67,69,-1,68,69,70,-1,70,69,71,-1,
        ]
    }
}
Shape{
    appearance Appearance {
        material  Material 	{
            diffuseColor 1.0 1.0 1.0
            specularColor 0.8784313725490196 0.8784313725490196 0.8784313725490196
            ambientIntensity 1.0
            transparency 0.0
            shininess 0.5
        }
    }
    geometry IndexedFaceSet {
        ccw TRUE
        solid FALSE
        coord DEF co Coordinate {
            point [
                -0.0133 -0.0198 6.2205, -1.616 -0.0198 6.2205, -1.5931 -0.2718 6.2205, 0.1913 -1.6027 6.2205, 0.4582 -1.5474 6.2205, 0.712 -1.4479 6.2205, 0.788 -1.4078 6.2205, -1.5247 -0.5357 6.2205, -1.4129 -0.7843 6.2205, -1.2608 -1.0105 6.2205, -1.0729 -1.2079 6.2205, -0.8544 -1.3709 6.2205, -0.6115 -1.4948 6.2205, -0.3513 -1.5761 6.2205, -0.0812 -1.6124 6.2205
            ]
        }
        coordIndex [
            0,1,2,-1,3,4,0,-1,0,4,5,-1,0,5,6,-1,2,7,0,-1,0,7,8,-1,0,8,9,-1,9,10,0,-1,0,10,11,-1,0,11,12,-1,12,13,0,-1,0,13,14,-1,0,14,3,-1,
        ]
    }
}
Shape{
    appearance Appearance {
        material  Material 	{
            diffuseColor 0.0 0.0 0.0
            specularColor 0.0 0.0 0.0
            ambientIntensity 0.0
            transparency 0.0
            shininess 0.5
        }
    }
    geometry IndexedFaceSet {
        ccw TRUE
        solid FALSE
        coord DEF co Coordinate {
            point [
                1.461 -0.6823 0.0, 1.461 -0.6823 -0.0394, 1.3253 -0.9188 0.0, 1.3253 -0.9188 -0.0394, 1.1518 -1.129 0.0, 1.1518 -1.129 -0.0394, 0.9454 -1.3071 0.0, 0.9454 -1.3071 -0.0394, 0.712 -1.4479 0.0, 0.712 -1.4479 -0.0394, 0.4582 -1.5474 0.0, 0.4582 -1.5474 -0.0394, 0.1913 -1.6027 0.0, 0.1913 -1.6027 -0.0394, -0.0812 -1.6124 0.0, -0.0812 -1.6124 -0.0394, -0.3513 -1.5761 0.0, -0.3513 -1.5761 -0.0394, -0.6115 -1.4948 0.0, -0.6115 -1.4948 -0.0394, -0.8544 -1.3709 0.0, -0.8544 -1.3709 -0.0394, -1.0729 -1.2079 0.0, -1.0729 -1.2079 -0.0394, -1.2608 -1.0105 0.0, -1.2608 -1.0105 -0.0394, -1.4129 -0.7843 0.0, -1.4129 -0.7843 -0.0394, -1.5247 -0.5357 0.0, -1.5247 -0.5357 -0.0394, -1.5931 -0.2718 0.0, -1.5931 -0.2718 -0.0394, -1.6161 -0.0002 0.0, -1.6161 -0.0002 -0.0394, -1.5931 0.2715 0.0, -1.5931 0.2715 -0.0394, -1.5247 0.5353 0.0, -1.5247 0.5353 -0.0394, -1.4129 0.7839 0.0, -1.4129 0.7839 -0.0394, -1.2608 1.0102 0.0, -1.2608 1.0102 -0.0394, -1.0729 1.2076 0.0, -1.0729 1.2076 -0.0394, -0.8544 1.3706 0.0, -0.8544 1.3706 -0.0394, -0.6115 1.4945 0.0, -0.6115 1.4945 -0.0394, -0.3513 1.5757 0.0, -0.3513 1.5757 -0.0394, -0.0812 1.6121 0.0, -0.0812 1.6121 -0.0394, 0.1913 1.6024 0.0, 0.1913 1.6024 -0.0394, 0.4582 1.547 0.0, 0.4582 1.547 -0.0394, 0.712 1.4475 0.0, 0.712 1.4475 -0.0394, 0.9454 1.3068 0.0, 0.9454 1.3068 -0.0394, 1.1518 1.1287 0.0, 1.1518 1.1287 -0.0394, 1.3253 0.9185 0.0, 1.3253 0.9185 -0.0394, 1.461 0.682 0.0, 1.461 0.682 -0.0394, 1.568 0.7319 -0.0394, 1.4798 0.8972 -0.0394, 1.568 -0.7323 -0.0394, 0.8059 1.5322 -0.0394, -1.7241 -0.1873 -0.0394, -1.7343 -0.0002 -0.0394, -1.5745 -0.7268 -0.0394, -1.6438 -0.5527 -0.0394, -1.6938 -0.3721 -0.0394, 0.9667 1.436 -0.0394, 1.1161 1.3229 -0.0394, 1.2525 1.1945 -0.0394, 1.3742 1.052 -0.0394, -1.3818 -1.0475 -0.0394, -1.4868 -0.8924 -0.0394, 0.6357 -1.6108 -0.0394, 0.4581 -1.6703 -0.0394, 0.9667 -1.4363 -0.0394, 0.8059 -1.5325 -0.0394, 0.275 1.7098 -0.0394, 0.4581 1.6699 -0.0394, 0.6357 1.6105 -0.0394, -0.2849 1.7089 -0.0394, -0.0987 1.7294 -0.0394, 0.0887 1.7297 -0.0394, 0.275 -1.7102 -0.0394, 0.0887 -1.7301 -0.0394, -0.0987 -1.7297 -0.0394, 1.4798 -0.8975 -0.0394, 1.3742 -1.0523 -0.0394, 1.2525 -1.1948 -0.0394, 1.1161 -1.3233 -0.0394, -1.2606 1.1901 -0.0394, -1.1247 1.319 -0.0394, -1.4868 0.892 -0.0394, -1.3818 1.0472 -0.0394, -0.9757 -1.4329 -0.0394, -1.1247 -1.3194 -0.0394, -1.2606 -1.1904 -0.0394, -0.9757 1.4326 -0.0394, -0.8152 1.5294 -0.0394, -0.6453 1.6082 -0.0394, -0.4678 1.6683 -0.0394, -1.7241 0.1869 -0.0394, -1.6938 0.3718 -0.0394, -1.6438 0.5524 -0.0394, -1.5745 0.7264 -0.0394, -0.2849 -1.7092 -0.0394, -0.4678 -1.6686 -0.0394, -0.6453 -1.6086 -0.0394, -0.8152 -1.5297 -0.0394, 1.6352 -1.0883 0.1969, 1.5618 -1.1958 0.1969, 1.5554 -1.1909 0.1357, 1.2403 -1.5251 0.1969, 1.0988 -1.6321 0.1969, 1.0943 -1.6255 0.1357, 0.7334 -1.8255 0.1969, 0.7227 -1.8304 0.1969, 0.7197 -1.823 0.1357, 0.4515 -1.9131 0.1969, 0.3128 -1.9433 0.1969, 0.3115 -1.9354 0.1357, -0.1354 -1.963 0.1969, -0.3235 -1.9422 0.1969, -0.3222 -1.9343 0.1357, -0.7106 -1.8355 0.1969, -0.733 -1.8279 0.1969, -0.73 -1.8204 0.1357, -0.9767 -1.7077 0.1969, -1.1084 -1.6283 0.1969, -1.1039 -1.6216 0.1357, -1.4399 -1.3437 0.1969, -1.5699 -1.1903 0.1969, -1.5635 -1.1855 0.1357, -1.623 -1.112 0.1969, -1.6893 -1.014 0.1969, -1.6824 -1.0099 0.1357, -1.7723 -0.8572 0.1969, -1.7889 -0.8259 0.1969, -1.7816 -0.8225 0.1357, -1.8803 -0.5825 0.1969, -1.9246 -0.4229 0.1969, -1.9167 -0.4211 0.1357, -1.9456 0.2941 0.1969, -1.9246 0.4225 0.1969, -1.9167 0.4208 0.1357, -1.7723 0.8569 0.1969, -1.6893 1.0137 0.1969, -1.6824 1.0095 0.1357, -1.4399 1.3434 0.1969, -1.4322 1.3524 0.1969, -1.4264 1.3468 0.1357, -1.2214 1.5419 0.1969, -1.1084 1.6279 0.1969, -1.1039 1.6213 0.1357, -0.7106 1.8351 0.1969, -0.5313 1.8958 0.1969, -0.5292 1.8881 0.1357, -0.1354 1.9627 0.1969, -0.1119 1.9653 0.1969, -0.1114 1.9572 0.1357, 0.1598 1.9594 0.1969, 0.3128 1.943 0.1969, 0.3115 1.9351 0.1357, 0.7334 1.8252 0.1969, 0.9161 1.7411 0.1969, 0.9124 1.734 0.1357, 0.9973 1.6925 0.1969, 1.0988 1.6318 0.1969, 1.0943 1.6251 0.1357, 1.2403 1.5248 0.1969, 1.2686 1.5034 0.1969, 1.2634 1.4972 0.1357, 1.4543 1.3214 0.1969, 1.5618 1.1955 0.1969, 1.5554 1.1906 0.1357, 1.5321 0.9289 -0.0313, 1.4228 1.0891 -0.0313, 1.5808 0.9584 -0.0077, 1.468 1.1237 -0.0077, 1.6226 0.9837 0.0298, 1.5069 1.1534 0.0298, 1.6547 1.0032 0.0787, 1.5367 1.1762 0.0787, 1.6749 1.0154 0.1357, 0.4743 1.7289 -0.0313, 0.2848 1.7702 -0.0313, 0.4894 1.7838 -0.0077, 0.2939 1.8264 -0.0077, 0.5024 1.831 0.0298, 0.3017 1.8747 0.0298, 0.5124 1.8671 0.0787, 0.3077 1.9118 0.0787, 0.5186 1.8899 0.1357, -0.2949 1.7692 -0.0313, -0.4843 1.7272 -0.0313, -0.3042 1.8254 -0.0077, -0.4996 1.7821 -0.0077, -0.3122 1.8736 0.0298, -0.5127 1.8292 0.0298, -0.3183 1.9107 0.0787, -0.5228 1.8653 0.0787, -0.3222 1.934 0.1357, -0.8439 1.5833 -0.0313, -1.01 1.4831 -0.0313, -0.8707 1.6336 -0.0077, -1.042 1.5303 -0.0077, -0.8936 1.6768 0.0298, -1.0695 1.5707 0.0298, -0.9113 1.71 0.0787, -1.0906 1.6018 0.0787, -0.9223 1.7308 0.1357, -1.4305 1.0841 -0.0313, -1.5392 0.9235 -0.0313, -1.4759 1.1186 -0.0077, -1.5881 0.9529 -0.0077, -1.5148 1.1482 0.0298, -1.63 0.9781 0.0298, -1.5447 1.1709 0.0787, -1.6622 0.9974 0.0787, -1.5635 1.1851 0.1357, -1.7017 0.5719 -0.0313, -1.7536 0.3849 -0.0313, -1.7557 0.59 -0.0077, -1.8092 0.3972 -0.0077, -1.8021 0.6056 0.0298, -1.857 0.4077 0.0298, -1.8377 0.6176 0.0787, -1.8936 0.4157 0.0787, -1.86 0.6251 0.1357, -1.7849 -0.1939 -0.0313, -1.7536 -0.3853 -0.0313, -1.8415 -0.2 -0.0077, -1.8092 -0.3975 -0.0077, -1.8902 -0.2053 0.0298, -1.857 -0.408 0.0298, -1.9275 -0.2093 0.0787, -1.8936 -0.4161 0.0787, -1.951 -0.2119 0.1357, -1.1643 -1.3659 -0.0313, -1.01 -1.4835 -0.0313, -1.2012 -1.4093 -0.0077, -1.042 -1.5306 -0.0077, -1.233 -1.4466 0.0298, -1.0695 -1.5711 0.0298, -1.2573 -1.4752 0.0787, -1.0906 -1.6021 0.0787, -1.2726 -1.4931 0.1357, -0.4843 -1.7275 -0.0313, -0.2949 -1.7695 -0.0313, -0.4996 -1.7824 -0.0077, -0.3042 -1.8257 -0.0077, -0.5127 -1.8295 0.0298, -0.3122 -1.874 0.0298, -0.5228 -1.8657 0.0787, -0.3183 -1.911 0.0787, -0.5292 -1.8884 0.1357, 0.0919 -1.7911 -0.0313, 0.2848 -1.7705 -0.0313, 0.0949 -1.848 -0.0077, 0.2939 -1.8268 -0.0077, 0.0974 -1.8969 0.0298, 0.3017 -1.875 0.0298, 0.0994 -1.9344 0.0787, 0.3077 -1.9121 0.0787, 0.1006 -1.9579 0.1357, 0.8345 -1.5866 -0.0313, 1.0009 -1.487 -0.0313, 0.861 -1.637 -0.0077, 1.0328 -1.5342 -0.0077, 0.8838 -1.6803 0.0298, 1.0601 -1.5748 0.0298, 0.9014 -1.7135 0.0787, 1.0811 -1.6059 0.0787, 0.9124 -1.7343 0.1357, 1.2968 -1.2369 -0.0313, 1.4228 -1.0894 -0.0313, 1.338 -1.2762 -0.0077, 1.468 -1.124 -0.0077, 1.3735 -1.31 0.0298, 1.5069 -1.1538 0.0298, 1.4006 -1.3359 0.0787, 1.5367 -1.1766 0.0787, 1.4177 -1.3521 0.1357, 1.6234 0.7578 -0.0313, 1.6751 0.7818 -0.0077, 1.7194 0.8025 0.0298, 1.7534 0.8184 0.0787, 1.7748 0.8284 0.1357, 1.7821 0.8318 0.1969, 1.6818 1.0196 0.1969, 1.6352 1.088 0.1969, 1.4236 1.3574 0.1969, 1.4177 1.3518 0.1357, 1.4006 1.3355 0.0787, 1.3735 1.3096 0.0298, 1.338 1.2759 -0.0077, 1.2968 1.2366 -0.0313, 1.1556 1.3696 -0.0313, 1.1924 1.4132 -0.0077, 1.224 1.4505 0.0298, 1.2482 1.4792 0.0787, 1.0811 1.6056 0.0787, 1.0601 1.5744 0.0298, 1.0328 1.5339 -0.0077, 1.0009 1.4866 -0.0313, 0.9014 1.7131 0.0787, 0.8838 1.6799 0.0298, 0.861 1.6367 -0.0077, 0.8345 1.5863 -0.0313, 0.7227 1.8301 0.1969, 0.7197 1.8226 0.1357, 0.711 1.8007 0.0787, 0.6972 1.7658 0.0298, 0.6792 1.7203 -0.0077, 0.6582 1.6673 -0.0313, 0.5208 1.8977 0.1969, 0.4515 1.9128 0.1969, 0.1011 1.9656 0.1969, 0.1006 1.9576 0.1357, 0.0994 1.934 0.0787, 0.0974 1.8965 0.0298, 0.0949 1.8477 -0.0077, 0.0919 1.7908 -0.0313, -0.1021 1.7905 -0.0313, -0.1053 1.8473 -0.0077, -0.108 1.8962 0.0298, -0.1101 1.9337 0.0787, -0.3235 1.9419 0.1969, -0.4274 1.9189 0.1969, -0.733 1.8276 0.1969, -0.73 1.8201 0.1357, -0.7213 1.7982 0.0787, -0.7073 1.7633 0.0298, -0.6891 1.7179 -0.0077, -0.668 1.665 -0.0313, -0.9261 1.7379 0.1969, -0.9767 1.7074 0.1969, -1.2778 1.4989 0.1969, -1.2726 1.4928 0.1357, -1.2573 1.4748 0.0787, -1.233 1.4462 0.0298, -1.2012 1.409 -0.0077, -1.1643 1.3656 -0.0313, -1.305 1.2321 -0.0313, -1.3464 1.2712 -0.0077, -1.382 1.3048 0.0298, -1.4092 1.3306 0.0787, -1.5699 1.19 0.1969, -1.623 1.1116 0.1969, -1.7889 0.8255 0.1969, -1.7816 0.8222 0.1357, -1.7602 0.8123 0.0787, -1.7261 0.7965 0.0298, -1.6817 0.776 -0.0077, -1.63 0.7521 -0.0313, -1.8677 0.6277 0.1969, -1.8803 0.5821 0.1969, -1.959 0.2124 0.1969, -1.951 0.2116 0.1357, -1.9275 0.209 0.0787, -1.8902 0.205 0.0298, -1.8415 0.1997 -0.0077, -1.7849 0.1935 -0.0313, -1.7954 -0.0002 -0.0313, -1.8524 -0.0002 -0.0077, -1.9013 -0.0002 0.0298, -1.9388 -0.0002 0.0787, -1.9624 -0.0002 0.1357, -1.9705 -0.0002 0.1969, -1.959 -0.2128 0.1969, -1.9456 -0.2945 0.1969, -1.8677 -0.628 0.1969, -1.86 -0.6255 0.1357, -1.8377 -0.6179 0.0787, -1.8021 -0.606 0.0298, -1.7557 -0.5904 -0.0077, -1.7017 -0.5722 -0.0313, -1.63 -0.7524 -0.0313, -1.6817 -0.7763 -0.0077, -1.7261 -0.7968 0.0298, -1.7602 -0.8126 0.0787, -1.6622 -0.9977 0.0787, -1.63 -0.9784 0.0298, -1.5881 -0.9532 -0.0077, -1.5392 -0.9238 -0.0313, -1.5447 -1.1712 0.0787, -1.5148 -1.1485 0.0298, -1.4759 -1.1189 -0.0077, -1.4305 -1.0845 -0.0313, -1.4322 -1.3527 0.1969, -1.4264 -1.3472 0.1357, -1.4092 -1.331 0.0787, -1.382 -1.3052 0.0298, -1.3464 -1.2715 -0.0077, -1.305 -1.2324 -0.0313, -1.2778 -1.4993 0.1969, -1.2214 -1.5423 0.1969, -0.9261 -1.7383 0.1969, -0.9223 -1.7311 0.1357, -0.9113 -1.7103 0.0787, -0.8936 -1.6772 0.0298, -0.8707 -1.634 -0.0077, -0.8439 -1.5837 -0.0313, -0.668 -1.6653 -0.0313, -0.6891 -1.7182 -0.0077, -0.7073 -1.7637 0.0298, -0.7213 -1.7985 0.0787, -0.5313 -1.8962 0.1969, -0.4274 -1.9192 0.1969, -0.1119 -1.9656 0.1969, -0.1114 -1.9576 0.1357, -0.1101 -1.934 0.0787, -0.108 -1.8965 0.0298, -0.1053 -1.8477 -0.0077, -0.1021 -1.7908 -0.0313, 0.1011 -1.966 0.1969, 0.1598 -1.9597 0.1969, 0.5208 -1.898 0.1969, 0.5186 -1.8902 0.1357, 0.5124 -1.8675 0.0787, 0.5024 -1.8313 0.0298, 0.4894 -1.7841 -0.0077, 0.4743 -1.7292 -0.0313, 0.6582 -1.6676 -0.0313, 0.6792 -1.7206 -0.0077, 0.6972 -1.7661 0.0298, 0.711 -1.801 0.0787, 0.9161 -1.7415 0.1969, 0.9973 -1.6929 0.1969, 1.2686 -1.5037 0.1969, 1.2634 -1.4976 0.1357, 1.2482 -1.4795 0.0787, 1.224 -1.4509 0.0298, 1.1924 -1.4135 -0.0077, 1.1556 -1.37 -0.0313, 1.4236 -1.3577 0.1969, 1.4543 -1.3217 0.1969, 1.6818 -1.0199 0.1969, 1.6749 -1.0157 0.1357, 1.6547 -1.0035 0.0787, 1.6226 -0.9841 0.0298, 1.5808 -0.9587 -0.0077, 1.5321 -0.9292 -0.0313, 1.6234 -0.7581 -0.0313, 1.6751 -0.7822 -0.0077, 1.7194 -0.8029 0.0298, 1.7534 -0.8187 0.0787, 1.7748 -0.8287 0.1357, 1.7821 -0.8321 0.1969, 1.7821 0.8318 0.2933, 1.7146 0.9634 0.2933, 1.6374 1.0895 0.2933, 1.551 1.2095 0.2933, 1.4558 1.3227 0.2933, 1.3524 1.4284 0.2933, 1.2413 1.526 0.2933, 1.1232 1.6151 0.2933, 0.9988 1.695 0.2933, 0.8687 1.7653 0.2933, 0.7337 1.8257 0.2933, 0.5945 1.8758 0.2933, 0.452 1.9153 0.2933, 0.3069 1.944 0.2933, 0.1601 1.9617 0.2933, 0.0123 1.9683 0.2933, -0.1355 1.9638 0.2933, -0.2825 1.9482 0.2933, -0.428 1.9217 0.2933, -0.5711 1.8843 0.2933, -0.711 1.8362 0.2933, -0.8468 1.7778 0.2933, -0.9779 1.7094 0.2933, -1.1035 1.6313 0.2933, -1.2229 1.544 0.2933, -1.3354 1.4479 0.2933, -1.4403 1.3437 0.2933, -1.5372 1.232 0.2933, -1.6253 1.1132 0.2933, -1.7044 0.9882 0.2933, -1.7738 0.8576 0.2933, -1.8331 0.7222 0.2933, -1.8822 0.5827 0.2933, -1.9207 0.4399 0.2933, -1.9483 0.2946 0.2933, -1.9649 0.1476 0.2933, -1.9705 -0.0002 0.2933, -1.9649 -0.148 0.2933, -1.9483 -0.2949 0.2933, -1.9207 -0.4402 0.2933, -1.8822 -0.583 0.2933, -1.8331 -0.7225 0.2933, -1.7738 -0.858 0.2933, -1.7044 -0.9885 0.2933, -1.6253 -1.1136 0.2933, -1.5372 -1.2323 0.2933, -1.4403 -1.3441 0.2933, -1.3354 -1.4483 0.2933, -1.2229 -1.5443 0.2933, -1.1035 -1.6316 0.2933, -0.9779 -1.7097 0.2933, -0.8468 -1.7781 0.2933, -0.711 -1.8366 0.2933, -0.5711 -1.8846 0.2933, -0.428 -1.922 0.2933, -0.2825 -1.9486 0.2933, -0.1355 -1.9641 0.2933, 0.0123 -1.9686 0.2933, 0.1601 -1.962 0.2933, 0.3069 -1.9443 0.2933, 0.452 -1.9156 0.2933, 0.5945 -1.8761 0.2933, 0.7337 -1.826 0.2933, 0.8687 -1.7657 0.2933, 0.9988 -1.6953 0.2933, 1.1232 -1.6154 0.2933, 1.2413 -1.5264 0.2933, 1.3524 -1.4287 0.2933, 1.4558 -1.323 0.2933, 1.551 -1.2098 0.2933, 1.6374 -1.0898 0.2933, 1.7146 -0.9637 0.2933, 1.7821 -0.8321 0.2933, 1.7554 0.8193 0.4075, 1.7753 0.8286 0.3523, 1.7081 0.9597 0.3523, 1.6245 0.9898 0.4554, 1.6562 0.9306 0.4554, 1.689 0.949 0.4075, 1.7237 0.8045 0.4554, 1.5816 1.0523 0.4554, 1.6129 1.0732 0.4075, 1.5055 1.163 0.4554, 1.5278 1.1914 0.4075, 1.4998 1.1696 0.4554, 1.434 1.3029 0.4075, 1.4063 1.2779 0.4554, 1.0453 1.59 0.4554, 1.0851 1.5605 0.4554, 1.1064 1.5909 0.4075, 1.2001 1.4754 0.4554, 1.2227 1.5032 0.4075, 1.2141 1.465 0.4554, 1.3321 1.4071 0.4075, 1.3061 1.3796 0.4554, 1.3682 1.322 0.4554, 0.9646 1.637 0.4554, 0.9838 1.6697 0.4075, 0.8637 1.6958 0.4554, 0.8557 1.739 0.4075, 0.8397 1.7064 0.4554, 0.7227 1.7984 0.4075, 0.7089 1.7643 0.4554, 0.265 1.8851 0.4554, 0.2965 1.8789 0.4554, 0.3023 1.9149 0.4075, 0.4368 1.851 0.4554, 0.4452 1.8867 0.4075, 0.4712 1.8442 0.4554, 0.5856 1.8478 0.4075, 0.5741 1.8116 0.4554, 0.6715 1.7808 0.4554, 0.1545 1.8946 0.4554, 0.1577 1.9324 0.4075, 0.0557 1.903 0.4554, 0.0121 1.9389 0.4075, 0.0119 1.902 0.4554, -0.1335 1.9345 0.4075, -0.1311 1.8984 0.4554, -0.5664 1.8183 0.4554, -0.5523 1.8219 0.4554, -0.5626 1.8561 0.4075, -0.4136 1.8567 0.4554, -0.4217 1.893 0.4075, -0.3626 1.8694 0.4554, -0.2784 1.9191 0.4075, -0.273 1.8817 0.4554, -0.1544 1.8978 0.4554, -0.6868 1.7735 0.4554, -0.7004 1.8088 0.4075, -0.7634 1.745 0.4554, -0.8342 1.7512 0.4075, -0.8181 1.7175 0.4554, -0.9634 1.6838 0.4075, -0.9459 1.6531 0.4554, -1.2047 1.5209 0.4075, -1.1272 1.5359 0.4554, -1.0871 1.6069 0.4075, -1.066 1.5757 0.4554, -0.9511 1.6505 0.4554, -1.4363 1.2521 0.4554, -1.3915 1.298 0.4554, -1.4189 1.3237 0.4075, -1.2916 1.4004 0.4554, -1.3155 1.4263 0.4075, -1.2896 1.4025 0.4554, -1.1813 1.4914 0.4554, -1.4848 1.19 0.4554, -1.5142 1.2136 0.4075, -1.5656 1.0864 0.4554, -1.6011 1.0966 0.4075, -1.5717 1.0765 0.4554, -1.6789 0.9735 0.4075, -1.6467 0.9547 0.4554, -1.834 0.5188 0.4554, -1.8188 0.5629 0.4554, -1.8541 0.574 0.4075, -1.7723 0.6982 0.4554, -1.8058 0.7114 0.4075, -1.7656 0.7175 0.4554, -1.7473 0.8448 0.4075, -1.7132 0.8283 0.4554, -1.6758 0.9075 0.4554, -1.8551 0.4248 0.4554, -1.892 0.4333 0.4075, -1.88 0.3138 0.4554, -1.9192 0.2902 0.4075, -1.8832 0.2848 0.4554, -1.9356 0.1454 0.4075, -1.899 0.1426 0.4554, -1.88 -0.3141 0.4554, -1.8832 -0.2851 0.4554, -1.9192 -0.2905 0.4075, -1.899 -0.1429 0.4554, -1.9356 -0.1457 0.4075, -1.9031 -0.1052 0.4554, -1.9411 -0.0002 0.4075, -1.9031 -0.0002 0.4554, -1.9031 0.1049 0.4554, -1.8551 -0.4252 0.4554, -1.892 -0.4336 0.4075, -1.834 -0.5191 0.4554, -1.8541 -0.5743 0.4075, -1.8188 -0.5633 0.4554, -1.8058 -0.7117 0.4075, -1.7723 -0.6985 0.4554, -1.5656 -1.0867 0.4554, -1.5717 -1.0768 0.4554, -1.6011 -1.0969 0.4075, -1.6467 -0.955 0.4554, -1.6789 -0.9738 0.4075, -1.6758 -0.9078 0.4554, -1.7473 -0.8451 0.4075, -1.7132 -0.8287 0.4554, -1.7656 -0.7178 0.4554, -1.4848 -1.1903 0.4554, -1.5142 -1.2139 0.4075, -1.4363 -1.2524 0.4554, -1.4189 -1.324 0.4075, -1.3915 -1.2984 0.4554, -1.3155 -1.4266 0.4075, -1.2916 -1.4008 0.4554, -1.2047 -1.5212 0.4075, -1.1813 -1.4918 0.4554, -1.2896 -1.4029 0.4554, -0.7634 -1.7454 0.4554, -0.8181 -1.7178 0.4554, -0.8342 -1.7516 0.4075, -0.9459 -1.6535 0.4554, -0.9634 -1.6842 0.4075, -0.9511 -1.6508 0.4554, -1.0871 -1.6072 0.4075, -1.066 -1.576 0.4554, -1.1272 -1.5362 0.4554, -0.6868 -1.7739 0.4554, -0.7004 -1.8091 0.4075, -0.5664 -1.8187 0.4554, -0.5626 -1.8564 0.4075, -0.5523 -1.8222 0.4554, -0.4217 -1.8933 0.4075, -0.4136 -1.857 0.4554, 0.0557 -1.9034 0.4554, 0.0119 -1.9023 0.4554, 0.0121 -1.9392 0.4075, -0.1311 -1.8987 0.4554, -0.1335 -1.9348 0.4075, -0.1544 -1.8981 0.4554, -0.2784 -1.9195 0.4075, -0.273 -1.882 0.4554, -0.3626 -1.8698 0.4554, 0.1545 -1.8949 0.4554, 0.1577 -1.9327 0.4075, 0.265 -1.8854 0.4554, 0.3023 -1.9152 0.4075, 0.2965 -1.8792 0.4554, 0.4452 -1.887 0.4075, 0.4368 -1.8513 0.4554, 0.8637 -1.6961 0.4554, 0.8397 -1.7067 0.4554, 0.8557 -1.7393 0.4075, 0.7089 -1.7646 0.4554, 0.7227 -1.7988 0.4075, 0.6715 -1.7812 0.4554, 0.5856 -1.8481 0.4075, 0.5741 -1.812 0.4554, 0.4712 -1.8445 0.4554, 0.9646 -1.6374 0.4554, 0.9838 -1.67 0.4075, 1.0453 -1.5904 0.4554, 1.1064 -1.5913 0.4075, 1.0851 -1.5609 0.4554, 1.2227 -1.5036 0.4075, 1.2001 -1.4757 0.4554, 1.5055 -1.1633 0.4554, 1.4998 -1.1699 0.4554, 1.5278 -1.1918 0.4075, 1.4063 -1.2782 0.4554, 1.434 -1.3033 0.4075, 1.3682 -1.3224 0.4554, 1.3321 -1.4074 0.4075, 1.3061 -1.3799 0.4554, 1.2141 -1.4653 0.4554, 1.6312 1.0854 0.3523, 1.5451 1.2049 0.3523, 1.4503 1.3177 0.3523, 1.3472 1.423 0.3523, 1.2366 1.5202 0.3523, 1.1189 1.6089 0.3523, 0.995 1.6886 0.3523, 0.8654 1.7586 0.3523, 0.7309 1.8188 0.3523, 0.5923 1.8687 0.3523, 0.4503 1.908 0.3523, 0.3057 1.9366 0.3523, 0.1595 1.9542 0.3523, 0.0123 1.9608 0.3523, -0.135 1.9564 0.3523, -0.2815 1.9408 0.3523, -0.4264 1.9144 0.3523, -0.569 1.8771 0.3523, -0.7083 1.8293 0.3523, -0.8436 1.7711 0.3523, -0.9742 1.7029 0.3523, -1.0994 1.6251 0.3523, -1.2183 1.5381 0.3523, -1.3303 1.4424 0.3523, -1.4349 1.3386 0.3523, -1.5313 1.2273 0.3523, -1.6192 1.109 0.3523, -1.6979 0.9845 0.3523, -1.767 0.8544 0.3523, -1.8262 0.7194 0.3523, -1.8751 0.5805 0.3523, -1.9134 0.4382 0.3523, -1.9409 0.2935 0.3523, -1.9575 0.1471 0.3523, -1.963 -0.0002 0.3523, -1.9575 -0.1474 0.3523, -1.9409 -0.2938 0.3523, -1.9134 -0.4385 0.3523, -1.8751 -0.5808 0.3523, -1.8262 -0.7198 0.3523, -1.767 -0.8547 0.3523, -1.6979 -0.9848 0.3523, -1.6192 -1.1093 0.3523, -1.5313 -1.2276 0.3523, -1.4349 -1.339 0.3523, -1.3303 -1.4428 0.3523, -1.2183 -1.5384 0.3523, -1.0994 -1.6254 0.3523, -0.9742 -1.7032 0.3523, -0.8436 -1.7714 0.3523, -0.7083 -1.8296 0.3523, -0.569 -1.8774 0.3523, -0.4264 -1.9147 0.3523, -0.2815 -1.9412 0.3523, -0.135 -1.9567 0.3523, 0.0123 -1.9611 0.3523, 0.1595 -1.9545 0.3523, 0.3057 -1.9369 0.3523, 0.4503 -1.9083 0.3523, 0.5923 -1.869 0.3523, 0.7309 -1.8191 0.3523, 0.8654 -1.759 0.3523, 0.995 -1.6889 0.3523, 1.1189 -1.6093 0.3523, 1.2366 -1.5206 0.3523, 1.3472 -1.4233 0.3523, 1.4503 -1.318 0.3523, 1.5451 -1.2052 0.3523, 1.6312 -1.0857 0.3523, 1.7081 -0.96 0.3523, 1.7753 -0.8289 0.3523, 1.6129 -1.0736 0.4075, 1.689 -0.9493 0.4075, 1.7554 -0.8197 0.4075, 1.5816 -1.0527 0.4554, 1.6245 -0.9901 0.4554, 1.6562 -0.931 0.4554, 1.7237 -0.8049 0.4554, 0.2968 -1.8807 0.7257, 0.2649 -1.8845 0.7257, 0.261 -1.8565 0.6857, -0.1311 -1.8999 0.7257, -0.1543 -1.8974 0.7257, -0.1521 -1.869 0.6857, -0.5525 -1.8229 0.7257, -0.5663 -1.8182 0.7257, -0.5578 -1.7908 0.6857, -0.946 -1.6537 0.7257, -0.951 -1.6507 0.7257, -0.9365 -1.6255 0.6857, -1.8846 0.2849 0.7257, -1.8791 0.3136 0.7257, -1.8512 0.309 0.6857, -1.7732 0.6985 0.7257, -1.765 0.7173 0.7257, -1.7386 0.7065 0.6857, -1.5722 1.0768 0.7257, -1.5653 1.0862 0.7257, -1.5416 1.0698 0.6857, -1.2917 1.4005 0.7257, -1.2895 1.4024 0.7257, -1.2699 1.381 0.6857, 0.4371 1.8526 0.7257, 0.4709 1.8432 0.7257, 0.4639 1.8159 0.6857, 0.8402 1.7076 0.7257, 0.8633 1.6951 0.7257, 0.8504 1.6698 0.6857, 1.2006 1.4761 0.7257, 1.2138 1.4645 0.7257, 1.1955 1.4425 0.6857, 1.5002 1.1699 0.7257, 1.5053 1.1628 0.7257, 1.4824 1.1452 0.6857, 1.6973 -0.7925 0.4954, 1.4824 -1.1455 0.4954, 1.1955 -1.4428 0.4954, 0.8504 -1.6701 0.4954, 0.4639 -1.8163 0.4954, -1.2699 -1.3814 0.4954, -1.5416 -1.0701 0.4954, -1.7386 -0.7068 0.4954, -1.8512 -0.3093 0.4954, -0.9365 1.6252 0.4954, -0.5578 1.7905 0.4954, -0.1521 1.8687 0.4954, 0.261 1.8562 0.4954, 1.5996 0.9746 0.4954, 1.4824 1.1452 0.4954, 1.3472 1.3018 0.4954, 1.1955 1.4425 0.4954, 1.0292 1.5657 0.4954, 0.8504 1.6698 0.4954, 0.6612 1.7535 0.4954, 0.4639 1.8159 0.4954, 0.0548 1.8739 0.4954, -0.3571 1.8408 0.4954, -0.7517 1.7183 0.4954, -1.1099 1.5123 0.4954, -1.2699 1.381 0.4954, -1.4143 1.2329 0.4954, -1.5416 1.0698 0.4954, -1.6501 0.8936 0.4954, -1.7386 0.7065 0.4954, -1.8059 0.5108 0.4954, -1.8512 0.309 0.4954, -1.874 0.1033 0.4954, -1.874 -0.1036 0.4954, -1.8059 -0.5112 0.4954, -1.6501 -0.8939 0.4954, -1.4143 -1.2332 0.4954, -1.1099 -1.5127 0.4954, -0.9365 -1.6255 0.4954, -0.7517 -1.7186 0.4954, -0.5578 -1.7908 0.4954, -0.3571 -1.8411 0.4954, -0.1521 -1.869 0.4954, 0.0548 -1.8742 0.4954, 0.261 -1.8565 0.4954, 0.6612 -1.7539 0.4954, 1.0292 -1.566 0.4954, 1.3472 -1.3021 0.4954, 1.5996 -0.975 0.4954, 1.5838 1.0538 0.7257, 1.6234 0.9891 0.7257, 1.5996 0.9746 0.6857, 1.6584 0.9318 0.7257, 1.6973 0.7922 0.4954, 1.584 0.9651 0.5414, 1.6807 0.7845 0.5414, 1.5787 0.9619 0.5906, 1.6751 0.7818 0.5906, 1.584 0.9651 0.6397, 1.6807 0.7845 0.6397, 1.6973 0.7922 0.6857, 1.7237 0.8045 0.7257, 1.468 1.134 0.5414, 1.463 1.1302 0.5906, 1.468 1.134 0.6397, 1.308 1.3816 0.7257, 1.3673 1.3211 0.7257, 1.3472 1.3018 0.6857, 1.4081 1.2794 0.7257, 1.334 1.2891 0.5414, 1.3296 1.2848 0.5906, 1.334 1.2891 0.6397, 1.1838 1.4284 0.5414, 1.1799 1.4237 0.5906, 1.1838 1.4284 0.6397, 0.966 1.6395 0.7257, 1.0446 1.589 0.7257, 1.0292 1.5657 0.6857, 1.0864 1.5622 0.7257, 1.0192 1.5504 0.5414, 1.0158 1.5452 0.5906, 1.0192 1.5504 0.6397, 0.8421 1.6535 0.5414, 0.8393 1.6479 0.5906, 0.8421 1.6535 0.6397, 0.575 1.8144 0.7257, 0.6711 1.7798 0.7257, 0.6612 1.7535 0.6857, 0.7096 1.766 0.7257, 0.6547 1.7364 0.5414, 0.6525 1.7306 0.5906, 0.6547 1.7364 0.6397, 0.4594 1.7982 0.5414, 0.4578 1.7922 0.5906, 0.4594 1.7982 0.6397, 0.261 1.8562 0.6857, 0.2649 1.8842 0.7257, 0.2968 1.8803 0.7257, 0.2584 1.8381 0.5414, 0.2575 1.8319 0.5906, 0.2584 1.8381 0.6397, 0.0119 1.9039 0.7257, 0.0556 1.9019 0.7257, 0.0548 1.8739 0.6857, 0.1548 1.8975 0.7257, 0.0542 1.8556 0.5414, 0.054 1.8494 0.5906, 0.0542 1.8556 0.6397, -0.1521 1.8687 0.6857, -0.1543 1.8971 0.7257, -0.1311 1.8995 0.7257, -0.1506 1.8505 0.5414, -0.1501 1.8443 0.5906, -0.1506 1.8505 0.6397, -0.4141 1.8588 0.7257, -0.3624 1.8682 0.7257, -0.3571 1.8408 0.6857, -0.2734 1.8845 0.7257, -0.3536 1.8228 0.5414, -0.3525 1.8167 0.5906, -0.3536 1.8228 0.6397, -0.5578 1.7905 0.6857, -0.5663 1.8179 0.7257, -0.5525 1.8226 0.7257, -0.5524 1.773 0.5414, -0.5505 1.767 0.5906, -0.5524 1.773 0.6397, -0.8192 1.7196 0.7257, -0.7629 1.7438 0.7257, -0.7517 1.7183 0.6857, -0.6878 1.7761 0.7257, -0.7444 1.7015 0.5414, -0.7419 1.6958 0.5906, -0.7444 1.7015 0.6397, -0.9365 1.6252 0.6857, -0.951 1.6503 0.7257, -0.946 1.6534 0.7257, -0.9274 1.6094 0.5414, -0.9243 1.604 0.5906, -0.9274 1.6094 0.6397, -1.1829 1.4934 0.7257, -1.1264 1.5348 0.7257, -1.1099 1.5123 0.6857, -1.0675 1.5779 0.7257, -1.0991 1.4976 0.5414, -1.0955 1.4926 0.5906, -1.0991 1.4976 0.6397, -1.2575 1.3676 0.5414, -1.2533 1.363 0.5906, -1.2575 1.3676 0.6397, -1.4869 1.1916 0.7257, -1.4353 1.2512 0.7257, -1.4143 1.2329 0.6857, -1.3933 1.2998 0.7257, -1.4006 1.2209 0.5414, -1.3959 1.2168 0.5906, -1.4006 1.2209 0.6397, -1.5266 1.0593 0.5414, -1.5215 1.0558 0.5906, -1.5266 1.0593 0.6397, -1.7158 0.8295 0.7257, -1.6747 0.9069 0.7257, -1.6501 0.8936 0.6857, -1.6486 0.9559 0.7257, -1.6341 0.8849 0.5414, -1.6286 0.8819 0.5906, -1.6341 0.8849 0.6397, -1.7217 0.6996 0.5414, -1.7159 0.6973 0.5906, -1.7217 0.6996 0.6397, -1.8579 0.4255 0.7257, -1.8328 0.5185 0.7257, -1.8059 0.5108 0.6857, -1.8207 0.5636 0.7257, -1.7883 0.5059 0.5414, -1.7823 0.5042 0.5906, -1.7883 0.5059 0.6397, -1.8332 0.3059 0.5414, -1.827 0.3049 0.5906, -1.8332 0.3059 0.6397, -1.874 0.1033 0.6857, -1.9021 0.1049 0.7257, -1.9007 0.1428 0.7257, -1.8558 0.1023 0.5414, -1.8495 0.1019 0.5906, -1.8558 0.1023 0.6397, -1.9007 -0.1431 0.7257, -1.9021 -0.1052 0.7257, -1.874 -0.1036 0.6857, -1.906 -0.0002 0.7257, -1.8558 -0.1026 0.5414, -1.8495 -0.1023 0.5906, -1.8558 -0.1026 0.6397, -1.8512 -0.3093 0.6857, -1.8791 -0.3139 0.7257, -1.8846 -0.2853 0.7257, -1.8332 -0.3063 0.5414, -1.827 -0.3052 0.5906, -1.8332 -0.3063 0.6397, -1.8207 -0.5639 0.7257, -1.8328 -0.5188 0.7257, -1.8059 -0.5112 0.6857, -1.8579 -0.4258 0.7257, -1.7883 -0.5062 0.5414, -1.7823 -0.5045 0.5906, -1.7883 -0.5062 0.6397, -1.7386 -0.7068 0.6857, -1.765 -0.7176 0.7257, -1.7732 -0.6989 0.7257, -1.7217 -0.7 0.5414, -1.7159 -0.6976 0.5906, -1.7217 -0.7 0.6397, -1.6486 -0.9562 0.7257, -1.6747 -0.9072 0.7257, -1.6501 -0.8939 0.6857, -1.7158 -0.8299 0.7257, -1.6341 -0.8852 0.5414, -1.6286 -0.8822 0.5906, -1.6341 -0.8852 0.6397, -1.5416 -1.0701 0.6857, -1.5653 -1.0865 0.7257, -1.5722 -1.0771 0.7257, -1.5266 -1.0597 0.5414, -1.5215 -1.0561 0.5906, -1.5266 -1.0597 0.6397, -1.3933 -1.3001 0.7257, -1.4353 -1.2516 0.7257, -1.4143 -1.2332 0.6857, -1.4869 -1.192 0.7257, -1.4006 -1.2212 0.5414, -1.3959 -1.2171 0.5906, -1.4006 -1.2212 0.6397, -1.2699 -1.3814 0.6857, -1.2895 -1.4028 0.7257, -1.2917 -1.4009 0.7257, -1.2575 -1.3679 0.5414, -1.2533 -1.3633 0.5906, -1.2575 -1.3679 0.6397, -1.0675 -1.5782 0.7257, -1.1264 -1.5351 0.7257, -1.1099 -1.5127 0.6857, -1.1829 -1.4938 0.7257, -1.0991 -1.4979 0.5414, -1.0955 -1.4929 0.5906, -1.0991 -1.4979 0.6397, -0.9274 -1.6097 0.5414, -0.9243 -1.6043 0.5906, -0.9274 -1.6097 0.6397, -0.6878 -1.7765 0.7257, -0.7629 -1.7442 0.7257, -0.7517 -1.7186 0.6857, -0.8192 -1.72 0.7257, -0.7444 -1.7019 0.5414, -0.7419 -1.6962 0.5906, -0.7444 -1.7019 0.6397, -0.5524 -1.7733 0.5414, -0.5505 -1.7674 0.5906, -0.5524 -1.7733 0.6397, -0.2734 -1.8848 0.7257, -0.3624 -1.8685 0.7257, -0.3571 -1.8411 0.6857, -0.4141 -1.8591 0.7257, -0.3536 -1.8232 0.5414, -0.3525 -1.8171 0.5906, -0.3536 -1.8232 0.6397, -0.1506 -1.8508 0.5414, -0.1501 -1.8446 0.5906, -0.1506 -1.8508 0.6397, 0.1548 -1.8978 0.7257, 0.0556 -1.9022 0.7257, 0.0548 -1.8742 0.6857, 0.0119 -1.9042 0.7257, 0.0542 -1.8559 0.5414, 0.054 -1.8497 0.5906, 0.0542 -1.8559 0.6397, 0.2584 -1.8384 0.5414, 0.2575 -1.8323 0.5906, 0.2584 -1.8384 0.6397, 0.4639 -1.8163 0.6857, 0.4709 -1.8436 0.7257, 0.4371 -1.8529 0.7257, 0.4594 -1.7986 0.5414, 0.4578 -1.7925 0.5906, 0.4594 -1.7986 0.6397, 0.7096 -1.7663 0.7257, 0.6711 -1.7801 0.7257, 0.6612 -1.7539 0.6857, 0.575 -1.8147 0.7257, 0.6547 -1.7368 0.5414, 0.6525 -1.7309 0.5906, 0.6547 -1.7368 0.6397, 0.8504 -1.6701 0.6857, 0.8633 -1.6954 0.7257, 0.8402 -1.7079 0.7257, 0.8421 -1.6538 0.5414, 0.8393 -1.6483 0.5906, 0.8421 -1.6538 0.6397, 1.0864 -1.5625 0.7257, 1.0446 -1.5894 0.7257, 1.0292 -1.566 0.6857, 0.966 -1.6398 0.7257, 1.0192 -1.5507 0.5414, 1.0158 -1.5455 0.5906, 1.0192 -1.5507 0.6397, 1.1955 -1.4428 0.6857, 1.2138 -1.4649 0.7257, 1.2006 -1.4764 0.7257, 1.1838 -1.4288 0.5414, 1.1799 -1.424 0.5906, 1.1838 -1.4288 0.6397, 1.4081 -1.2797 0.7257, 1.3673 -1.3215 0.7257, 1.3472 -1.3021 0.6857, 1.308 -1.382 0.7257, 1.334 -1.2894 0.5414, 1.3296 -1.2851 0.5906, 1.334 -1.2894 0.6397, 1.4824 -1.1455 0.6857, 1.5053 -1.1631 0.7257, 1.5002 -1.1703 0.7257, 1.468 -1.1343 0.5414, 1.463 -1.1305 0.5906, 1.468 -1.1343 0.6397, 1.6584 -0.9321 0.7257, 1.6234 -0.9894 0.7257, 1.5996 -0.975 0.6857, 1.5838 -1.0542 0.7257, 1.584 -0.9654 0.5414, 1.5787 -0.9622 0.5906, 1.584 -0.9654 0.6397, 1.6807 -0.7848 0.5414, 1.6751 -0.7822 0.5906, 1.6807 -0.7848 0.6397, 1.6973 -0.7925 0.6857, 1.7237 -0.8049 0.7257, 1.7821 0.8318 0.8878, 1.7753 0.8286 0.8289, 1.7081 0.9597 0.8289, 1.7554 0.8193 0.7737, 1.689 0.949 0.7737, 1.6129 1.0732 0.7737, 1.5278 1.1914 0.7737, 1.434 1.3029 0.7737, 1.3321 1.4071 0.7737, 1.2227 1.5032 0.7737, 1.1064 1.5909 0.7737, 0.9838 1.6697 0.7737, 0.8557 1.739 0.7737, 0.7227 1.7984 0.7737, 0.5856 1.8478 0.7737, 0.4452 1.8867 0.7737, 0.3023 1.9149 0.7737, 0.1577 1.9324 0.7737, 0.0121 1.9389 0.7737, -0.1335 1.9345 0.7737, -0.2784 1.9191 0.7737, -0.4217 1.893 0.7737, -0.5626 1.8561 0.7737, -0.7004 1.8088 0.7737, -0.8342 1.7512 0.7737, -0.9634 1.6838 0.7737, -1.0871 1.6069 0.7737, -1.2047 1.5209 0.7737, -1.3155 1.4263 0.7737, -1.4189 1.3237 0.7737, -1.5142 1.2136 0.7737, -1.6011 1.0966 0.7737, -1.6789 0.9735 0.7737, -1.7473 0.8448 0.7737, -1.8058 0.7114 0.7737, -1.8541 0.574 0.7737, -1.892 0.4333 0.7737, -1.9192 0.2902 0.7737, -1.9356 0.1454 0.7737, -1.9411 -0.0002 0.7737, -1.9356 -0.1457 0.7737, -1.9192 -0.2905 0.7737, -1.892 -0.4336 0.7737, -1.8541 -0.5743 0.7737, -1.8058 -0.7117 0.7737, -1.7473 -0.8451 0.7737, -1.6789 -0.9738 0.7737, -1.6011 -1.0969 0.7737, -1.5142 -1.2139 0.7737, -1.4189 -1.324 0.7737, -1.3155 -1.4266 0.7737, -1.2047 -1.5212 0.7737, -1.0871 -1.6072 0.7737, -0.9634 -1.6842 0.7737, -0.8342 -1.7516 0.7737, -0.7004 -1.8091 0.7737, -0.5626 -1.8564 0.7737, -0.4217 -1.8933 0.7737, -0.2784 -1.9195 0.7737, -0.1335 -1.9348 0.7737, 0.0121 -1.9392 0.7737, 0.1577 -1.9327 0.7737, 0.3023 -1.9152 0.7737, 0.4452 -1.887 0.7737, 0.5856 -1.8481 0.7737, 0.7227 -1.7988 0.7737, 0.8557 -1.7393 0.7737, 0.9838 -1.67 0.7737, 1.1064 -1.5913 0.7737, 1.2227 -1.5036 0.7737, 1.3321 -1.4074 0.7737, 1.434 -1.3033 0.7737, 1.5278 -1.1918 0.7737, 1.6129 -1.0736 0.7737, 1.689 -0.9493 0.7737, 1.7554 -0.8197 0.7737, 1.6312 1.0854 0.8289, 1.5451 1.2049 0.8289, 1.4503 1.3177 0.8289, 1.3472 1.423 0.8289, 1.2366 1.5202 0.8289, 1.1189 1.6089 0.8289, 0.995 1.6886 0.8289, 0.8654 1.7586 0.8289, 0.7309 1.8188 0.8289, 0.5923 1.8687 0.8289, 0.4503 1.908 0.8289, 0.3057 1.9366 0.8289, 0.1595 1.9542 0.8289, 0.0123 1.9608 0.8289, -0.135 1.9564 0.8289, -0.2815 1.9408 0.8289, -0.4264 1.9144 0.8289, -0.569 1.8771 0.8289, -0.7083 1.8293 0.8289, -0.8436 1.7711 0.8289, -0.9742 1.7029 0.8289, -1.0994 1.6251 0.8289, -1.2183 1.5381 0.8289, -1.3303 1.4424 0.8289, -1.4349 1.3386 0.8289, -1.5313 1.2273 0.8289, -1.6192 1.109 0.8289, -1.6979 0.9845 0.8289, -1.767 0.8544 0.8289, -1.8262 0.7194 0.8289, -1.8751 0.5805 0.8289, -1.9134 0.4382 0.8289, -1.9409 0.2935 0.8289, -1.9575 0.1471 0.8289, -1.963 -0.0002 0.8289, -1.9575 -0.1474 0.8289, -1.9409 -0.2938 0.8289, -1.9134 -0.4385 0.8289, -1.8751 -0.5808 0.8289, -1.8262 -0.7198 0.8289, -1.767 -0.8547 0.8289, -1.6979 -0.9848 0.8289, -1.6192 -1.1093 0.8289, -1.5313 -1.2276 0.8289, -1.4349 -1.339 0.8289, -1.3303 -1.4428 0.8289, -1.2183 -1.5384 0.8289, -1.0994 -1.6254 0.8289, -0.9742 -1.7032 0.8289, -0.8436 -1.7714 0.8289, -0.7083 -1.8296 0.8289, -0.569 -1.8774 0.8289, -0.4264 -1.9147 0.8289, -0.2815 -1.9412 0.8289, -0.135 -1.9567 0.8289, 0.0123 -1.9611 0.8289, 0.1595 -1.9545 0.8289, 0.3057 -1.9369 0.8289, 0.4503 -1.9083 0.8289, 0.5923 -1.869 0.8289, 0.7309 -1.8191 0.8289, 0.8654 -1.759 0.8289, 0.995 -1.6889 0.8289, 1.1189 -1.6093 0.8289, 1.2366 -1.5206 0.8289, 1.3472 -1.4233 0.8289, 1.4503 -1.318 0.8289, 1.5451 -1.2052 0.8289, 1.6312 -1.0857 0.8289, 1.7081 -0.96 0.8289, 1.7753 -0.8289 0.8289, 1.7146 0.9634 0.8878, 1.6374 1.0895 0.8878, 1.551 1.2095 0.8878, 1.4558 1.3227 0.8878, 1.3524 1.4284 0.8878, 1.2413 1.526 0.8878, 1.1232 1.6151 0.8878, 0.9988 1.695 0.8878, 0.8687 1.7653 0.8878, 0.7337 1.8257 0.8878, 0.5945 1.8758 0.8878, 0.452 1.9153 0.8878, 0.3069 1.944 0.8878, 0.1601 1.9617 0.8878, 0.0123 1.9683 0.8878, -0.1355 1.9638 0.8878, -0.2825 1.9482 0.8878, -0.428 1.9217 0.8878, -0.5711 1.8843 0.8878, -0.711 1.8362 0.8878, -0.8468 1.7778 0.8878, -0.9779 1.7094 0.8878, -1.1035 1.6313 0.8878, -1.2229 1.544 0.8878, -1.3354 1.4479 0.8878, -1.4403 1.3437 0.8878, -1.5372 1.232 0.8878, -1.6253 1.1132 0.8878, -1.7044 0.9882 0.8878, -1.7738 0.8576 0.8878, -1.8331 0.7222 0.8878, -1.8822 0.5827 0.8878, -1.9207 0.4399 0.8878, -1.9483 0.2946 0.8878, -1.9649 0.1476 0.8878, -1.9705 -0.0002 0.8878, -1.9649 -0.148 0.8878, -1.9483 -0.2949 0.8878, -1.9207 -0.4402 0.8878, -1.8822 -0.583 0.8878, -1.8331 -0.7225 0.8878, -1.7738 -0.858 0.8878, -1.7044 -0.9885 0.8878, -1.6253 -1.1136 0.8878, -1.5372 -1.2323 0.8878, -1.4403 -1.3441 0.8878, -1.3354 -1.4483 0.8878, -1.2229 -1.5443 0.8878, -1.1035 -1.6316 0.8878, -0.9779 -1.7097 0.8878, -0.8468 -1.7781 0.8878, -0.711 -1.8366 0.8878, -0.5711 -1.8846 0.8878, -0.428 -1.922 0.8878, -0.2825 -1.9486 0.8878, -0.1355 -1.9641 0.8878, 0.0123 -1.9686 0.8878, 0.1601 -1.962 0.8878, 0.3069 -1.9443 0.8878, 0.452 -1.9156 0.8878, 0.5945 -1.8761 0.8878, 0.7337 -1.826 0.8878, 0.8687 -1.7657 0.8878, 0.9988 -1.6953 0.8878, 1.1232 -1.6154 0.8878, 1.2413 -1.5264 0.8878, 1.3524 -1.4287 0.8878, 1.4558 -1.323 0.8878, 1.551 -1.2098 0.8878, 1.6374 -1.0898 0.8878, 1.7146 -0.9637 0.8878, 1.7821 -0.8321 0.8878, 1.568 0.7319 6.2598, 1.6234 0.7578 6.2518, 1.5321 0.9289 6.2518, 1.6751 0.7818 6.2282, 1.5808 0.9584 6.2282, 1.7194 0.8025 6.1907, 1.6226 0.9837 6.1907, 1.7534 0.8184 6.1417, 1.6547 1.0032 6.1417, 1.7748 0.8284 6.0848, 1.6749 1.0154 6.0848, 1.4543 1.3214 6.0236, 1.4177 1.3518 6.0848, 1.5618 1.1955 6.0236, 1.5554 1.1906 6.0848, 1.6352 1.088 6.0236, 1.6818 1.0196 6.0236, 1.7821 0.8318 6.0236, 1.4236 1.3574 6.0236, 1.2686 1.5034 6.0236, 1.2634 1.4972 6.0848, 1.2403 1.5248 6.0236, 1.0943 1.6251 6.0848, 1.0988 1.6318 6.0236, 0.9124 1.734 6.0848, 0.9973 1.6925 6.0236, 0.9161 1.7411 6.0236, 0.7334 1.8252 6.0236, 0.7197 1.8226 6.0848, 0.7227 1.8301 6.0236, 0.5208 1.8977 6.0236, 0.5186 1.8899 6.0848, 0.4515 1.9128 6.0236, 0.3115 1.9351 6.0848, 0.3128 1.943 6.0236, 0.1006 1.9576 6.0848, 0.1598 1.9594 6.0236, 0.1011 1.9656 6.0236, -0.1119 1.9653 6.0236, -0.1114 1.9572 6.0848, -0.1354 1.9627 6.0236, -0.3222 1.934 6.0848, -0.3235 1.9419 6.0236, -0.4274 1.9189 6.0236, -0.5292 1.8881 6.0848, -0.5313 1.8958 6.0236, -0.7106 1.8351 6.0236, -0.73 1.8201 6.0848, -0.733 1.8276 6.0236, -0.9261 1.7379 6.0236, -0.9223 1.7308 6.0848, -0.9767 1.7074 6.0236, -1.1039 1.6213 6.0848, -1.1084 1.6279 6.0236, -1.2726 1.4928 6.0848, -1.2214 1.5419 6.0236, -1.2778 1.4989 6.0236, -1.4322 1.3524 6.0236, -1.4264 1.3468 6.0848, -1.4399 1.3434 6.0236, -1.5635 1.1851 6.0848, -1.5699 1.19 6.0236, -1.623 1.1116 6.0236, -1.6824 1.0095 6.0848, -1.6893 1.0137 6.0236, -1.7723 0.8569 6.0236, -1.7816 0.8222 6.0848, -1.7889 0.8255 6.0236, -1.8677 0.6277 6.0236, -1.86 0.6251 6.0848, -1.8803 0.5821 6.0236, -1.9167 0.4208 6.0848, -1.9246 0.4225 6.0236, -1.951 0.2116 6.0848, -1.9456 0.2941 6.0236, -1.959 0.2124 6.0236, -1.9705 -0.0002 6.0236, -1.9624 -0.0002 6.0848, -1.959 -0.2128 6.0236, -1.951 -0.2119 6.0848, -1.9456 -0.2945 6.0236, -1.9167 -0.4211 6.0848, -1.9246 -0.4229 6.0236, -1.86 -0.6255 6.0848, -1.8803 -0.5825 6.0236, -1.8677 -0.628 6.0236, -1.7889 -0.8259 6.0236, -1.7816 -0.8225 6.0848, -1.7723 -0.8572 6.0236, -1.6824 -1.0099 6.0848, -1.6893 -1.014 6.0236, -1.5635 -1.1855 6.0848, -1.623 -1.112 6.0236, -1.5699 -1.1903 6.0236, -1.4399 -1.3437 6.0236, -1.4264 -1.3472 6.0848, -1.4322 -1.3527 6.0236, -1.2778 -1.4993 6.0236, -1.2726 -1.4931 6.0848, -1.2214 -1.5423 6.0236, -1.1039 -1.6216 6.0848, -1.1084 -1.6283 6.0236, -0.9223 -1.7311 6.0848, -0.9767 -1.7077 6.0236, -0.9261 -1.7383 6.0236, -0.733 -1.8279 6.0236, -0.73 -1.8204 6.0848, -0.7106 -1.8355 6.0236, -0.5292 -1.8884 6.0848, -0.5313 -1.8962 6.0236, -0.4274 -1.9192 6.0236, -0.3222 -1.9343 6.0848, -0.3235 -1.9422 6.0236, -0.1354 -1.963 6.0236, -0.1114 -1.9576 6.0848, -0.1119 -1.9656 6.0236, 0.1011 -1.966 6.0236, 0.1006 -1.9579 6.0848, 0.1598 -1.9597 6.0236, 0.3115 -1.9354 6.0848, 0.3128 -1.9433 6.0236, 0.5186 -1.8902 6.0848, 0.4515 -1.9131 6.0236, 0.5208 -1.898 6.0236, 0.7227 -1.8304 6.0236, 0.7197 -1.823 6.0848, 0.7334 -1.8255 6.0236, 0.9124 -1.7343 6.0848, 0.9161 -1.7415 6.0236, 0.9973 -1.6929 6.0236, 1.0943 -1.6255 6.0848, 1.0988 -1.6321 6.0236, 1.2403 -1.5251 6.0236, 1.2634 -1.4976 6.0848, 1.2686 -1.5037 6.0236, 1.4236 -1.3577 6.0236, 1.4177 -1.3521 6.0848, 1.4543 -1.3217 6.0236, 1.5554 -1.1909 6.0848, 1.5618 -1.1958 6.0236, 1.6749 -1.0157 6.0848, 1.6352 -1.0883 6.0236, 1.6818 -1.0199 6.0236, 1.7821 -0.8321 6.0236, 1.7748 -0.8287 6.0848, 1.5367 1.1762 6.1417, 1.4006 1.3355 6.1417, 1.2482 1.4792 6.1417, 1.0811 1.6056 6.1417, 0.9014 1.7131 6.1417, 0.711 1.8007 6.1417, 0.5124 1.8671 6.1417, 0.3077 1.9118 6.1417, 0.0994 1.934 6.1417, -0.1101 1.9337 6.1417, -0.3183 1.9107 6.1417, -0.5228 1.8653 6.1417, -0.7213 1.7982 6.1417, -0.9113 1.71 6.1417, -1.0906 1.6018 6.1417, -1.2573 1.4748 6.1417, -1.4092 1.3306 6.1417, -1.5447 1.1709 6.1417, -1.6622 0.9974 6.1417, -1.7602 0.8123 6.1417, -1.8377 0.6176 6.1417, -1.8936 0.4157 6.1417, -1.9275 0.209 6.1417, -1.9388 -0.0002 6.1417, -1.9275 -0.2093 6.1417, -1.8936 -0.4161 6.1417, -1.8377 -0.6179 6.1417, -1.7602 -0.8126 6.1417, -1.6622 -0.9977 6.1417, -1.5447 -1.1712 6.1417, -1.4092 -1.331 6.1417, -1.2573 -1.4752 6.1417, -1.0906 -1.6021 6.1417, -0.9113 -1.7103 6.1417, -0.7213 -1.7985 6.1417, -0.5228 -1.8657 6.1417, -0.3183 -1.911 6.1417, -0.1101 -1.934 6.1417, 0.0994 -1.9344 6.1417, 0.3077 -1.9121 6.1417, 0.5124 -1.8675 6.1417, 0.711 -1.801 6.1417, 0.9014 -1.7135 6.1417, 1.0811 -1.6059 6.1417, 1.2482 -1.4795 6.1417, 1.4006 -1.3359 6.1417, 1.5367 -1.1766 6.1417, 1.6547 -1.0035 6.1417, 1.7534 -0.8187 6.1417, 1.5069 1.1534 6.1907, 1.3735 1.3096 6.1907, 1.224 1.4505 6.1907, 1.0601 1.5744 6.1907, 0.8838 1.6799 6.1907, 0.6972 1.7658 6.1907, 0.5024 1.831 6.1907, 0.3017 1.8747 6.1907, 0.0974 1.8965 6.1907, -0.108 1.8962 6.1907, -0.3122 1.8736 6.1907, -0.5127 1.8292 6.1907, -0.7073 1.7633 6.1907, -0.8936 1.6768 6.1907, -1.0695 1.5707 6.1907, -1.233 1.4462 6.1907, -1.382 1.3048 6.1907, -1.5148 1.1482 6.1907, -1.63 0.9781 6.1907, -1.7261 0.7965 6.1907, -1.8021 0.6056 6.1907, -1.857 0.4077 6.1907, -1.8902 0.205 6.1907, -1.9013 -0.0002 6.1907, -1.8902 -0.2053 6.1907, -1.857 -0.408 6.1907, -1.8021 -0.606 6.1907, -1.7261 -0.7968 6.1907, -1.63 -0.9784 6.1907, -1.5148 -1.1485 6.1907, -1.382 -1.3052 6.1907, -1.233 -1.4466 6.1907, -1.0695 -1.5711 6.1907, -0.8936 -1.6772 6.1907, -0.7073 -1.7637 6.1907, -0.5127 -1.8295 6.1907, -0.3122 -1.874 6.1907, -0.108 -1.8965 6.1907, 0.0974 -1.8969 6.1907, 0.3017 -1.875 6.1907, 0.5024 -1.8313 6.1907, 0.6972 -1.7661 6.1907, 0.8838 -1.6803 6.1907, 1.0601 -1.5748 6.1907, 1.224 -1.4509 6.1907, 1.3735 -1.31 6.1907, 1.5069 -1.1538 6.1907, 1.6226 -0.9841 6.1907, 1.7194 -0.8029 6.1907, 1.468 1.1237 6.2282, 1.338 1.2759 6.2282, 1.1924 1.4132 6.2282, 1.0328 1.5339 6.2282, 0.861 1.6367 6.2282, 0.6792 1.7203 6.2282, 0.4894 1.7838 6.2282, 0.2939 1.8264 6.2282, 0.0949 1.8477 6.2282, -0.1053 1.8473 6.2282, -0.3042 1.8254 6.2282, -0.4996 1.7821 6.2282, -0.6891 1.7179 6.2282, -0.8707 1.6336 6.2282, -1.042 1.5303 6.2282, -1.2012 1.409 6.2282, -1.3464 1.2712 6.2282, -1.4759 1.1186 6.2282, -1.5881 0.9529 6.2282, -1.6817 0.776 6.2282, -1.7557 0.59 6.2282, -1.8092 0.3972 6.2282, -1.8415 0.1997 6.2282, -1.8524 -0.0002 6.2282, -1.8415 -0.2 6.2282, -1.8092 -0.3975 6.2282, -1.7557 -0.5904 6.2282, -1.6817 -0.7763 6.2282, -1.5881 -0.9532 6.2282, -1.4759 -1.1189 6.2282, -1.3464 -1.2715 6.2282, -1.2012 -1.4093 6.2282, -1.042 -1.5306 6.2282, -0.8707 -1.634 6.2282, -0.6891 -1.7182 6.2282, -0.4996 -1.7824 6.2282, -0.3042 -1.8257 6.2282, -0.1053 -1.8477 6.2282, 0.0949 -1.848 6.2282, 0.2939 -1.8268 6.2282, 0.4894 -1.7841 6.2282, 0.6792 -1.7206 6.2282, 0.861 -1.637 6.2282, 1.0328 -1.5342 6.2282, 1.1924 -1.4135 6.2282, 1.338 -1.2762 6.2282, 1.468 -1.124 6.2282, 1.5808 -0.9587 6.2282, 1.6751 -0.7822 6.2282, 1.4228 1.0891 6.2518, 1.2968 1.2366 6.2518, 1.1556 1.3696 6.2518, 1.0009 1.4866 6.2518, 0.8345 1.5863 6.2518, 0.6582 1.6673 6.2518, 0.4743 1.7289 6.2518, 0.2848 1.7702 6.2518, 0.0919 1.7908 6.2518, -0.1021 1.7905 6.2518, -0.2949 1.7692 6.2518, -0.4843 1.7272 6.2518, -0.668 1.665 6.2518, -0.8439 1.5833 6.2518, -1.01 1.4831 6.2518, -1.1643 1.3656 6.2518, -1.305 1.2321 6.2518, -1.4305 1.0841 6.2518, -1.5392 0.9235 6.2518, -1.63 0.7521 6.2518, -1.7017 0.5719 6.2518, -1.7536 0.3849 6.2518, -1.7849 0.1935 6.2518, -1.7954 -0.0002 6.2518, -1.7849 -0.1939 6.2518, -1.7536 -0.3853 6.2518, -1.7017 -0.5722 6.2518, -1.63 -0.7524 6.2518, -1.5392 -0.9238 6.2518, -1.4305 -1.0845 6.2518, -1.305 -1.2324 6.2518, -1.1643 -1.3659 6.2518, -1.01 -1.4835 6.2518, -0.8439 -1.5837 6.2518, -0.668 -1.6653 6.2518, -0.4843 -1.7275 6.2518, -0.2949 -1.7695 6.2518, -0.1021 -1.7908 6.2518, 0.0919 -1.7911 6.2518, 0.2848 -1.7705 6.2518, 0.4743 -1.7292 6.2518, 0.6582 -1.6676 6.2518, 0.8345 -1.5866 6.2518, 1.0009 -1.487 6.2518, 1.1556 -1.37 6.2518, 1.2968 -1.2369 6.2518, 1.4228 -1.0894 6.2518, 1.5321 -0.9292 6.2518, 1.6234 -0.7581 6.2518, 1.4798 0.8972 6.2598, 1.3742 1.052 6.2598, 1.2525 1.1945 6.2598, 1.1161 1.3229 6.2598, 0.9667 1.436 6.2598, 0.8059 1.5322 6.2598, 0.6357 1.6105 6.2598, 0.4581 1.6699 6.2598, 0.275 1.7098 6.2598, 0.0887 1.7297 6.2598, -0.0987 1.7294 6.2598, -0.2849 1.7089 6.2598, -0.4678 1.6683 6.2598, -0.6453 1.6082 6.2598, -0.8152 1.5294 6.2598, -0.9757 1.4326 6.2598, -1.1247 1.319 6.2598, -1.2606 1.1901 6.2598, -1.3818 1.0472 6.2598, -1.4868 0.892 6.2598, -1.5745 0.7264 6.2598, -1.6438 0.5524 6.2598, -1.6938 0.3718 6.2598, -1.7241 0.1869 6.2598, -1.7343 -0.0002 6.2598, -1.7241 -0.1873 6.2598, -1.6938 -0.3721 6.2598, -1.6438 -0.5527 6.2598, -1.5745 -0.7268 6.2598, -1.4868 -0.8924 6.2598, -1.3818 -1.0475 6.2598, -1.2606 -1.1904 6.2598, -1.1247 -1.3194 6.2598, -0.9757 -1.4329 6.2598, -0.8152 -1.5297 6.2598, -0.6453 -1.6086 6.2598, -0.4678 -1.6686 6.2598, -0.2849 -1.7092 6.2598, -0.0987 -1.7297 6.2598, 0.0887 -1.7301 6.2598, 0.275 -1.7102 6.2598, 0.4581 -1.6703 6.2598, 0.6357 -1.6108 6.2598, 0.8059 -1.5325 6.2598, 0.9667 -1.4363 6.2598, 1.1161 -1.3233 6.2598, 1.2525 -1.1948 6.2598, 1.3742 -1.0523 6.2598, 1.4798 -0.8975 6.2598, 1.568 -0.7323 6.2598, 0.712 1.4475 6.2598, 0.9454 1.3068 6.2598, 1.461 -0.6823 6.2598, 1.3253 -0.9188 6.2598, 0.9454 -1.3071 6.2598, 0.712 -1.4479 6.2598, -1.2608 -1.0105 6.2598, -1.4129 -0.7843 6.2598, 1.3253 0.9185 6.2598, 1.461 0.682 6.2598, -0.3513 -1.5761 6.2598, -0.0812 -1.6124 6.2598, 0.1913 -1.6027 6.2598, -1.4129 0.7839 6.2598, -1.5247 0.5353 6.2598, -1.5931 0.2715 6.2598, -1.2608 1.0102 6.2598, 0.1913 1.6024 6.2598, -0.0812 1.6121 6.2598, -0.3513 1.5757 6.2598, 1.1518 -1.129 6.2598, 0.4582 -1.5474 6.2598, -0.8544 -1.3709 6.2598, -0.6115 -1.4948 6.2598, -1.5931 -0.2718 6.2598, -1.5247 -0.5357 6.2598, 0.4582 1.547 6.2598, 1.1518 1.1287 6.2598, -1.6161 -0.0002 6.2598, -0.8544 1.3706 6.2598, -1.0729 1.2076 6.2598, -1.0729 -1.2079 6.2598, -0.6115 1.4945 6.2598
            ]
        }
        coordIndex [
            0,1,2,-1,2,1,3,-1,2,3,4,-1,4,3,5,-1,4,5,6,-1,6,5,7,-1,6,7,8,-1,8,7,9,-1,8,9,10,-1,10,9,11,-1,10,11,12,-1,12,11,13,-1,12,13,14,-1,14,13,15,-1,14,15,16,-1,16,15,17,-1,16,17,18,-1,18,17,19,-1,18,19,20,-1,20,19,21,-1,20,21,22,-1,22,21,23,-1,22,23,24,-1,24,23,25,-1,24,25,26,-1,26,25,27,-1,26,27,28,-1,28,27,29,-1,28,29,30,-1,30,29,31,-1,30,31,32,-1,32,31,33,-1,32,33,34,-1,34,33,35,-1,34,35,36,-1,36,35,37,-1,36,37,38,-1,38,37,39,-1,38,39,40,-1,40,39,41,-1,40,41,42,-1,42,41,43,-1,42,43,44,-1,44,43,45,-1,44,45,46,-1,46,45,47,-1,46,47,48,-1,48,47,49,-1,48,49,50,-1,50,49,51,-1,50,51,52,-1,52,51,53,-1,52,53,54,-1,54,53,55,-1,54,55,56,-1,56,55,57,-1,56,57,58,-1,58,57,59,-1,58,59,60,-1,60,59,61,-1,60,61,62,-1,62,61,63,-1,62,63,64,-1,64,63,65,-1,66,65,67,-1,67,65,63,-1,3,1,68,-1,59,57,69,-1,31,70,33,-1,33,70,71,-1,33,71,35,-1,27,72,29,-1,29,72,73,-1,29,73,31,-1,31,73,74,-1,31,74,70,-1,69,75,59,-1,59,75,76,-1,59,76,61,-1,61,76,77,-1,61,77,63,-1,63,77,78,-1,63,78,67,-1,25,79,27,-1,27,79,80,-1,27,80,72,-1,9,81,11,-1,11,81,82,-1,11,82,13,-1,7,83,9,-1,9,83,84,-1,9,84,81,-1,53,85,55,-1,55,85,86,-1,55,86,57,-1,57,86,87,-1,57,87,69,-1,49,88,51,-1,51,88,89,-1,51,89,53,-1,53,89,90,-1,53,90,85,-1,82,91,13,-1,13,91,92,-1,13,92,15,-1,15,92,93,-1,15,93,17,-1,68,94,3,-1,3,94,95,-1,3,95,5,-1,5,95,96,-1,5,96,7,-1,7,96,97,-1,7,97,83,-1,41,98,43,-1,43,98,99,-1,43,99,45,-1,39,100,41,-1,41,100,101,-1,41,101,98,-1,21,102,23,-1,23,102,103,-1,23,103,25,-1,25,103,104,-1,25,104,79,-1,99,105,45,-1,45,105,106,-1,45,106,47,-1,47,106,107,-1,47,107,49,-1,49,107,108,-1,49,108,88,-1,71,109,35,-1,35,109,110,-1,35,110,37,-1,37,110,111,-1,37,111,39,-1,39,111,112,-1,39,112,100,-1,93,113,17,-1,17,113,114,-1,17,114,19,-1,19,114,115,-1,19,115,21,-1,21,115,116,-1,21,116,102,-1,117,118,119,-1,120,121,122,-1,123,124,125,-1,126,127,128,-1,129,130,131,-1,132,133,134,-1,135,136,137,-1,138,139,140,-1,141,142,143,-1,144,145,146,-1,147,148,149,-1,150,151,152,-1,153,154,155,-1,156,157,158,-1,159,160,161,-1,162,163,164,-1,165,166,167,-1,168,169,170,-1,171,172,173,-1,174,175,176,-1,177,178,179,-1,180,181,182,-1,67,78,183,-1,183,78,184,-1,183,184,185,-1,185,184,186,-1,185,186,187,-1,187,186,188,-1,187,188,189,-1,189,188,190,-1,189,190,191,-1,191,190,182,-1,86,85,192,-1,192,85,193,-1,192,193,194,-1,194,193,195,-1,194,195,196,-1,196,195,197,-1,196,197,198,-1,198,197,199,-1,198,199,200,-1,200,199,170,-1,88,108,201,-1,201,108,202,-1,201,202,203,-1,203,202,204,-1,203,204,205,-1,205,204,206,-1,205,206,207,-1,207,206,208,-1,207,208,209,-1,209,208,164,-1,106,105,210,-1,210,105,211,-1,210,211,212,-1,212,211,213,-1,212,213,214,-1,214,213,215,-1,214,215,216,-1,216,215,217,-1,216,217,218,-1,218,217,161,-1,101,100,219,-1,219,100,220,-1,219,220,221,-1,221,220,222,-1,221,222,223,-1,223,222,224,-1,223,224,225,-1,225,224,226,-1,225,226,227,-1,227,226,155,-1,111,110,228,-1,228,110,229,-1,228,229,230,-1,230,229,231,-1,230,231,232,-1,232,231,233,-1,232,233,234,-1,234,233,235,-1,234,235,236,-1,236,235,152,-1,70,74,237,-1,237,74,238,-1,237,238,239,-1,239,238,240,-1,239,240,241,-1,241,240,242,-1,241,242,243,-1,243,242,244,-1,243,244,245,-1,245,244,149,-1,103,102,246,-1,246,102,247,-1,246,247,248,-1,248,247,249,-1,248,249,250,-1,250,249,251,-1,250,251,252,-1,252,251,253,-1,252,253,254,-1,254,253,137,-1,114,113,255,-1,255,113,256,-1,255,256,257,-1,257,256,258,-1,257,258,259,-1,259,258,260,-1,259,260,261,-1,261,260,262,-1,261,262,263,-1,263,262,131,-1,92,91,264,-1,264,91,265,-1,264,265,266,-1,266,265,267,-1,266,267,268,-1,268,267,269,-1,268,269,270,-1,270,269,271,-1,270,271,272,-1,272,271,128,-1,84,83,273,-1,273,83,274,-1,273,274,275,-1,275,274,276,-1,275,276,277,-1,277,276,278,-1,277,278,279,-1,279,278,280,-1,279,280,281,-1,281,280,122,-1,96,95,282,-1,282,95,283,-1,282,283,284,-1,284,283,285,-1,284,285,286,-1,286,285,287,-1,286,287,288,-1,288,287,289,-1,288,289,290,-1,290,289,119,-1,66,67,291,-1,291,67,183,-1,291,183,292,-1,292,183,185,-1,292,185,293,-1,293,185,187,-1,293,187,294,-1,294,187,189,-1,294,189,295,-1,295,189,191,-1,295,191,296,-1,296,191,297,-1,182,181,191,-1,191,181,298,-1,191,298,297,-1,299,180,300,-1,300,180,182,-1,300,182,301,-1,301,182,190,-1,301,190,302,-1,302,190,188,-1,302,188,303,-1,303,188,186,-1,303,186,304,-1,304,186,184,-1,304,184,77,-1,77,184,78,-1,77,76,304,-1,304,76,305,-1,304,305,303,-1,303,305,306,-1,303,306,302,-1,302,306,307,-1,302,307,301,-1,301,307,308,-1,301,308,300,-1,300,308,179,-1,300,179,299,-1,299,179,178,-1,175,177,176,-1,176,177,179,-1,176,179,309,-1,309,179,308,-1,309,308,310,-1,310,308,307,-1,310,307,311,-1,311,307,306,-1,311,306,312,-1,312,306,305,-1,312,305,75,-1,75,305,76,-1,172,174,173,-1,173,174,176,-1,173,176,313,-1,313,176,309,-1,313,309,314,-1,314,309,310,-1,314,310,315,-1,315,310,311,-1,315,311,316,-1,316,311,312,-1,316,312,69,-1,69,312,75,-1,317,171,318,-1,318,171,173,-1,318,173,319,-1,319,173,313,-1,319,313,320,-1,320,313,314,-1,320,314,321,-1,321,314,315,-1,321,315,322,-1,322,315,316,-1,322,316,87,-1,87,316,69,-1,87,86,322,-1,322,86,192,-1,322,192,321,-1,321,192,194,-1,321,194,320,-1,320,194,196,-1,320,196,319,-1,319,196,198,-1,319,198,318,-1,318,198,200,-1,318,200,317,-1,317,200,323,-1,170,169,200,-1,200,169,324,-1,200,324,323,-1,325,168,326,-1,326,168,170,-1,326,170,327,-1,327,170,199,-1,327,199,328,-1,328,199,197,-1,328,197,329,-1,329,197,195,-1,329,195,330,-1,330,195,193,-1,330,193,90,-1,90,193,85,-1,90,89,330,-1,330,89,331,-1,330,331,329,-1,329,331,332,-1,329,332,328,-1,328,332,333,-1,328,333,327,-1,327,333,334,-1,327,334,326,-1,326,334,167,-1,326,167,325,-1,325,167,166,-1,335,165,209,-1,209,165,167,-1,209,167,207,-1,207,167,334,-1,207,334,205,-1,205,334,333,-1,205,333,203,-1,203,333,332,-1,203,332,201,-1,201,332,331,-1,201,331,88,-1,88,331,89,-1,164,163,209,-1,209,163,336,-1,209,336,335,-1,337,162,338,-1,338,162,164,-1,338,164,339,-1,339,164,208,-1,339,208,340,-1,340,208,206,-1,340,206,341,-1,341,206,204,-1,341,204,342,-1,342,204,202,-1,342,202,107,-1,107,202,108,-1,107,106,342,-1,342,106,210,-1,342,210,341,-1,341,210,212,-1,341,212,340,-1,340,212,214,-1,340,214,339,-1,339,214,216,-1,339,216,338,-1,338,216,218,-1,338,218,337,-1,337,218,343,-1,161,160,218,-1,218,160,344,-1,218,344,343,-1,345,159,346,-1,346,159,161,-1,346,161,347,-1,347,161,217,-1,347,217,348,-1,348,217,215,-1,348,215,349,-1,349,215,213,-1,349,213,350,-1,350,213,211,-1,350,211,99,-1,99,211,105,-1,99,98,350,-1,350,98,351,-1,350,351,349,-1,349,351,352,-1,349,352,348,-1,348,352,353,-1,348,353,347,-1,347,353,354,-1,347,354,346,-1,346,354,158,-1,346,158,345,-1,345,158,157,-1,355,156,227,-1,227,156,158,-1,227,158,225,-1,225,158,354,-1,225,354,223,-1,223,354,353,-1,223,353,221,-1,221,353,352,-1,221,352,219,-1,219,352,351,-1,219,351,101,-1,101,351,98,-1,155,154,227,-1,227,154,356,-1,227,356,355,-1,357,153,358,-1,358,153,155,-1,358,155,359,-1,359,155,226,-1,359,226,360,-1,360,226,224,-1,360,224,361,-1,361,224,222,-1,361,222,362,-1,362,222,220,-1,362,220,112,-1,112,220,100,-1,112,111,362,-1,362,111,228,-1,362,228,361,-1,361,228,230,-1,361,230,360,-1,360,230,232,-1,360,232,359,-1,359,232,234,-1,359,234,358,-1,358,234,236,-1,358,236,357,-1,357,236,363,-1,152,151,236,-1,236,151,364,-1,236,364,363,-1,365,150,366,-1,366,150,152,-1,366,152,367,-1,367,152,235,-1,367,235,368,-1,368,235,233,-1,368,233,369,-1,369,233,231,-1,369,231,370,-1,370,231,229,-1,370,229,109,-1,109,229,110,-1,109,71,370,-1,370,71,371,-1,370,371,369,-1,369,371,372,-1,369,372,368,-1,368,372,373,-1,368,373,367,-1,367,373,374,-1,367,374,366,-1,366,374,375,-1,366,375,365,-1,365,375,376,-1,71,70,371,-1,371,70,237,-1,371,237,372,-1,372,237,239,-1,372,239,373,-1,373,239,241,-1,373,241,374,-1,374,241,243,-1,374,243,375,-1,375,243,245,-1,375,245,376,-1,376,245,377,-1,149,148,245,-1,245,148,378,-1,245,378,377,-1,379,147,380,-1,380,147,149,-1,380,149,381,-1,381,149,244,-1,381,244,382,-1,382,244,242,-1,382,242,383,-1,383,242,240,-1,383,240,384,-1,384,240,238,-1,384,238,73,-1,73,238,74,-1,73,72,384,-1,384,72,385,-1,384,385,383,-1,383,385,386,-1,383,386,382,-1,382,386,387,-1,382,387,381,-1,381,387,388,-1,381,388,380,-1,380,388,146,-1,380,146,379,-1,379,146,145,-1,142,144,143,-1,143,144,146,-1,143,146,389,-1,389,146,388,-1,389,388,390,-1,390,388,387,-1,390,387,391,-1,391,387,386,-1,391,386,392,-1,392,386,385,-1,392,385,80,-1,80,385,72,-1,139,141,140,-1,140,141,143,-1,140,143,393,-1,393,143,389,-1,393,389,394,-1,394,389,390,-1,394,390,395,-1,395,390,391,-1,395,391,396,-1,396,391,392,-1,396,392,79,-1,79,392,80,-1,397,138,398,-1,398,138,140,-1,398,140,399,-1,399,140,393,-1,399,393,400,-1,400,393,394,-1,400,394,401,-1,401,394,395,-1,401,395,402,-1,402,395,396,-1,402,396,104,-1,104,396,79,-1,104,103,402,-1,402,103,246,-1,402,246,401,-1,401,246,248,-1,401,248,400,-1,400,248,250,-1,400,250,399,-1,399,250,252,-1,399,252,398,-1,398,252,254,-1,398,254,397,-1,397,254,403,-1,137,136,254,-1,254,136,404,-1,254,404,403,-1,405,135,406,-1,406,135,137,-1,406,137,407,-1,407,137,253,-1,407,253,408,-1,408,253,251,-1,408,251,409,-1,409,251,249,-1,409,249,410,-1,410,249,247,-1,410,247,116,-1,116,247,102,-1,116,115,410,-1,410,115,411,-1,410,411,409,-1,409,411,412,-1,409,412,408,-1,408,412,413,-1,408,413,407,-1,407,413,414,-1,407,414,406,-1,406,414,134,-1,406,134,405,-1,405,134,133,-1,415,132,263,-1,263,132,134,-1,263,134,261,-1,261,134,414,-1,261,414,259,-1,259,414,413,-1,259,413,257,-1,257,413,412,-1,257,412,255,-1,255,412,411,-1,255,411,114,-1,114,411,115,-1,131,130,263,-1,263,130,416,-1,263,416,415,-1,417,129,418,-1,418,129,131,-1,418,131,419,-1,419,131,262,-1,419,262,420,-1,420,262,260,-1,420,260,421,-1,421,260,258,-1,421,258,422,-1,422,258,256,-1,422,256,93,-1,93,256,113,-1,93,92,422,-1,422,92,264,-1,422,264,421,-1,421,264,266,-1,421,266,420,-1,420,266,268,-1,420,268,419,-1,419,268,270,-1,419,270,418,-1,418,270,272,-1,418,272,417,-1,417,272,423,-1,128,127,272,-1,272,127,424,-1,272,424,423,-1,425,126,426,-1,426,126,128,-1,426,128,427,-1,427,128,271,-1,427,271,428,-1,428,271,269,-1,428,269,429,-1,429,269,267,-1,429,267,430,-1,430,267,265,-1,430,265,82,-1,82,265,91,-1,82,81,430,-1,430,81,431,-1,430,431,429,-1,429,431,432,-1,429,432,428,-1,428,432,433,-1,428,433,427,-1,427,433,434,-1,427,434,426,-1,426,434,125,-1,426,125,425,-1,425,125,124,-1,435,123,281,-1,281,123,125,-1,281,125,279,-1,279,125,434,-1,279,434,277,-1,277,434,433,-1,277,433,275,-1,275,433,432,-1,275,432,273,-1,273,432,431,-1,273,431,84,-1,84,431,81,-1,122,121,281,-1,281,121,436,-1,281,436,435,-1,437,120,438,-1,438,120,122,-1,438,122,439,-1,439,122,280,-1,439,280,440,-1,440,280,278,-1,440,278,441,-1,441,278,276,-1,441,276,442,-1,442,276,274,-1,442,274,97,-1,97,274,83,-1,97,96,442,-1,442,96,282,-1,442,282,441,-1,441,282,284,-1,441,284,440,-1,440,284,286,-1,440,286,439,-1,439,286,288,-1,439,288,438,-1,438,288,290,-1,438,290,437,-1,437,290,443,-1,119,118,290,-1,290,118,444,-1,290,444,443,-1,445,117,446,-1,446,117,119,-1,446,119,447,-1,447,119,289,-1,447,289,448,-1,448,289,287,-1,448,287,449,-1,449,287,285,-1,449,285,450,-1,450,285,283,-1,450,283,94,-1,94,283,95,-1,94,68,450,-1,450,68,451,-1,450,451,449,-1,449,451,452,-1,449,452,448,-1,448,452,453,-1,448,453,447,-1,447,453,454,-1,447,454,446,-1,446,454,455,-1,446,455,445,-1,445,455,456,-1,457,296,458,-1,458,296,297,-1,458,297,459,-1,459,297,298,-1,459,298,460,-1,460,298,181,-1,460,181,461,-1,461,181,180,-1,461,180,462,-1,462,180,299,-1,462,299,463,-1,299,178,463,-1,463,178,177,-1,463,177,464,-1,464,177,175,-1,464,175,465,-1,465,175,174,-1,465,174,466,-1,466,174,172,-1,466,172,467,-1,172,171,467,-1,467,171,317,-1,467,317,468,-1,468,317,323,-1,468,323,469,-1,469,323,324,-1,469,324,470,-1,470,324,169,-1,470,169,471,-1,471,169,168,-1,471,168,472,-1,472,168,325,-1,472,325,473,-1,325,166,473,-1,473,166,165,-1,473,165,474,-1,474,165,335,-1,474,335,475,-1,475,335,336,-1,475,336,476,-1,476,336,163,-1,476,163,477,-1,163,162,477,-1,477,162,337,-1,477,337,478,-1,478,337,343,-1,478,343,479,-1,479,343,344,-1,479,344,480,-1,480,344,160,-1,480,160,481,-1,481,160,159,-1,481,159,482,-1,482,159,345,-1,482,345,483,-1,345,157,483,-1,483,157,156,-1,483,156,484,-1,484,156,355,-1,484,355,485,-1,485,355,356,-1,485,356,486,-1,486,356,154,-1,486,154,487,-1,154,153,487,-1,487,153,357,-1,487,357,488,-1,488,357,363,-1,488,363,489,-1,489,363,364,-1,489,364,490,-1,490,364,151,-1,490,151,491,-1,491,151,150,-1,491,150,492,-1,492,150,365,-1,492,365,493,-1,493,365,376,-1,493,376,494,-1,494,376,377,-1,494,377,495,-1,495,377,378,-1,495,378,496,-1,496,378,148,-1,496,148,497,-1,148,147,497,-1,497,147,379,-1,497,379,498,-1,498,379,499,-1,379,145,499,-1,499,145,144,-1,499,144,500,-1,500,144,142,-1,500,142,501,-1,501,142,141,-1,501,141,502,-1,502,141,139,-1,502,139,503,-1,139,138,503,-1,503,138,397,-1,503,397,504,-1,504,397,403,-1,504,403,505,-1,505,403,404,-1,505,404,506,-1,506,404,136,-1,506,136,507,-1,507,136,135,-1,507,135,508,-1,508,135,405,-1,508,405,509,-1,405,133,509,-1,509,133,132,-1,509,132,510,-1,510,132,415,-1,510,415,511,-1,511,415,416,-1,511,416,512,-1,512,416,130,-1,512,130,513,-1,130,129,513,-1,513,129,417,-1,513,417,514,-1,514,417,423,-1,514,423,515,-1,515,423,424,-1,515,424,516,-1,516,424,127,-1,516,127,517,-1,517,127,126,-1,517,126,518,-1,518,126,425,-1,518,425,519,-1,425,124,519,-1,519,124,123,-1,519,123,520,-1,520,123,435,-1,520,435,521,-1,521,435,436,-1,521,436,522,-1,522,436,121,-1,522,121,523,-1,121,120,523,-1,523,120,437,-1,523,437,524,-1,524,437,443,-1,524,443,525,-1,525,443,444,-1,525,444,526,-1,526,444,118,-1,526,118,527,-1,527,118,117,-1,527,117,528,-1,528,117,445,-1,528,445,529,-1,529,445,456,-1,530,531,532,-1,531,457,458,-1,533,534,535,-1,535,534,536,-1,535,536,530,-1,533,535,537,-1,537,535,538,-1,537,538,539,-1,539,538,540,-1,539,540,541,-1,541,540,542,-1,541,542,543,-1,544,545,546,-1,546,545,547,-1,546,547,548,-1,548,547,549,-1,548,549,550,-1,550,549,551,-1,550,551,542,-1,542,551,552,-1,542,552,543,-1,544,546,553,-1,553,546,554,-1,553,554,555,-1,555,554,556,-1,555,556,557,-1,557,556,558,-1,557,558,559,-1,560,561,562,-1,562,561,563,-1,562,563,564,-1,564,563,565,-1,564,565,566,-1,566,565,567,-1,566,567,558,-1,558,567,568,-1,558,568,559,-1,560,562,569,-1,569,562,570,-1,569,570,571,-1,571,570,572,-1,571,572,573,-1,573,572,574,-1,573,574,575,-1,576,577,578,-1,578,577,579,-1,578,579,580,-1,580,579,581,-1,580,581,582,-1,582,581,583,-1,582,583,574,-1,574,583,584,-1,574,584,575,-1,576,578,585,-1,585,578,586,-1,585,586,587,-1,587,586,588,-1,587,588,589,-1,589,588,590,-1,589,590,591,-1,592,593,594,-1,594,593,595,-1,594,595,590,-1,590,595,596,-1,590,596,591,-1,597,598,599,-1,599,598,600,-1,599,600,601,-1,601,600,602,-1,601,602,592,-1,592,602,603,-1,592,603,593,-1,597,599,604,-1,604,599,605,-1,604,605,606,-1,606,605,607,-1,606,607,608,-1,608,607,609,-1,608,609,610,-1,611,612,613,-1,613,612,614,-1,613,614,615,-1,615,614,616,-1,615,616,617,-1,617,616,618,-1,617,618,609,-1,609,618,619,-1,609,619,610,-1,611,613,620,-1,620,613,621,-1,620,621,622,-1,622,621,623,-1,622,623,624,-1,624,623,625,-1,624,625,626,-1,627,628,629,-1,629,628,630,-1,629,630,631,-1,631,630,632,-1,631,632,633,-1,633,632,634,-1,633,634,625,-1,625,634,635,-1,625,635,626,-1,627,629,636,-1,636,629,637,-1,636,637,638,-1,638,637,639,-1,638,639,640,-1,640,639,641,-1,640,641,642,-1,643,644,645,-1,645,644,646,-1,645,646,647,-1,647,646,648,-1,647,648,649,-1,649,648,650,-1,649,650,641,-1,641,650,651,-1,641,651,642,-1,643,645,652,-1,652,645,653,-1,652,653,654,-1,654,653,655,-1,654,655,656,-1,656,655,657,-1,656,657,658,-1,659,660,657,-1,657,660,661,-1,657,661,658,-1,662,663,664,-1,664,663,665,-1,664,665,666,-1,666,665,667,-1,666,667,668,-1,668,667,669,-1,668,669,659,-1,659,669,670,-1,659,670,660,-1,662,664,671,-1,671,664,672,-1,671,672,673,-1,673,672,674,-1,673,674,675,-1,675,674,676,-1,675,676,677,-1,678,679,680,-1,680,679,681,-1,680,681,682,-1,682,681,683,-1,682,683,684,-1,684,683,685,-1,684,685,676,-1,676,685,686,-1,676,686,677,-1,678,680,687,-1,687,680,688,-1,687,688,689,-1,689,688,690,-1,689,690,691,-1,691,690,692,-1,691,692,693,-1,694,695,696,-1,696,695,697,-1,696,697,698,-1,698,697,699,-1,698,699,700,-1,700,699,701,-1,700,701,692,-1,692,701,702,-1,692,702,693,-1,694,696,703,-1,703,696,704,-1,703,704,705,-1,705,704,706,-1,705,706,707,-1,707,706,708,-1,707,708,709,-1,710,711,712,-1,712,711,713,-1,712,713,714,-1,714,713,715,-1,714,715,716,-1,716,715,717,-1,716,717,708,-1,708,717,718,-1,708,718,709,-1,531,458,532,-1,532,458,459,-1,532,459,719,-1,719,459,460,-1,719,460,720,-1,720,460,461,-1,720,461,721,-1,721,461,462,-1,721,462,722,-1,722,462,463,-1,722,463,723,-1,723,463,464,-1,723,464,724,-1,724,464,465,-1,724,465,725,-1,725,465,466,-1,725,466,726,-1,726,466,467,-1,726,467,727,-1,727,467,468,-1,727,468,728,-1,728,468,469,-1,728,469,729,-1,729,469,470,-1,729,470,730,-1,730,470,471,-1,730,471,731,-1,731,471,472,-1,731,472,732,-1,732,472,473,-1,732,473,733,-1,733,473,474,-1,733,474,734,-1,734,474,475,-1,734,475,735,-1,735,475,476,-1,735,476,736,-1,736,476,477,-1,736,477,737,-1,737,477,478,-1,737,478,738,-1,738,478,479,-1,738,479,739,-1,739,479,480,-1,739,480,740,-1,740,480,481,-1,740,481,741,-1,741,481,482,-1,741,482,742,-1,742,482,483,-1,742,483,743,-1,743,483,484,-1,743,484,744,-1,744,484,485,-1,744,485,745,-1,745,485,486,-1,745,486,746,-1,746,486,487,-1,746,487,747,-1,747,487,488,-1,747,488,748,-1,748,488,489,-1,748,489,749,-1,749,489,490,-1,749,490,750,-1,750,490,491,-1,750,491,751,-1,751,491,492,-1,751,492,752,-1,752,492,493,-1,752,493,753,-1,753,493,494,-1,753,494,754,-1,754,494,495,-1,754,495,755,-1,755,495,496,-1,755,496,756,-1,756,496,497,-1,756,497,757,-1,757,497,498,-1,757,498,758,-1,758,498,499,-1,758,499,759,-1,759,499,500,-1,759,500,760,-1,760,500,501,-1,760,501,761,-1,761,501,502,-1,761,502,762,-1,762,502,503,-1,762,503,763,-1,763,503,504,-1,763,504,764,-1,764,504,505,-1,764,505,765,-1,765,505,506,-1,765,506,766,-1,766,506,507,-1,766,507,767,-1,767,507,508,-1,767,508,768,-1,768,508,509,-1,768,509,769,-1,769,509,510,-1,769,510,770,-1,770,510,511,-1,770,511,771,-1,771,511,512,-1,771,512,772,-1,772,512,513,-1,772,513,773,-1,773,513,514,-1,773,514,774,-1,774,514,515,-1,774,515,775,-1,775,515,516,-1,775,516,776,-1,776,516,517,-1,776,517,777,-1,777,517,518,-1,777,518,778,-1,778,518,519,-1,778,519,779,-1,779,519,520,-1,779,520,780,-1,780,520,521,-1,780,521,781,-1,781,521,522,-1,781,522,782,-1,782,522,523,-1,782,523,783,-1,783,523,524,-1,783,524,784,-1,784,524,525,-1,784,525,785,-1,785,525,526,-1,785,526,786,-1,786,526,527,-1,786,527,787,-1,787,527,528,-1,787,528,788,-1,788,528,529,-1,788,529,789,-1,530,532,535,-1,535,532,719,-1,535,719,538,-1,538,719,720,-1,538,720,540,-1,540,720,721,-1,540,721,542,-1,542,721,722,-1,542,722,550,-1,550,722,723,-1,550,723,548,-1,548,723,724,-1,548,724,546,-1,546,724,725,-1,546,725,554,-1,554,725,726,-1,554,726,556,-1,556,726,727,-1,556,727,558,-1,558,727,728,-1,558,728,566,-1,566,728,729,-1,566,729,564,-1,564,729,730,-1,564,730,562,-1,562,730,731,-1,562,731,570,-1,570,731,732,-1,570,732,572,-1,572,732,733,-1,572,733,574,-1,574,733,734,-1,574,734,582,-1,582,734,735,-1,582,735,580,-1,580,735,736,-1,580,736,578,-1,578,736,737,-1,578,737,586,-1,586,737,738,-1,586,738,588,-1,588,738,739,-1,588,739,590,-1,590,739,740,-1,590,740,594,-1,594,740,741,-1,594,741,592,-1,592,741,742,-1,592,742,601,-1,601,742,743,-1,601,743,599,-1,599,743,744,-1,599,744,605,-1,605,744,745,-1,605,745,607,-1,607,745,746,-1,607,746,609,-1,609,746,747,-1,609,747,617,-1,617,747,748,-1,617,748,615,-1,615,748,749,-1,615,749,613,-1,613,749,750,-1,613,750,621,-1,621,750,751,-1,621,751,623,-1,623,751,752,-1,623,752,625,-1,625,752,753,-1,625,753,633,-1,633,753,754,-1,633,754,631,-1,631,754,755,-1,631,755,629,-1,629,755,756,-1,629,756,637,-1,637,756,757,-1,637,757,639,-1,639,757,758,-1,639,758,641,-1,641,758,759,-1,641,759,649,-1,649,759,760,-1,649,760,647,-1,647,760,761,-1,647,761,645,-1,645,761,762,-1,645,762,653,-1,653,762,763,-1,653,763,655,-1,655,763,764,-1,655,764,657,-1,657,764,765,-1,657,765,659,-1,659,765,766,-1,659,766,668,-1,668,766,767,-1,668,767,666,-1,666,767,768,-1,666,768,664,-1,664,768,769,-1,664,769,672,-1,672,769,770,-1,672,770,674,-1,674,770,771,-1,674,771,676,-1,676,771,772,-1,676,772,684,-1,684,772,773,-1,684,773,682,-1,682,773,774,-1,682,774,680,-1,680,774,775,-1,680,775,688,-1,688,775,776,-1,688,776,690,-1,690,776,777,-1,690,777,692,-1,692,777,778,-1,692,778,700,-1,700,778,779,-1,700,779,698,-1,698,779,780,-1,698,780,696,-1,696,780,781,-1,696,781,704,-1,704,781,782,-1,704,782,706,-1,706,782,783,-1,706,783,708,-1,708,783,784,-1,708,784,716,-1,716,784,785,-1,716,785,714,-1,714,785,786,-1,714,786,712,-1,712,786,787,-1,712,787,790,-1,790,787,788,-1,790,788,791,-1,791,788,789,-1,791,789,792,-1,710,712,793,-1,793,712,790,-1,793,790,794,-1,794,790,791,-1,794,791,795,-1,795,791,792,-1,795,792,796,-1,797,798,799,-1,800,801,802,-1,803,804,805,-1,806,807,808,-1,809,810,811,-1,812,813,814,-1,815,816,817,-1,818,819,820,-1,821,822,823,-1,824,825,826,-1,827,828,829,-1,830,831,832,-1,795,796,833,-1,711,710,834,-1,709,718,835,-1,695,694,836,-1,693,702,837,-1,658,661,838,-1,644,643,839,-1,642,651,840,-1,628,627,841,-1,591,596,842,-1,577,576,843,-1,575,584,844,-1,561,560,845,-1,536,534,846,-1,846,534,533,-1,846,533,537,-1,537,539,847,-1,847,539,541,-1,541,543,848,-1,848,543,552,-1,848,552,551,-1,551,549,849,-1,849,549,547,-1,547,545,850,-1,850,545,544,-1,850,544,553,-1,553,555,851,-1,851,555,557,-1,557,559,852,-1,852,559,568,-1,852,568,567,-1,567,565,853,-1,853,565,563,-1,561,845,563,-1,560,569,854,-1,854,569,571,-1,854,571,573,-1,575,844,573,-1,584,583,855,-1,855,583,581,-1,855,581,579,-1,577,843,579,-1,576,585,856,-1,856,585,587,-1,856,587,589,-1,591,842,589,-1,596,595,857,-1,857,595,593,-1,857,593,603,-1,603,602,858,-1,858,602,600,-1,600,598,859,-1,859,598,597,-1,859,597,604,-1,604,606,860,-1,860,606,608,-1,608,610,861,-1,861,610,619,-1,861,619,618,-1,618,616,862,-1,862,616,614,-1,614,612,863,-1,863,612,611,-1,863,611,620,-1,620,622,864,-1,864,622,624,-1,624,626,865,-1,865,626,635,-1,865,635,634,-1,634,632,866,-1,866,632,630,-1,628,841,630,-1,627,636,867,-1,867,636,638,-1,867,638,640,-1,642,840,640,-1,651,650,868,-1,868,650,648,-1,868,648,646,-1,644,839,646,-1,658,838,656,-1,643,652,869,-1,869,652,654,-1,869,654,656,-1,661,660,870,-1,870,660,670,-1,870,670,669,-1,669,667,871,-1,871,667,665,-1,665,663,872,-1,872,663,662,-1,872,662,671,-1,671,673,873,-1,873,673,675,-1,675,677,874,-1,874,677,686,-1,874,686,685,-1,685,683,875,-1,875,683,681,-1,681,679,876,-1,876,679,678,-1,876,678,687,-1,693,837,691,-1,687,689,877,-1,877,689,691,-1,695,836,697,-1,702,701,878,-1,878,701,699,-1,878,699,697,-1,694,703,879,-1,879,703,705,-1,879,705,707,-1,709,835,707,-1,711,834,713,-1,718,717,880,-1,880,717,715,-1,880,715,713,-1,710,793,881,-1,881,793,794,-1,881,794,795,-1,882,883,884,-1,884,883,885,-1,536,846,886,-1,886,846,887,-1,886,887,888,-1,888,887,889,-1,888,889,890,-1,890,889,891,-1,890,891,892,-1,892,891,884,-1,892,884,893,-1,893,884,885,-1,893,885,894,-1,537,847,846,-1,846,847,895,-1,846,895,887,-1,887,895,896,-1,887,896,889,-1,889,896,897,-1,889,897,891,-1,891,897,832,-1,891,832,884,-1,884,832,831,-1,884,831,882,-1,898,899,900,-1,900,899,901,-1,541,848,847,-1,847,848,902,-1,847,902,895,-1,895,902,903,-1,895,903,896,-1,896,903,904,-1,896,904,897,-1,897,904,900,-1,897,900,832,-1,832,900,901,-1,832,901,830,-1,551,849,848,-1,848,849,905,-1,848,905,902,-1,902,905,906,-1,902,906,903,-1,903,906,907,-1,903,907,904,-1,904,907,829,-1,904,829,900,-1,900,829,828,-1,900,828,898,-1,908,909,910,-1,910,909,911,-1,547,850,849,-1,849,850,912,-1,849,912,905,-1,905,912,913,-1,905,913,906,-1,906,913,914,-1,906,914,907,-1,907,914,910,-1,907,910,829,-1,829,910,911,-1,829,911,827,-1,553,851,850,-1,850,851,915,-1,850,915,912,-1,912,915,916,-1,912,916,913,-1,913,916,917,-1,913,917,914,-1,914,917,826,-1,914,826,910,-1,910,826,825,-1,910,825,908,-1,918,919,920,-1,920,919,921,-1,557,852,851,-1,851,852,922,-1,851,922,915,-1,915,922,923,-1,915,923,916,-1,916,923,924,-1,916,924,917,-1,917,924,920,-1,917,920,826,-1,826,920,921,-1,826,921,824,-1,567,853,852,-1,852,853,925,-1,852,925,922,-1,922,925,926,-1,922,926,923,-1,923,926,927,-1,923,927,924,-1,924,927,823,-1,924,823,920,-1,920,823,822,-1,920,822,918,-1,928,929,930,-1,563,845,853,-1,853,845,931,-1,853,931,925,-1,925,931,932,-1,925,932,926,-1,926,932,933,-1,926,933,927,-1,927,933,928,-1,927,928,823,-1,823,928,930,-1,823,930,821,-1,934,935,936,-1,936,935,937,-1,560,854,845,-1,845,854,938,-1,845,938,931,-1,931,938,939,-1,931,939,932,-1,932,939,940,-1,932,940,933,-1,933,940,936,-1,933,936,928,-1,928,936,937,-1,928,937,929,-1,941,942,943,-1,573,844,854,-1,854,844,944,-1,854,944,938,-1,938,944,945,-1,938,945,939,-1,939,945,946,-1,939,946,940,-1,940,946,941,-1,940,941,936,-1,936,941,943,-1,936,943,934,-1,947,948,949,-1,949,948,950,-1,584,855,844,-1,844,855,951,-1,844,951,944,-1,944,951,952,-1,944,952,945,-1,945,952,953,-1,945,953,946,-1,946,953,949,-1,946,949,941,-1,941,949,950,-1,941,950,942,-1,954,955,956,-1,579,843,855,-1,855,843,957,-1,855,957,951,-1,951,957,958,-1,951,958,952,-1,952,958,959,-1,952,959,953,-1,953,959,954,-1,953,954,949,-1,949,954,956,-1,949,956,947,-1,960,961,962,-1,962,961,963,-1,576,856,843,-1,843,856,964,-1,843,964,957,-1,957,964,965,-1,957,965,958,-1,958,965,966,-1,958,966,959,-1,959,966,962,-1,959,962,954,-1,954,962,963,-1,954,963,955,-1,967,968,969,-1,589,842,856,-1,856,842,970,-1,856,970,964,-1,964,970,971,-1,964,971,965,-1,965,971,972,-1,965,972,966,-1,966,972,967,-1,966,967,962,-1,962,967,969,-1,962,969,960,-1,973,974,975,-1,975,974,976,-1,596,857,842,-1,842,857,977,-1,842,977,970,-1,970,977,978,-1,970,978,971,-1,971,978,979,-1,971,979,972,-1,972,979,975,-1,972,975,967,-1,967,975,976,-1,967,976,968,-1,603,858,857,-1,857,858,980,-1,857,980,977,-1,977,980,981,-1,977,981,978,-1,978,981,982,-1,978,982,979,-1,979,982,820,-1,979,820,975,-1,975,820,819,-1,975,819,973,-1,983,984,985,-1,985,984,986,-1,600,859,858,-1,858,859,987,-1,858,987,980,-1,980,987,988,-1,980,988,981,-1,981,988,989,-1,981,989,982,-1,982,989,985,-1,982,985,820,-1,820,985,986,-1,820,986,818,-1,604,860,859,-1,859,860,990,-1,859,990,987,-1,987,990,991,-1,987,991,988,-1,988,991,992,-1,988,992,989,-1,989,992,817,-1,989,817,985,-1,985,817,816,-1,985,816,983,-1,993,994,995,-1,995,994,996,-1,608,861,860,-1,860,861,997,-1,860,997,990,-1,990,997,998,-1,990,998,991,-1,991,998,999,-1,991,999,992,-1,992,999,995,-1,992,995,817,-1,817,995,996,-1,817,996,815,-1,618,862,861,-1,861,862,1000,-1,861,1000,997,-1,997,1000,1001,-1,997,1001,998,-1,998,1001,1002,-1,998,1002,999,-1,999,1002,814,-1,999,814,995,-1,995,814,813,-1,995,813,993,-1,1003,1004,1005,-1,1005,1004,1006,-1,614,863,862,-1,862,863,1007,-1,862,1007,1000,-1,1000,1007,1008,-1,1000,1008,1001,-1,1001,1008,1009,-1,1001,1009,1002,-1,1002,1009,1005,-1,1002,1005,814,-1,814,1005,1006,-1,814,1006,812,-1,620,864,863,-1,863,864,1010,-1,863,1010,1007,-1,1007,1010,1011,-1,1007,1011,1008,-1,1008,1011,1012,-1,1008,1012,1009,-1,1009,1012,811,-1,1009,811,1005,-1,1005,811,810,-1,1005,810,1003,-1,1013,1014,1015,-1,624,865,864,-1,864,865,1016,-1,864,1016,1010,-1,1010,1016,1017,-1,1010,1017,1011,-1,1011,1017,1018,-1,1011,1018,1012,-1,1012,1018,1013,-1,1012,1013,811,-1,811,1013,1015,-1,811,1015,809,-1,1019,1020,1021,-1,1021,1020,1022,-1,634,866,865,-1,865,866,1023,-1,865,1023,1016,-1,1016,1023,1024,-1,1016,1024,1017,-1,1017,1024,1025,-1,1017,1025,1018,-1,1018,1025,1021,-1,1018,1021,1013,-1,1013,1021,1022,-1,1013,1022,1014,-1,1026,1027,1028,-1,630,841,866,-1,866,841,1029,-1,866,1029,1023,-1,1023,1029,1030,-1,1023,1030,1024,-1,1024,1030,1031,-1,1024,1031,1025,-1,1025,1031,1026,-1,1025,1026,1021,-1,1021,1026,1028,-1,1021,1028,1019,-1,1032,1033,1034,-1,1034,1033,1035,-1,627,867,841,-1,841,867,1036,-1,841,1036,1029,-1,1029,1036,1037,-1,1029,1037,1030,-1,1030,1037,1038,-1,1030,1038,1031,-1,1031,1038,1034,-1,1031,1034,1026,-1,1026,1034,1035,-1,1026,1035,1027,-1,1039,1040,1041,-1,640,840,867,-1,867,840,1042,-1,867,1042,1036,-1,1036,1042,1043,-1,1036,1043,1037,-1,1037,1043,1044,-1,1037,1044,1038,-1,1038,1044,1039,-1,1038,1039,1034,-1,1034,1039,1041,-1,1034,1041,1032,-1,1045,1046,1047,-1,1047,1046,1048,-1,651,868,840,-1,840,868,1049,-1,840,1049,1042,-1,1042,1049,1050,-1,1042,1050,1043,-1,1043,1050,1051,-1,1043,1051,1044,-1,1044,1051,1047,-1,1044,1047,1039,-1,1039,1047,1048,-1,1039,1048,1040,-1,1052,1053,1054,-1,646,839,868,-1,868,839,1055,-1,868,1055,1049,-1,1049,1055,1056,-1,1049,1056,1050,-1,1050,1056,1057,-1,1050,1057,1051,-1,1051,1057,1052,-1,1051,1052,1047,-1,1047,1052,1054,-1,1047,1054,1045,-1,1058,1059,1060,-1,1060,1059,1061,-1,643,869,839,-1,839,869,1062,-1,839,1062,1055,-1,1055,1062,1063,-1,1055,1063,1056,-1,1056,1063,1064,-1,1056,1064,1057,-1,1057,1064,1060,-1,1057,1060,1052,-1,1052,1060,1061,-1,1052,1061,1053,-1,1065,1066,1067,-1,656,838,869,-1,869,838,1068,-1,869,1068,1062,-1,1062,1068,1069,-1,1062,1069,1063,-1,1063,1069,1070,-1,1063,1070,1064,-1,1064,1070,1065,-1,1064,1065,1060,-1,1060,1065,1067,-1,1060,1067,1058,-1,1071,1072,1073,-1,1073,1072,1074,-1,661,870,838,-1,838,870,1075,-1,838,1075,1068,-1,1068,1075,1076,-1,1068,1076,1069,-1,1069,1076,1077,-1,1069,1077,1070,-1,1070,1077,1073,-1,1070,1073,1065,-1,1065,1073,1074,-1,1065,1074,1066,-1,669,871,870,-1,870,871,1078,-1,870,1078,1075,-1,1075,1078,1079,-1,1075,1079,1076,-1,1076,1079,1080,-1,1076,1080,1077,-1,1077,1080,808,-1,1077,808,1073,-1,1073,808,807,-1,1073,807,1071,-1,1081,1082,1083,-1,1083,1082,1084,-1,665,872,871,-1,871,872,1085,-1,871,1085,1078,-1,1078,1085,1086,-1,1078,1086,1079,-1,1079,1086,1087,-1,1079,1087,1080,-1,1080,1087,1083,-1,1080,1083,808,-1,808,1083,1084,-1,808,1084,806,-1,671,873,872,-1,872,873,1088,-1,872,1088,1085,-1,1085,1088,1089,-1,1085,1089,1086,-1,1086,1089,1090,-1,1086,1090,1087,-1,1087,1090,805,-1,1087,805,1083,-1,1083,805,804,-1,1083,804,1081,-1,1091,1092,1093,-1,1093,1092,1094,-1,675,874,873,-1,873,874,1095,-1,873,1095,1088,-1,1088,1095,1096,-1,1088,1096,1089,-1,1089,1096,1097,-1,1089,1097,1090,-1,1090,1097,1093,-1,1090,1093,805,-1,805,1093,1094,-1,805,1094,803,-1,685,875,874,-1,874,875,1098,-1,874,1098,1095,-1,1095,1098,1099,-1,1095,1099,1096,-1,1096,1099,1100,-1,1096,1100,1097,-1,1097,1100,802,-1,1097,802,1093,-1,1093,802,801,-1,1093,801,1091,-1,1101,1102,1103,-1,1103,1102,1104,-1,681,876,875,-1,875,876,1105,-1,875,1105,1098,-1,1098,1105,1106,-1,1098,1106,1099,-1,1099,1106,1107,-1,1099,1107,1100,-1,1100,1107,1103,-1,1100,1103,802,-1,802,1103,1104,-1,802,1104,800,-1,687,877,876,-1,876,877,1108,-1,876,1108,1105,-1,1105,1108,1109,-1,1105,1109,1106,-1,1106,1109,1110,-1,1106,1110,1107,-1,1107,1110,799,-1,1107,799,1103,-1,1103,799,798,-1,1103,798,1101,-1,1111,1112,1113,-1,691,837,877,-1,877,837,1114,-1,877,1114,1108,-1,1108,1114,1115,-1,1108,1115,1109,-1,1109,1115,1116,-1,1109,1116,1110,-1,1110,1116,1111,-1,1110,1111,799,-1,799,1111,1113,-1,799,1113,797,-1,1117,1118,1119,-1,1119,1118,1120,-1,702,878,837,-1,837,878,1121,-1,837,1121,1114,-1,1114,1121,1122,-1,1114,1122,1115,-1,1115,1122,1123,-1,1115,1123,1116,-1,1116,1123,1119,-1,1116,1119,1111,-1,1111,1119,1120,-1,1111,1120,1112,-1,1124,1125,1126,-1,697,836,878,-1,878,836,1127,-1,878,1127,1121,-1,1121,1127,1128,-1,1121,1128,1122,-1,1122,1128,1129,-1,1122,1129,1123,-1,1123,1129,1124,-1,1123,1124,1119,-1,1119,1124,1126,-1,1119,1126,1117,-1,1130,1131,1132,-1,1132,1131,1133,-1,694,879,836,-1,836,879,1134,-1,836,1134,1127,-1,1127,1134,1135,-1,1127,1135,1128,-1,1128,1135,1136,-1,1128,1136,1129,-1,1129,1136,1132,-1,1129,1132,1124,-1,1124,1132,1133,-1,1124,1133,1125,-1,1137,1138,1139,-1,707,835,879,-1,879,835,1140,-1,879,1140,1134,-1,1134,1140,1141,-1,1134,1141,1135,-1,1135,1141,1142,-1,1135,1142,1136,-1,1136,1142,1137,-1,1136,1137,1132,-1,1132,1137,1139,-1,1132,1139,1130,-1,1143,1144,1145,-1,1145,1144,1146,-1,718,880,835,-1,835,880,1147,-1,835,1147,1140,-1,1140,1147,1148,-1,1140,1148,1141,-1,1141,1148,1149,-1,1141,1149,1142,-1,1142,1149,1145,-1,1142,1145,1137,-1,1137,1145,1146,-1,1137,1146,1138,-1,1150,1151,1152,-1,713,834,880,-1,880,834,1153,-1,880,1153,1147,-1,1147,1153,1154,-1,1147,1154,1148,-1,1148,1154,1155,-1,1148,1155,1149,-1,1149,1155,1150,-1,1149,1150,1145,-1,1145,1150,1152,-1,1145,1152,1143,-1,1156,1157,1158,-1,1158,1157,1159,-1,710,881,834,-1,834,881,1160,-1,834,1160,1153,-1,1153,1160,1161,-1,1153,1161,1154,-1,1154,1161,1162,-1,1154,1162,1155,-1,1155,1162,1158,-1,1155,1158,1150,-1,1150,1158,1159,-1,1150,1159,1151,-1,795,833,881,-1,881,833,1163,-1,881,1163,1160,-1,1160,1163,1164,-1,1160,1164,1161,-1,1161,1164,1165,-1,1161,1165,1162,-1,1162,1165,1166,-1,1162,1166,1158,-1,1158,1166,1167,-1,1158,1167,1156,-1,1168,1169,1170,-1,1169,1171,1172,-1,1171,894,885,-1,1171,885,1172,-1,1172,885,883,-1,1172,883,1173,-1,883,882,1173,-1,1173,882,831,-1,1173,831,1174,-1,831,830,1174,-1,1174,830,901,-1,1174,901,1175,-1,1175,901,899,-1,1175,899,1176,-1,899,898,1176,-1,1176,898,828,-1,1176,828,1177,-1,828,827,1177,-1,1177,827,911,-1,1177,911,1178,-1,1178,911,909,-1,1178,909,1179,-1,909,908,1179,-1,1179,908,825,-1,1179,825,1180,-1,825,824,1180,-1,1180,824,921,-1,1180,921,1181,-1,1181,921,919,-1,1181,919,1182,-1,1182,919,918,-1,1182,918,1183,-1,1183,918,822,-1,822,821,1183,-1,1183,821,930,-1,1183,930,1184,-1,1184,930,929,-1,1184,929,1185,-1,1185,929,937,-1,1185,937,1186,-1,1186,937,935,-1,935,934,1186,-1,1186,934,943,-1,1186,943,1187,-1,1187,943,942,-1,1187,942,1188,-1,1188,942,950,-1,1188,950,1189,-1,1189,950,948,-1,948,947,1189,-1,1189,947,956,-1,1189,956,1190,-1,1190,956,955,-1,1190,955,1191,-1,1191,955,963,-1,1191,963,1192,-1,1192,963,961,-1,961,960,1192,-1,1192,960,969,-1,1192,969,1193,-1,1193,969,968,-1,1193,968,1194,-1,1194,968,976,-1,1194,976,1195,-1,1195,976,974,-1,974,973,1195,-1,1195,973,819,-1,1195,819,1196,-1,819,818,1196,-1,1196,818,986,-1,1196,986,1197,-1,1197,986,984,-1,1197,984,1198,-1,984,983,1198,-1,1198,983,816,-1,1198,816,1199,-1,816,815,1199,-1,1199,815,996,-1,1199,996,1200,-1,1200,996,994,-1,1200,994,1201,-1,994,993,1201,-1,1201,993,813,-1,1201,813,1202,-1,813,812,1202,-1,1202,812,1006,-1,1202,1006,1203,-1,1203,1006,1004,-1,1203,1004,1204,-1,1004,1003,1204,-1,1204,1003,810,-1,1204,810,1205,-1,810,809,1205,-1,1205,809,1015,-1,1205,1015,1206,-1,1206,1015,1014,-1,1206,1014,1207,-1,1207,1014,1022,-1,1207,1022,1208,-1,1208,1022,1020,-1,1020,1019,1208,-1,1208,1019,1028,-1,1208,1028,1209,-1,1209,1028,1027,-1,1209,1027,1210,-1,1210,1027,1035,-1,1210,1035,1211,-1,1211,1035,1033,-1,1033,1032,1211,-1,1211,1032,1041,-1,1211,1041,1212,-1,1212,1041,1040,-1,1212,1040,1213,-1,1213,1040,1048,-1,1213,1048,1214,-1,1214,1048,1046,-1,1046,1045,1214,-1,1214,1045,1054,-1,1214,1054,1215,-1,1215,1054,1053,-1,1215,1053,1216,-1,1216,1053,1061,-1,1216,1061,1217,-1,1217,1061,1059,-1,1059,1058,1217,-1,1217,1058,1067,-1,1217,1067,1218,-1,1218,1067,1066,-1,1218,1066,1219,-1,1066,1074,1219,-1,1219,1074,1072,-1,1219,1072,1220,-1,1072,1071,1220,-1,1220,1071,807,-1,1220,807,1221,-1,807,806,1221,-1,1221,806,1084,-1,1221,1084,1222,-1,1222,1084,1082,-1,1222,1082,1223,-1,1082,1081,1223,-1,1223,1081,804,-1,1223,804,1224,-1,804,803,1224,-1,1224,803,1094,-1,1224,1094,1225,-1,1225,1094,1092,-1,1225,1092,1226,-1,1092,1091,1226,-1,1226,1091,801,-1,1226,801,1227,-1,801,800,1227,-1,1227,800,1104,-1,1227,1104,1228,-1,1228,1104,1102,-1,1228,1102,1229,-1,1102,1101,1229,-1,1229,1101,798,-1,1229,798,1230,-1,798,797,1230,-1,1230,797,1113,-1,1230,1113,1231,-1,1231,1113,1112,-1,1231,1112,1232,-1,1232,1112,1120,-1,1232,1120,1233,-1,1233,1120,1118,-1,1118,1117,1233,-1,1233,1117,1126,-1,1233,1126,1234,-1,1234,1126,1125,-1,1234,1125,1235,-1,1235,1125,1133,-1,1235,1133,1236,-1,1236,1133,1131,-1,1131,1130,1236,-1,1236,1130,1139,-1,1236,1139,1237,-1,1237,1139,1138,-1,1237,1138,1238,-1,1238,1138,1146,-1,1238,1146,1239,-1,1239,1146,1144,-1,1144,1143,1239,-1,1239,1143,1152,-1,1239,1152,1240,-1,1240,1152,1151,-1,1240,1151,1241,-1,1241,1151,1159,-1,1241,1159,1242,-1,1242,1159,1157,-1,1157,1156,1242,-1,1242,1156,1167,-1,1242,1167,1243,-1,1169,1172,1170,-1,1170,1172,1173,-1,1170,1173,1244,-1,1244,1173,1174,-1,1244,1174,1245,-1,1245,1174,1175,-1,1245,1175,1246,-1,1246,1175,1176,-1,1246,1176,1247,-1,1247,1176,1177,-1,1247,1177,1248,-1,1248,1177,1178,-1,1248,1178,1249,-1,1249,1178,1179,-1,1249,1179,1250,-1,1250,1179,1180,-1,1250,1180,1251,-1,1251,1180,1181,-1,1251,1181,1252,-1,1252,1181,1182,-1,1252,1182,1253,-1,1253,1182,1183,-1,1253,1183,1254,-1,1254,1183,1184,-1,1254,1184,1255,-1,1255,1184,1185,-1,1255,1185,1256,-1,1256,1185,1186,-1,1256,1186,1257,-1,1257,1186,1187,-1,1257,1187,1258,-1,1258,1187,1188,-1,1258,1188,1259,-1,1259,1188,1189,-1,1259,1189,1260,-1,1260,1189,1190,-1,1260,1190,1261,-1,1261,1190,1191,-1,1261,1191,1262,-1,1262,1191,1192,-1,1262,1192,1263,-1,1263,1192,1193,-1,1263,1193,1264,-1,1264,1193,1194,-1,1264,1194,1265,-1,1265,1194,1195,-1,1265,1195,1266,-1,1266,1195,1196,-1,1266,1196,1267,-1,1267,1196,1197,-1,1267,1197,1268,-1,1268,1197,1198,-1,1268,1198,1269,-1,1269,1198,1199,-1,1269,1199,1270,-1,1270,1199,1200,-1,1270,1200,1271,-1,1271,1200,1201,-1,1271,1201,1272,-1,1272,1201,1202,-1,1272,1202,1273,-1,1273,1202,1203,-1,1273,1203,1274,-1,1274,1203,1204,-1,1274,1204,1275,-1,1275,1204,1205,-1,1275,1205,1276,-1,1276,1205,1206,-1,1276,1206,1277,-1,1277,1206,1207,-1,1277,1207,1278,-1,1278,1207,1208,-1,1278,1208,1279,-1,1279,1208,1209,-1,1279,1209,1280,-1,1280,1209,1210,-1,1280,1210,1281,-1,1281,1210,1211,-1,1281,1211,1282,-1,1282,1211,1212,-1,1282,1212,1283,-1,1283,1212,1213,-1,1283,1213,1284,-1,1284,1213,1214,-1,1284,1214,1285,-1,1285,1214,1215,-1,1285,1215,1286,-1,1286,1215,1216,-1,1286,1216,1287,-1,1287,1216,1217,-1,1287,1217,1288,-1,1288,1217,1218,-1,1288,1218,1289,-1,1289,1218,1219,-1,1289,1219,1290,-1,1290,1219,1220,-1,1290,1220,1291,-1,1291,1220,1221,-1,1291,1221,1292,-1,1292,1221,1222,-1,1292,1222,1293,-1,1293,1222,1223,-1,1293,1223,1294,-1,1294,1223,1224,-1,1294,1224,1295,-1,1295,1224,1225,-1,1295,1225,1296,-1,1296,1225,1226,-1,1296,1226,1297,-1,1297,1226,1227,-1,1297,1227,1298,-1,1298,1227,1228,-1,1298,1228,1299,-1,1299,1228,1229,-1,1299,1229,1300,-1,1300,1229,1230,-1,1300,1230,1301,-1,1301,1230,1231,-1,1301,1231,1302,-1,1302,1231,1232,-1,1302,1232,1303,-1,1303,1232,1233,-1,1303,1233,1304,-1,1304,1233,1234,-1,1304,1234,1305,-1,1305,1234,1235,-1,1305,1235,1306,-1,1306,1235,1236,-1,1306,1236,1307,-1,1307,1236,1237,-1,1307,1237,1308,-1,1308,1237,1238,-1,1308,1238,1309,-1,1309,1238,1239,-1,1309,1239,1310,-1,1310,1239,1240,-1,1310,1240,1311,-1,1311,1240,1241,-1,1311,1241,1312,-1,1312,1241,1242,-1,1312,1242,1313,-1,1313,1242,1243,-1,1313,1243,1314,-1,1168,1170,1315,-1,1315,1170,1244,-1,1315,1244,1316,-1,1316,1244,1245,-1,1316,1245,1317,-1,1317,1245,1246,-1,1317,1246,1318,-1,1318,1246,1247,-1,1318,1247,1319,-1,1319,1247,1248,-1,1319,1248,1320,-1,1320,1248,1249,-1,1320,1249,1321,-1,1321,1249,1250,-1,1321,1250,1322,-1,1322,1250,1251,-1,1322,1251,1323,-1,1323,1251,1252,-1,1323,1252,1324,-1,1324,1252,1253,-1,1324,1253,1325,-1,1325,1253,1254,-1,1325,1254,1326,-1,1326,1254,1255,-1,1326,1255,1327,-1,1327,1255,1256,-1,1327,1256,1328,-1,1328,1256,1257,-1,1328,1257,1329,-1,1329,1257,1258,-1,1329,1258,1330,-1,1330,1258,1259,-1,1330,1259,1331,-1,1331,1259,1260,-1,1331,1260,1332,-1,1332,1260,1261,-1,1332,1261,1333,-1,1333,1261,1262,-1,1333,1262,1334,-1,1334,1262,1263,-1,1334,1263,1335,-1,1335,1263,1264,-1,1335,1264,1336,-1,1336,1264,1265,-1,1336,1265,1337,-1,1337,1265,1266,-1,1337,1266,1338,-1,1338,1266,1267,-1,1338,1267,1339,-1,1339,1267,1268,-1,1339,1268,1340,-1,1340,1268,1269,-1,1340,1269,1341,-1,1341,1269,1270,-1,1341,1270,1342,-1,1342,1270,1271,-1,1342,1271,1343,-1,1343,1271,1272,-1,1343,1272,1344,-1,1344,1272,1273,-1,1344,1273,1345,-1,1345,1273,1274,-1,1345,1274,1346,-1,1346,1274,1275,-1,1346,1275,1347,-1,1347,1275,1276,-1,1347,1276,1348,-1,1348,1276,1277,-1,1348,1277,1349,-1,1349,1277,1278,-1,1349,1278,1350,-1,1350,1278,1279,-1,1350,1279,1351,-1,1351,1279,1280,-1,1351,1280,1352,-1,1352,1280,1281,-1,1352,1281,1353,-1,1353,1281,1282,-1,1353,1282,1354,-1,1354,1282,1283,-1,1354,1283,1355,-1,1355,1283,1284,-1,1355,1284,1356,-1,1356,1284,1285,-1,1356,1285,1357,-1,1357,1285,1286,-1,1357,1286,1358,-1,1358,1286,1287,-1,1358,1287,1359,-1,1359,1287,1288,-1,1359,1288,1360,-1,1360,1288,1289,-1,1360,1289,1361,-1,1361,1289,1290,-1,1361,1290,1362,-1,1362,1290,1291,-1,1362,1291,1363,-1,1363,1291,1292,-1,1363,1292,1364,-1,1364,1292,1293,-1,1364,1293,1365,-1,1365,1293,1294,-1,1365,1294,1366,-1,1366,1294,1295,-1,1366,1295,1367,-1,1367,1295,1296,-1,1367,1296,1368,-1,1368,1296,1297,-1,1368,1297,1369,-1,1369,1297,1298,-1,1369,1298,1370,-1,1370,1298,1299,-1,1370,1299,1371,-1,1371,1299,1300,-1,1371,1300,1372,-1,1372,1300,1301,-1,1372,1301,1373,-1,1373,1301,1302,-1,1373,1302,1374,-1,1374,1302,1303,-1,1374,1303,1375,-1,1375,1303,1304,-1,1375,1304,1376,-1,1376,1304,1305,-1,1376,1305,1377,-1,1377,1305,1306,-1,1377,1306,1378,-1,1378,1306,1307,-1,1378,1307,1379,-1,1379,1307,1308,-1,1379,1308,1380,-1,1380,1308,1309,-1,1380,1309,1381,-1,1381,1309,1310,-1,1381,1310,1382,-1,1382,1310,1311,-1,1382,1311,1383,-1,1383,1311,1312,-1,1383,1312,1384,-1,1384,1312,1313,-1,1384,1313,1385,-1,1385,1313,1314,-1,1385,1314,1386,-1,1387,1388,1389,-1,1388,1390,1391,-1,1390,1392,1393,-1,1392,1394,1395,-1,1394,1396,1397,-1,1398,1399,1400,-1,1400,1399,1401,-1,1400,1401,1402,-1,1402,1401,1397,-1,1402,1397,1403,-1,1403,1397,1396,-1,1403,1396,1404,-1,1398,1405,1399,-1,1399,1405,1406,-1,1399,1406,1407,-1,1407,1406,1408,-1,1407,1408,1409,-1,1409,1408,1410,-1,1409,1410,1411,-1,1411,1410,1412,-1,1412,1413,1411,-1,1411,1413,1414,-1,1411,1414,1415,-1,1414,1416,1415,-1,1415,1416,1417,-1,1415,1417,1418,-1,1418,1417,1419,-1,1418,1419,1420,-1,1420,1419,1421,-1,1420,1421,1422,-1,1422,1421,1423,-1,1423,1424,1422,-1,1422,1424,1425,-1,1422,1425,1426,-1,1426,1425,1427,-1,1426,1427,1428,-1,1427,1429,1428,-1,1428,1429,1430,-1,1428,1430,1431,-1,1430,1432,1431,-1,1431,1432,1433,-1,1431,1433,1434,-1,1433,1435,1434,-1,1434,1435,1436,-1,1434,1436,1437,-1,1437,1436,1438,-1,1437,1438,1439,-1,1439,1438,1440,-1,1439,1440,1441,-1,1441,1440,1442,-1,1442,1443,1441,-1,1441,1443,1444,-1,1441,1444,1445,-1,1445,1444,1446,-1,1445,1446,1447,-1,1446,1448,1447,-1,1447,1448,1449,-1,1447,1449,1450,-1,1449,1451,1450,-1,1450,1451,1452,-1,1450,1452,1453,-1,1452,1454,1453,-1,1453,1454,1455,-1,1453,1455,1456,-1,1456,1455,1457,-1,1456,1457,1458,-1,1458,1457,1459,-1,1458,1459,1460,-1,1460,1459,1461,-1,1461,1462,1460,-1,1460,1462,1463,-1,1460,1463,1464,-1,1464,1463,1465,-1,1464,1465,1466,-1,1466,1465,1467,-1,1466,1467,1468,-1,1468,1467,1469,-1,1468,1469,1470,-1,1470,1469,1471,-1,1471,1472,1470,-1,1470,1472,1473,-1,1470,1473,1474,-1,1474,1473,1475,-1,1474,1475,1476,-1,1476,1475,1477,-1,1476,1477,1478,-1,1478,1477,1479,-1,1479,1480,1478,-1,1478,1480,1481,-1,1478,1481,1482,-1,1481,1483,1482,-1,1482,1483,1484,-1,1482,1484,1485,-1,1485,1484,1486,-1,1485,1486,1487,-1,1487,1486,1488,-1,1487,1488,1489,-1,1489,1488,1490,-1,1490,1491,1489,-1,1489,1491,1492,-1,1489,1492,1493,-1,1493,1492,1494,-1,1493,1494,1495,-1,1494,1496,1495,-1,1495,1496,1497,-1,1495,1497,1498,-1,1497,1499,1498,-1,1498,1499,1500,-1,1498,1500,1501,-1,1500,1502,1501,-1,1501,1502,1503,-1,1501,1503,1504,-1,1504,1503,1505,-1,1504,1505,1506,-1,1506,1505,1507,-1,1506,1507,1508,-1,1508,1507,1509,-1,1509,1510,1508,-1,1508,1510,1511,-1,1508,1511,1512,-1,1512,1511,1513,-1,1512,1513,1514,-1,1513,1515,1514,-1,1514,1515,1516,-1,1514,1516,1517,-1,1516,1518,1517,-1,1517,1518,1519,-1,1517,1519,1520,-1,1519,1521,1520,-1,1520,1521,1522,-1,1520,1522,1523,-1,1523,1522,1524,-1,1523,1524,1525,-1,1525,1524,1526,-1,1525,1526,1527,-1,1527,1526,1528,-1,1528,1529,1527,-1,1527,1529,1530,-1,1527,1530,1531,-1,1394,1397,1395,-1,1395,1397,1401,-1,1395,1401,1532,-1,1532,1401,1399,-1,1532,1399,1533,-1,1533,1399,1407,-1,1533,1407,1534,-1,1534,1407,1409,-1,1534,1409,1535,-1,1535,1409,1411,-1,1535,1411,1536,-1,1536,1411,1415,-1,1536,1415,1537,-1,1537,1415,1418,-1,1537,1418,1538,-1,1538,1418,1420,-1,1538,1420,1539,-1,1539,1420,1422,-1,1539,1422,1540,-1,1540,1422,1426,-1,1540,1426,1541,-1,1541,1426,1428,-1,1541,1428,1542,-1,1542,1428,1431,-1,1542,1431,1543,-1,1543,1431,1434,-1,1543,1434,1544,-1,1544,1434,1437,-1,1544,1437,1545,-1,1545,1437,1439,-1,1545,1439,1546,-1,1546,1439,1441,-1,1546,1441,1547,-1,1547,1441,1445,-1,1547,1445,1548,-1,1548,1445,1447,-1,1548,1447,1549,-1,1549,1447,1450,-1,1549,1450,1550,-1,1550,1450,1453,-1,1550,1453,1551,-1,1551,1453,1456,-1,1551,1456,1552,-1,1552,1456,1458,-1,1552,1458,1553,-1,1553,1458,1460,-1,1553,1460,1554,-1,1554,1460,1464,-1,1554,1464,1555,-1,1555,1464,1466,-1,1555,1466,1556,-1,1556,1466,1468,-1,1556,1468,1557,-1,1557,1468,1470,-1,1557,1470,1558,-1,1558,1470,1474,-1,1558,1474,1559,-1,1559,1474,1476,-1,1559,1476,1560,-1,1560,1476,1478,-1,1560,1478,1561,-1,1561,1478,1482,-1,1561,1482,1562,-1,1562,1482,1485,-1,1562,1485,1563,-1,1563,1485,1487,-1,1563,1487,1564,-1,1564,1487,1489,-1,1564,1489,1565,-1,1565,1489,1493,-1,1565,1493,1566,-1,1566,1493,1495,-1,1566,1495,1567,-1,1567,1495,1498,-1,1567,1498,1568,-1,1568,1498,1501,-1,1568,1501,1569,-1,1569,1501,1504,-1,1569,1504,1570,-1,1570,1504,1506,-1,1570,1506,1571,-1,1571,1506,1508,-1,1571,1508,1572,-1,1572,1508,1512,-1,1572,1512,1573,-1,1573,1512,1514,-1,1573,1514,1574,-1,1574,1514,1517,-1,1574,1517,1575,-1,1575,1517,1520,-1,1575,1520,1576,-1,1576,1520,1523,-1,1576,1523,1577,-1,1577,1523,1525,-1,1577,1525,1578,-1,1578,1525,1527,-1,1578,1527,1579,-1,1579,1527,1531,-1,1579,1531,1580,-1,1392,1395,1393,-1,1393,1395,1532,-1,1393,1532,1581,-1,1581,1532,1533,-1,1581,1533,1582,-1,1582,1533,1534,-1,1582,1534,1583,-1,1583,1534,1535,-1,1583,1535,1584,-1,1584,1535,1536,-1,1584,1536,1585,-1,1585,1536,1537,-1,1585,1537,1586,-1,1586,1537,1538,-1,1586,1538,1587,-1,1587,1538,1539,-1,1587,1539,1588,-1,1588,1539,1540,-1,1588,1540,1589,-1,1589,1540,1541,-1,1589,1541,1590,-1,1590,1541,1542,-1,1590,1542,1591,-1,1591,1542,1543,-1,1591,1543,1592,-1,1592,1543,1544,-1,1592,1544,1593,-1,1593,1544,1545,-1,1593,1545,1594,-1,1594,1545,1546,-1,1594,1546,1595,-1,1595,1546,1547,-1,1595,1547,1596,-1,1596,1547,1548,-1,1596,1548,1597,-1,1597,1548,1549,-1,1597,1549,1598,-1,1598,1549,1550,-1,1598,1550,1599,-1,1599,1550,1551,-1,1599,1551,1600,-1,1600,1551,1552,-1,1600,1552,1601,-1,1601,1552,1553,-1,1601,1553,1602,-1,1602,1553,1554,-1,1602,1554,1603,-1,1603,1554,1555,-1,1603,1555,1604,-1,1604,1555,1556,-1,1604,1556,1605,-1,1605,1556,1557,-1,1605,1557,1606,-1,1606,1557,1558,-1,1606,1558,1607,-1,1607,1558,1559,-1,1607,1559,1608,-1,1608,1559,1560,-1,1608,1560,1609,-1,1609,1560,1561,-1,1609,1561,1610,-1,1610,1561,1562,-1,1610,1562,1611,-1,1611,1562,1563,-1,1611,1563,1612,-1,1612,1563,1564,-1,1612,1564,1613,-1,1613,1564,1565,-1,1613,1565,1614,-1,1614,1565,1566,-1,1614,1566,1615,-1,1615,1566,1567,-1,1615,1567,1616,-1,1616,1567,1568,-1,1616,1568,1617,-1,1617,1568,1569,-1,1617,1569,1618,-1,1618,1569,1570,-1,1618,1570,1619,-1,1619,1570,1571,-1,1619,1571,1620,-1,1620,1571,1572,-1,1620,1572,1621,-1,1621,1572,1573,-1,1621,1573,1622,-1,1622,1573,1574,-1,1622,1574,1623,-1,1623,1574,1575,-1,1623,1575,1624,-1,1624,1575,1576,-1,1624,1576,1625,-1,1625,1576,1577,-1,1625,1577,1626,-1,1626,1577,1578,-1,1626,1578,1627,-1,1627,1578,1579,-1,1627,1579,1628,-1,1628,1579,1580,-1,1628,1580,1629,-1,1390,1393,1391,-1,1391,1393,1581,-1,1391,1581,1630,-1,1630,1581,1582,-1,1630,1582,1631,-1,1631,1582,1583,-1,1631,1583,1632,-1,1632,1583,1584,-1,1632,1584,1633,-1,1633,1584,1585,-1,1633,1585,1634,-1,1634,1585,1586,-1,1634,1586,1635,-1,1635,1586,1587,-1,1635,1587,1636,-1,1636,1587,1588,-1,1636,1588,1637,-1,1637,1588,1589,-1,1637,1589,1638,-1,1638,1589,1590,-1,1638,1590,1639,-1,1639,1590,1591,-1,1639,1591,1640,-1,1640,1591,1592,-1,1640,1592,1641,-1,1641,1592,1593,-1,1641,1593,1642,-1,1642,1593,1594,-1,1642,1594,1643,-1,1643,1594,1595,-1,1643,1595,1644,-1,1644,1595,1596,-1,1644,1596,1645,-1,1645,1596,1597,-1,1645,1597,1646,-1,1646,1597,1598,-1,1646,1598,1647,-1,1647,1598,1599,-1,1647,1599,1648,-1,1648,1599,1600,-1,1648,1600,1649,-1,1649,1600,1601,-1,1649,1601,1650,-1,1650,1601,1602,-1,1650,1602,1651,-1,1651,1602,1603,-1,1651,1603,1652,-1,1652,1603,1604,-1,1652,1604,1653,-1,1653,1604,1605,-1,1653,1605,1654,-1,1654,1605,1606,-1,1654,1606,1655,-1,1655,1606,1607,-1,1655,1607,1656,-1,1656,1607,1608,-1,1656,1608,1657,-1,1657,1608,1609,-1,1657,1609,1658,-1,1658,1609,1610,-1,1658,1610,1659,-1,1659,1610,1611,-1,1659,1611,1660,-1,1660,1611,1612,-1,1660,1612,1661,-1,1661,1612,1613,-1,1661,1613,1662,-1,1662,1613,1614,-1,1662,1614,1663,-1,1663,1614,1615,-1,1663,1615,1664,-1,1664,1615,1616,-1,1664,1616,1665,-1,1665,1616,1617,-1,1665,1617,1666,-1,1666,1617,1618,-1,1666,1618,1667,-1,1667,1618,1619,-1,1667,1619,1668,-1,1668,1619,1620,-1,1668,1620,1669,-1,1669,1620,1621,-1,1669,1621,1670,-1,1670,1621,1622,-1,1670,1622,1671,-1,1671,1622,1623,-1,1671,1623,1672,-1,1672,1623,1624,-1,1672,1624,1673,-1,1673,1624,1625,-1,1673,1625,1674,-1,1674,1625,1626,-1,1674,1626,1675,-1,1675,1626,1627,-1,1675,1627,1676,-1,1676,1627,1628,-1,1676,1628,1677,-1,1677,1628,1629,-1,1677,1629,1678,-1,1388,1391,1389,-1,1389,1391,1630,-1,1389,1630,1679,-1,1679,1630,1631,-1,1679,1631,1680,-1,1680,1631,1632,-1,1680,1632,1681,-1,1681,1632,1633,-1,1681,1633,1682,-1,1682,1633,1634,-1,1682,1634,1683,-1,1683,1634,1635,-1,1683,1635,1684,-1,1684,1635,1636,-1,1684,1636,1685,-1,1685,1636,1637,-1,1685,1637,1686,-1,1686,1637,1638,-1,1686,1638,1687,-1,1687,1638,1639,-1,1687,1639,1688,-1,1688,1639,1640,-1,1688,1640,1689,-1,1689,1640,1641,-1,1689,1641,1690,-1,1690,1641,1642,-1,1690,1642,1691,-1,1691,1642,1643,-1,1691,1643,1692,-1,1692,1643,1644,-1,1692,1644,1693,-1,1693,1644,1645,-1,1693,1645,1694,-1,1694,1645,1646,-1,1694,1646,1695,-1,1695,1646,1647,-1,1695,1647,1696,-1,1696,1647,1648,-1,1696,1648,1697,-1,1697,1648,1649,-1,1697,1649,1698,-1,1698,1649,1650,-1,1698,1650,1699,-1,1699,1650,1651,-1,1699,1651,1700,-1,1700,1651,1652,-1,1700,1652,1701,-1,1701,1652,1653,-1,1701,1653,1702,-1,1702,1653,1654,-1,1702,1654,1703,-1,1703,1654,1655,-1,1703,1655,1704,-1,1704,1655,1656,-1,1704,1656,1705,-1,1705,1656,1657,-1,1705,1657,1706,-1,1706,1657,1658,-1,1706,1658,1707,-1,1707,1658,1659,-1,1707,1659,1708,-1,1708,1659,1660,-1,1708,1660,1709,-1,1709,1660,1661,-1,1709,1661,1710,-1,1710,1661,1662,-1,1710,1662,1711,-1,1711,1662,1663,-1,1711,1663,1712,-1,1712,1663,1664,-1,1712,1664,1713,-1,1713,1664,1665,-1,1713,1665,1714,-1,1714,1665,1666,-1,1714,1666,1715,-1,1715,1666,1667,-1,1715,1667,1716,-1,1716,1667,1668,-1,1716,1668,1717,-1,1717,1668,1669,-1,1717,1669,1718,-1,1718,1669,1670,-1,1718,1670,1719,-1,1719,1670,1671,-1,1719,1671,1720,-1,1720,1671,1672,-1,1720,1672,1721,-1,1721,1672,1673,-1,1721,1673,1722,-1,1722,1673,1674,-1,1722,1674,1723,-1,1723,1674,1675,-1,1723,1675,1724,-1,1724,1675,1676,-1,1724,1676,1725,-1,1725,1676,1677,-1,1725,1677,1726,-1,1726,1677,1678,-1,1726,1678,1727,-1,1387,1389,1728,-1,1728,1389,1679,-1,1728,1679,1729,-1,1729,1679,1680,-1,1729,1680,1730,-1,1730,1680,1681,-1,1730,1681,1731,-1,1731,1681,1682,-1,1731,1682,1732,-1,1732,1682,1683,-1,1732,1683,1733,-1,1733,1683,1684,-1,1733,1684,1734,-1,1734,1684,1685,-1,1734,1685,1735,-1,1735,1685,1686,-1,1735,1686,1736,-1,1736,1686,1687,-1,1736,1687,1737,-1,1737,1687,1688,-1,1737,1688,1738,-1,1738,1688,1689,-1,1738,1689,1739,-1,1739,1689,1690,-1,1739,1690,1740,-1,1740,1690,1691,-1,1740,1691,1741,-1,1741,1691,1692,-1,1741,1692,1742,-1,1742,1692,1693,-1,1742,1693,1743,-1,1743,1693,1694,-1,1743,1694,1744,-1,1744,1694,1695,-1,1744,1695,1745,-1,1745,1695,1696,-1,1745,1696,1746,-1,1746,1696,1697,-1,1746,1697,1747,-1,1747,1697,1698,-1,1747,1698,1748,-1,1748,1698,1699,-1,1748,1699,1749,-1,1749,1699,1700,-1,1749,1700,1750,-1,1750,1700,1701,-1,1750,1701,1751,-1,1751,1701,1702,-1,1751,1702,1752,-1,1752,1702,1703,-1,1752,1703,1753,-1,1753,1703,1704,-1,1753,1704,1754,-1,1754,1704,1705,-1,1754,1705,1755,-1,1755,1705,1706,-1,1755,1706,1756,-1,1756,1706,1707,-1,1756,1707,1757,-1,1757,1707,1708,-1,1757,1708,1758,-1,1758,1708,1709,-1,1758,1709,1759,-1,1759,1709,1710,-1,1759,1710,1760,-1,1760,1710,1711,-1,1760,1711,1761,-1,1761,1711,1712,-1,1761,1712,1762,-1,1762,1712,1713,-1,1762,1713,1763,-1,1763,1713,1714,-1,1763,1714,1764,-1,1764,1714,1715,-1,1764,1715,1765,-1,1765,1715,1716,-1,1765,1716,1766,-1,1766,1716,1717,-1,1766,1717,1767,-1,1767,1717,1718,-1,1767,1718,1768,-1,1768,1718,1719,-1,1768,1719,1769,-1,1769,1719,1720,-1,1769,1720,1770,-1,1770,1720,1721,-1,1770,1721,1771,-1,1771,1721,1722,-1,1771,1722,1772,-1,1772,1722,1723,-1,1772,1723,1773,-1,1773,1723,1724,-1,1773,1724,1774,-1,1774,1724,1725,-1,1774,1725,1775,-1,1775,1725,1726,-1,1775,1726,1776,-1,1776,1726,1727,-1,1776,1727,1777,-1,1778,1779,1732,-1,1777,1780,1776,-1,1776,1780,1781,-1,1782,1783,1771,-1,1784,1785,1757,-1,1786,1787,1387,-1,1788,1765,1789,-1,1789,1765,1766,-1,1789,1766,1790,-1,1791,1748,1792,-1,1792,1748,1749,-1,1792,1749,1793,-1,1794,1746,1791,-1,1791,1746,1747,-1,1791,1747,1748,-1,1795,1737,1796,-1,1796,1737,1738,-1,1796,1738,1797,-1,1771,1772,1782,-1,1782,1772,1773,-1,1782,1773,1798,-1,1798,1773,1774,-1,1798,1774,1781,-1,1781,1774,1775,-1,1781,1775,1776,-1,1766,1767,1790,-1,1790,1767,1768,-1,1790,1768,1799,-1,1799,1768,1769,-1,1799,1769,1783,-1,1783,1769,1770,-1,1783,1770,1771,-1,1800,1762,1801,-1,1801,1762,1763,-1,1801,1763,1788,-1,1788,1763,1764,-1,1788,1764,1765,-1,1802,1754,1803,-1,1803,1754,1755,-1,1803,1755,1785,-1,1785,1755,1756,-1,1785,1756,1757,-1,1732,1733,1778,-1,1778,1733,1734,-1,1778,1734,1804,-1,1804,1734,1735,-1,1804,1735,1795,-1,1795,1735,1736,-1,1795,1736,1737,-1,1387,1728,1786,-1,1786,1728,1729,-1,1786,1729,1805,-1,1805,1729,1730,-1,1805,1730,1779,-1,1779,1730,1731,-1,1779,1731,1732,-1,1749,1750,1793,-1,1793,1750,1751,-1,1793,1751,1806,-1,1806,1751,1752,-1,1806,1752,1802,-1,1802,1752,1753,-1,1802,1753,1754,-1,1807,1743,1808,-1,1808,1743,1744,-1,1808,1744,1794,-1,1794,1744,1745,-1,1794,1745,1746,-1,1757,1758,1784,-1,1784,1758,1759,-1,1784,1759,1809,-1,1809,1759,1760,-1,1809,1760,1800,-1,1800,1760,1761,-1,1800,1761,1762,-1,1738,1739,1797,-1,1797,1739,1740,-1,1797,1740,1810,-1,1810,1740,1741,-1,1810,1741,1807,-1,1807,1741,1742,-1,1807,1742,1743,-1,
        ]
    }
}
Shape{
    appearance Appearance {
        material  Material 	{
            diffuseColor 1.0 1.0 1.0
            specularColor 0.8784313725490196 0.8784313725490196 0.8784313725490196
            ambientIntensity 1.0
            transparency 0.0
            shininess 0.5
        }
    }
    geometry IndexedFaceSet {
        ccw TRUE
        solid FALSE
        coord DEF co Coordinate {
            point [
                0.7936 -1.4101 6.2205, 0.7881 -1.4079 6.2205, 0.788 -1.4078 6.2205, 0.8221 -1.3881 6.2205, 0.8222 -1.3882 6.2205, 0.8213 -1.3941 6.2205, 0.819 -1.3995 6.2205, 0.8154 -1.4042 6.2205, 0.7994 -1.4108 6.2205, 0.8053 -1.41 6.2205, 0.8107 -1.4077 6.2205, -1.624 -0.0128 6.2205, -1.6265 -0.008 6.2205, -1.6161 -0.0002 6.2205, -1.6278 -0.0028 6.2205, -1.6278 0.0025 6.2205, -1.6265 0.0077 6.2205, -1.6161 0.0195 6.2205, -1.616 0.0195 6.2205, -1.6205 0.0165 6.2205, -1.624 0.0124 6.2205, -1.616 -0.0198 6.2205, -1.6161 -0.0198 6.2205, -1.6205 -0.0168 6.2205, -1.6161 0.0195 6.1811, -1.6205 0.0165 6.1811, -1.624 0.0124 6.1811, -1.6265 0.0077 6.1811, -1.6278 0.0025 6.1811, -1.6278 -0.0028 6.1811, -1.6265 -0.008 6.1811, -1.624 -0.0128 6.1811, -1.6205 -0.0168 6.1811, -1.6161 -0.0198 6.1811, -0.0133 0.0195 6.1811, -0.0133 0.0195 6.2205, 0.788 1.4075 6.2205, 0.7881 1.4076 6.1811, 0.7881 1.4076 6.2205, 0.8222 1.3879 6.1811, 0.8222 1.3879 6.2205, 0.8232 1.3928 6.1811, 0.8232 1.3928 6.2205, 0.823 1.3978 6.1811, 0.823 1.3978 6.2205, 0.8215 1.4026 6.1811, 0.8215 1.4026 6.2205, 0.8189 1.4069 6.1811, 0.8189 1.4069 6.2205, 0.8153 1.4104 6.1811, 0.8153 1.4104 6.2205, 0.811 1.413 6.1811, 0.811 1.413 6.2205, 0.8062 1.4143 6.1811, 0.8062 1.4143 6.2205, 0.8011 1.4144 6.1811, 0.8011 1.4144 6.2205, 0.7963 1.4133 6.1811, 0.7963 1.4133 6.2205, 0.7918 1.4109 6.1811, 0.7918 1.4109 6.2205, 0.8221 1.3878 6.2205, 0.0208 -0.0002 6.1811, 0.0208 -0.0002 6.2205, 0.8222 -1.3882 6.1811, 0.7881 -1.4079 6.1811, 0.7936 -1.4101 6.1811, 0.7994 -1.4108 6.1811, 0.8053 -1.41 6.1811, 0.8107 -1.4077 6.1811, 0.8154 -1.4042 6.1811, 0.819 -1.3995 6.1811, 0.8213 -1.3941 6.1811, -0.0133 -0.0198 6.1811, -0.0133 -0.0198 6.2205
            ]
        }
        coordIndex [
            0,1,2,-1,2,3,4,-1,4,5,2,-1,2,5,6,-1,2,6,7,-1,8,0,9,-1,9,0,2,-1,9,2,10,-1,10,2,7,-1,11,12,13,-1,12,14,13,-1,13,14,15,-1,13,15,16,-1,17,18,19,-1,19,18,13,-1,19,13,20,-1,20,13,16,-1,21,22,13,-1,13,22,23,-1,13,23,11,-1,24,17,25,-1,25,17,19,-1,25,19,26,-1,26,19,20,-1,26,20,27,-1,27,20,16,-1,27,16,28,-1,28,16,15,-1,28,15,29,-1,29,15,14,-1,29,14,30,-1,30,14,12,-1,30,12,31,-1,31,12,11,-1,31,11,32,-1,32,11,23,-1,32,23,33,-1,33,23,22,-1,17,24,18,-1,18,24,34,-1,18,34,35,-1,35,34,36,-1,36,34,37,-1,36,37,38,-1,39,40,41,-1,41,40,42,-1,41,42,43,-1,43,42,44,-1,43,44,45,-1,45,44,46,-1,45,46,47,-1,47,46,48,-1,47,48,49,-1,49,48,50,-1,49,50,51,-1,51,50,52,-1,51,52,53,-1,53,52,54,-1,53,54,55,-1,55,54,56,-1,55,56,57,-1,57,56,58,-1,57,58,59,-1,59,58,60,-1,59,60,37,-1,37,60,38,-1,40,39,61,-1,61,39,62,-1,61,62,63,-1,63,62,3,-1,3,62,64,-1,3,64,4,-1,65,1,66,-1,66,1,0,-1,66,0,67,-1,67,0,8,-1,67,8,68,-1,68,8,9,-1,68,9,69,-1,69,9,10,-1,69,10,70,-1,70,10,7,-1,70,7,71,-1,71,7,6,-1,71,6,72,-1,72,6,5,-1,72,5,64,-1,64,5,4,-1,1,65,2,-1,2,65,73,-1,2,73,74,-1,74,73,21,-1,21,73,33,-1,21,33,22,-1,59,37,41,-1,69,70,73,-1,30,62,29,-1,29,62,28,-1,51,53,41,-1,25,26,62,-1,62,26,27,-1,62,27,28,-1,73,65,66,-1,64,62,72,-1,72,62,73,-1,72,73,71,-1,71,73,70,-1,43,45,47,-1,33,73,32,-1,32,73,62,-1,32,62,31,-1,31,62,30,-1,66,67,73,-1,73,67,68,-1,73,68,69,-1,41,37,39,-1,39,37,34,-1,39,34,62,-1,62,34,24,-1,62,24,25,-1,43,47,41,-1,41,47,49,-1,41,49,51,-1,53,55,41,-1,41,55,57,-1,41,57,59,-1,42,40,61,-1,61,36,42,-1,42,36,38,-1,42,38,60,-1,42,48,44,-1,44,48,46,-1,60,58,42,-1,42,58,56,-1,42,56,54,-1,54,52,42,-1,42,52,50,-1,42,50,48,-1,
        ]
    }
}
Shape{
    appearance Appearance {
        material  Material 	{
            diffuseColor 0.7686274509803922 0.7686274509803922 0.7686274509803922
            specularColor 0.615686274509804 0.615686274509804 0.615686274509804
            ambientIntensity 0.7686
            transparency 0.0
            shininess 0.5
        }
    }
    geometry IndexedFaceSet {
        ccw TRUE
        solid FALSE
        coord DEF co Coordinate {
            point [
                -1.1043 -0.0002 0.0, -1.1003 -0.0307 -1.378, -1.1003 -0.0307 0.0, -1.0885 -0.0592 -1.378, -1.0885 -0.0592 0.0, -1.0697 -0.0837 -1.378, -1.0697 -0.0837 0.0, -1.0453 -0.1025 -1.378, -1.0453 -0.1025 0.0, -1.0168 -0.1143 -1.378, -1.0168 -0.1143 0.0, -0.9862 -0.1183 -1.378, -0.9862 -0.1183 0.0, -0.9557 -0.1143 -1.378, -0.9557 -0.1143 0.0, -0.9272 -0.1025 -1.378, -0.9272 -0.1025 0.0, -0.9027 -0.0837 -1.378, -0.9027 -0.0837 0.0, -0.8839 -0.0592 -1.378, -0.8839 -0.0592 0.0, -0.8721 -0.0307 -1.378, -0.8721 -0.0307 0.0, -0.8681 -0.0002 -1.378, -0.8681 -0.0002 0.0, -0.8721 0.0304 -1.378, -0.8721 0.0304 0.0, -0.8839 0.0589 -1.378, -0.8839 0.0589 0.0, -0.9027 0.0834 -1.378, -0.9027 0.0834 0.0, -0.9272 0.1021 -1.378, -0.9272 0.1021 0.0, -0.9557 0.1139 -1.378, -0.9557 0.1139 0.0, -0.9862 0.1179 -1.378, -0.9862 0.1179 0.0, -1.0168 0.1139 -1.378, -1.0168 0.1139 0.0, -1.0453 0.1021 -1.378, -1.0453 0.1021 0.0, -1.0697 0.0834 -1.378, -1.0697 0.0834 0.0, -1.0885 0.0589 -1.378, -1.0885 0.0589 0.0, -1.1003 0.0304 -1.378, -1.1003 0.0304 0.0, -1.1043 -0.0002 -1.378, -0.9862 -0.0002 -1.378, 0.8642 -0.0002 0.0, 0.8682 -0.0307 -1.378, 0.8682 -0.0307 0.0, 0.88 -0.0592 -1.378, 0.88 -0.0592 0.0, 0.8988 -0.0837 -1.378, 0.8988 -0.0837 0.0, 0.9232 -0.1025 -1.378, 0.9232 -0.1025 0.0, 0.9517 -0.1143 -1.378, 0.9517 -0.1143 0.0, 0.9823 -0.1183 -1.378, 0.9823 -0.1183 0.0, 1.0129 -0.1143 -1.378, 1.0129 -0.1143 0.0, 1.0413 -0.1025 -1.378, 1.0413 -0.1025 0.0, 1.0658 -0.0837 -1.378, 1.0658 -0.0837 0.0, 1.0846 -0.0592 -1.378, 1.0846 -0.0592 0.0, 1.0964 -0.0307 -1.378, 1.0964 -0.0307 0.0, 1.1004 -0.0002 -1.378, 1.1004 -0.0002 0.0, 1.0964 0.0304 -1.378, 1.0964 0.0304 0.0, 1.0846 0.0589 -1.378, 1.0846 0.0589 0.0, 1.0658 0.0834 -1.378, 1.0658 0.0834 0.0, 1.0413 0.1021 -1.378, 1.0413 0.1021 0.0, 1.0129 0.1139 -1.378, 1.0129 0.1139 0.0, 0.9823 0.1179 -1.378, 0.9823 0.1179 0.0, 0.9517 0.1139 -1.378, 0.9517 0.1139 0.0, 0.9232 0.1021 -1.378, 0.9232 0.1021 0.0, 0.8988 0.0834 -1.378, 0.8988 0.0834 0.0, 0.88 0.0589 -1.378, 0.88 0.0589 0.0, 0.8682 0.0304 -1.378, 0.8682 0.0304 0.0, 0.8642 -0.0002 -1.378, 0.9823 -0.0002 -1.378
            ]
        }
        coordIndex [
            0,1,2,-1,2,1,3,-1,2,3,4,-1,4,3,5,-1,4,5,6,-1,6,5,7,-1,6,7,8,-1,8,7,9,-1,8,9,10,-1,10,9,11,-1,10,11,12,-1,12,11,13,-1,12,13,14,-1,14,13,15,-1,14,15,16,-1,16,15,17,-1,16,17,18,-1,18,17,19,-1,18,19,20,-1,20,19,21,-1,20,21,22,-1,22,21,23,-1,22,23,24,-1,24,23,25,-1,24,25,26,-1,26,25,27,-1,26,27,28,-1,28,27,29,-1,28,29,30,-1,30,29,31,-1,30,31,32,-1,32,31,33,-1,32,33,34,-1,34,33,35,-1,34,35,36,-1,36,35,37,-1,36,37,38,-1,38,37,39,-1,38,39,40,-1,40,39,41,-1,40,41,42,-1,42,41,43,-1,42,43,44,-1,44,43,45,-1,44,45,46,-1,46,45,47,-1,46,47,0,-1,0,47,1,-1,27,25,48,-1,48,25,23,-1,48,23,21,-1,33,31,48,-1,48,31,29,-1,48,29,27,-1,39,37,48,-1,48,37,35,-1,48,35,33,-1,45,43,48,-1,48,43,41,-1,48,41,39,-1,3,1,48,-1,48,1,47,-1,48,47,45,-1,9,7,48,-1,48,7,5,-1,48,5,3,-1,15,13,48,-1,48,13,11,-1,48,11,9,-1,21,19,48,-1,48,19,17,-1,48,17,15,-1,49,50,51,-1,51,50,52,-1,51,52,53,-1,53,52,54,-1,53,54,55,-1,55,54,56,-1,55,56,57,-1,57,56,58,-1,57,58,59,-1,59,58,60,-1,59,60,61,-1,61,60,62,-1,61,62,63,-1,63,62,64,-1,63,64,65,-1,65,64,66,-1,65,66,67,-1,67,66,68,-1,67,68,69,-1,69,68,70,-1,69,70,71,-1,71,70,72,-1,71,72,73,-1,73,72,74,-1,73,74,75,-1,75,74,76,-1,75,76,77,-1,77,76,78,-1,77,78,79,-1,79,78,80,-1,79,80,81,-1,81,80,82,-1,81,82,83,-1,83,82,84,-1,83,84,85,-1,85,84,86,-1,85,86,87,-1,87,86,88,-1,87,88,89,-1,89,88,90,-1,89,90,91,-1,91,90,92,-1,91,92,93,-1,93,92,94,-1,93,94,95,-1,95,94,96,-1,95,96,49,-1,49,96,50,-1,76,74,97,-1,97,74,72,-1,97,72,70,-1,82,80,97,-1,97,80,78,-1,97,78,76,-1,88,86,97,-1,97,86,84,-1,97,84,82,-1,94,92,97,-1,97,92,90,-1,97,90,88,-1,52,50,97,-1,97,50,96,-1,97,96,94,-1,58,56,97,-1,97,56,54,-1,97,54,52,-1,64,62,97,-1,97,62,60,-1,97,60,58,-1,70,68,97,-1,97,68,66,-1,97,66,64,-1,
        ]
    }
}
Shape{
    appearance Appearance {
        material  Material 	{
            diffuseColor 1.0 1.0 1.0
            specularColor 0.8784313725490196 0.8784313725490196 0.8784313725490196
            ambientIntensity 1.0
            transparency 0.0
            shininess 0.5
        }
    }
    geometry IndexedFaceSet {
        ccw TRUE
        solid FALSE
        coord DEF co Coordinate {
            point [
                0.2159 1.9566 2.3922, 0.2159 1.9562 2.3922, 0.1931 1.9586 2.4235, 0.1931 1.959 2.4235, 0.1786 1.96 2.4594, 0.1786 1.9604 2.4594, 0.173 1.9605 2.5001, 0.173 1.9609 2.5001, 0.3199 1.9422 2.3417, 0.3199 1.9418 2.3417, 0.282 1.9478 2.3494, 0.282 1.9482 2.3494, 0.2471 1.9525 2.3662, 0.2471 1.9529 2.3662, 0.3871 1.9299 2.3422, 0.3871 1.9295 2.3422, 0.4199 1.923 2.3777, 0.4199 1.9226 2.3777, 0.4188 1.9228 2.3692, 0.4188 1.9232 2.3692, 0.4159 1.9235 2.3615, 0.4159 1.9239 2.3615, 0.411 1.9245 2.3543, 0.411 1.9249 2.3543, 0.4083 1.9251 2.3516, 0.4083 1.9255 2.3516, 0.401 1.9267 2.3463, 0.401 1.9271 2.3463, 0.3935 1.9282 2.3433, 0.3935 1.9286 2.3433, 0.3843 1.9305 2.4127, 0.3843 1.9301 2.4127, 0.3931 1.9283 2.4117, 0.3931 1.9287 2.4117, 0.401 1.9267 2.4086, 0.401 1.9271 2.4086, 0.408 1.9252 2.4037, 0.408 1.9256 2.4037, 0.4127 1.9242 2.3986, 0.4127 1.9246 2.3986, 0.4172 1.9232 2.3908, 0.4172 1.9236 2.3908, 0.4186 1.9233 2.3866, 0.4186 1.9229 2.3866, 0.4195 1.9231 2.3822, 0.4195 1.9227 2.3822, 0.3775 1.9318 2.4116, 0.3775 1.9314 2.4116, 0.3798 1.931 2.4119, 0.3798 1.9314 2.412, 0.3832 1.9303 2.4125, 0.3832 1.9307 2.4127, 0.3262 1.9412 2.4112, 0.3262 1.9408 2.4112, 0.2436 1.9534 2.4994, 0.2436 1.953 2.4994, 0.2465 1.9526 2.4773, 0.2465 1.953 2.4773, 0.2545 1.9516 2.457, 0.2545 1.952 2.457, 0.2672 1.9499 2.4394, 0.2672 1.9503 2.4394, 0.2687 1.9496 2.4377, 0.2687 1.95 2.4377, 0.2856 1.9472 2.4241, 0.2856 1.9476 2.4241, 0.3058 1.9441 2.415, 0.3058 1.9445 2.415, 0.3318 1.9402 2.5889, 0.3318 1.9398 2.5889, 0.3102 1.9434 2.586, 0.3102 1.9438 2.586, 0.2904 1.9465 2.5782, 0.2904 1.9469 2.5782, 0.2728 1.9491 2.5658, 0.2728 1.9495 2.5658, 0.2598 1.9509 2.551, 0.2598 1.9513 2.551, 0.2493 1.9522 2.5313, 0.2493 1.9526 2.5313, 0.2441 1.9529 2.5094, 0.2441 1.9533 2.5094, 0.3409 1.9386 2.5889, 0.3409 1.9382 2.5889, 0.4993 1.9039 2.7324, 0.4993 1.9034 2.7324, 0.4608 1.9132 2.7274, 0.4608 1.9136 2.7274, 0.452 1.9152 2.7239, 0.4251 1.9218 2.7134, 0.4251 1.9214 2.7134, 0.4221 1.9225 2.7113, 0.3933 1.9282 2.691, 0.3933 1.9286 2.691, 0.3904 1.9288 2.6883, 0.3904 1.9292 2.6883, 0.365 1.9338 2.6575, 0.365 1.9342 2.6575, 0.3477 1.937 2.6206, 0.3477 1.9374 2.6206, 0.6527 1.8567 2.6242, 0.6527 1.8563 2.6242, 0.635 1.8624 2.66, 0.635 1.8628 2.66, 0.6093 1.871 2.6904, 0.6093 1.8715 2.6904, 0.5786 1.8808 2.7125, 0.5786 1.8812 2.7125, 0.5413 1.8919 2.7273, 0.5413 1.8923 2.7273, 0.7129 1.834 2.6417, 0.6862 1.8441 2.6382, 0.7129 1.8344 2.6417, 0.6862 1.8445 2.6382, 0.6684 1.851 2.6315, 0.6608 1.8534 2.6287, 0.6608 1.8538 2.6287, 0.8275 1.7855 2.5286, 0.8275 1.785 2.5286, 0.8266 1.7859 2.5425, 0.8266 1.7855 2.5426, 0.8239 1.7871 2.5561, 0.8239 1.7867 2.5561, 0.814 1.7913 2.5815, 0.814 1.7917 2.5815, 0.7981 1.7984 2.604, 0.7981 1.7989 2.604, 0.7783 1.8071 2.6214, 0.7783 1.8075 2.6214, 0.7528 1.8179 2.6347, 0.7528 1.8183 2.6347, 0.7337 1.8257 2.6391, 0.7247 1.8297 2.6411, 0.7247 1.8293 2.6411, 0.76 1.8153 2.4234, 0.76 1.8149 2.4234, 0.7847 1.8043 2.4388, 0.7847 1.8048 2.4388, 0.8049 1.7954 2.4599, 0.8049 1.7958 2.4599, 0.8183 1.7893 2.4832, 0.8183 1.7897 2.4832, 0.8232 1.7875 2.4968, 0.8232 1.787 2.4969, 0.8263 1.786 2.5111, 0.8263 1.7856 2.5111, 0.6524 1.8568 2.4978, 0.6524 1.8564 2.4978, 0.6684 1.851 2.4959, 0.6796 1.8466 2.4946, 0.6796 1.847 2.4946, 0.7048 1.8371 2.4852, 0.7048 1.8375 2.4852, 0.7282 1.8279 2.4692, 0.7282 1.8283 2.4692, 0.7337 1.8257 2.463, 0.7472 1.8206 2.4478, 0.7472 1.8202 2.4478, 0.5673 1.8846 2.4584, 0.5673 1.8842 2.4584, 0.5871 1.8781 2.4767, 0.5871 1.8786 2.4767, 0.6111 1.8704 2.4898, 0.6111 1.8708 2.4898, 0.6386 1.8612 2.4968, 0.6386 1.8616 2.4968, 0.4517 1.9141 2.5178, 0.422 1.9222 2.533, 0.4142 1.9239 2.5371, 0.4142 1.9243 2.5371, 0.3793 1.9315 2.4765, 0.3793 1.9311 2.4765, 0.4218 1.9212 2.4544, 0.4516 1.9136 2.4389, 0.5393 1.8929 2.3933, 0.5393 1.8925 2.3933, 0.5394 1.8929 2.382, 0.5394 1.8924 2.382, 0.654 1.8562 2.2689, 0.654 1.8558 2.2689, 0.6265 1.8653 2.2721, 0.6265 1.8657 2.2721, 0.601 1.8737 2.2817, 0.601 1.8741 2.2817, 0.5782 1.8809 2.2973, 0.5782 1.8813 2.2973, 0.5606 1.8863 2.3168, 0.5606 1.8867 2.3168, 0.5469 1.8903 2.3421, 0.5469 1.8907 2.3421, 0.5426 1.8919 2.3558, 0.5426 1.8915 2.3559, 0.5408 1.8924 2.3702, 0.5401 1.8922 2.3702, 0.7616 1.8146 2.3471, 0.7616 1.8142 2.3471, 0.7504 1.8189 2.3226, 0.7504 1.8193 2.3226, 0.7337 1.8257 2.3017, 0.7336 1.8262 2.3016, 0.7336 1.8257 2.3016, 0.7115 1.8345 2.2846, 0.7115 1.8349 2.2846, 0.6853 1.8445 2.2734, 0.6853 1.8449 2.2734, 0.6684 1.851 2.271, 0.6583 1.8543 2.2695, 0.6583 1.8547 2.2695, 0.8523 1.7737 2.4024, 0.8523 1.7733 2.4024, 0.8171 1.7898 2.3719, 0.8171 1.7903 2.3719, 0.7762 1.808 2.3516, 0.7762 1.8084 2.3516, 0.8993 1.7504 2.5268, 0.8993 1.7499 2.5268, 0.8981 1.751 2.5043, 0.8981 1.7505 2.5044, 0.8941 1.753 2.4822, 0.8941 1.7526 2.4822, 0.8874 1.7564 2.4604, 0.8873 1.756 2.4604, 0.8781 1.7611 2.4397, 0.8781 1.7607 2.4397, 0.8962 1.752 2.5594, 0.8909 1.7546 2.5805, 0.8909 1.7542 2.5805, 0.8725 1.7639 2.6214, 0.8725 1.7635 2.6214, 0.8448 1.7773 2.6563, 0.8448 1.7769 2.6563, 0.8989 1.7501 2.5378, 0.8962 1.7515 2.5595, 0.8982 1.7509 2.5377, 0.7135 1.8341 2.71, 0.7135 1.8337 2.71, 0.7336 1.8256 2.7076, 0.7584 1.816 2.7048, 0.7584 1.8156 2.7048, 0.8007 1.7973 2.6887, 0.8007 1.7977 2.6887, 0.8371 1.7806 2.6635, 0.8371 1.781 2.6635, 0.6874 1.8441 2.7075, 0.6874 1.8437 2.7075, 0.7005 1.8387 2.7087, 0.7005 1.8391 2.7087, 0.6369 1.8618 2.7573, 0.6638 1.8523 2.7345, 0.6369 1.8622 2.7573, 0.6638 1.8527 2.7345, 0.6685 1.851 2.7292, 0.5 1.9037 2.8007, 0.5 1.9033 2.8007, 0.5508 1.8891 2.7954, 0.5508 1.8895 2.7954, 0.6038 1.8728 2.7769, 0.6038 1.8732 2.7769, 0.3455 1.9378 2.7404, 0.3455 1.9374 2.7404, 0.3892 1.9291 2.7712, 0.452 1.9152 2.7945, 0.4455 1.9172 2.7936, 0.4455 1.9168 2.7936, 0.422 1.9223 2.7843, 0.3892 1.9295 2.7712, 0.2847 1.9478 2.65, 0.2847 1.9474 2.65, 0.3062 1.9441 2.6934, 0.3062 1.9445 2.6934, 0.178 1.9601 2.5372, 0.178 1.9605 2.5372, 0.1916 1.9588 2.5721, 0.1916 1.9592 2.5721, 0.2146 1.9564 2.6047, 0.2146 1.9568 2.6047, 0.2453 1.9527 2.631, 0.2453 1.9531 2.631, 0.2791 1.9482 2.6481, 0.2791 1.9486 2.6481, 0.6547 1.8556 2.3372, 0.6648 1.852 2.3385, 0.6547 1.856 2.3372, 0.6648 1.8524 2.3385, 0.6685 1.8511 2.3399, 0.6753 1.8482 2.3425, 0.6753 1.8486 2.3425, 0.6843 1.8448 2.3488, 0.6843 1.8453 2.3488, 0.6914 1.8422 2.3572, 0.6914 1.8426 2.3572, 0.6962 1.8404 2.3666, 0.6962 1.8408 2.3666, 0.6986 1.8395 2.3772, 0.6986 1.8399 2.3772, 0.6988 1.8398 2.3827, 0.6988 1.8394 2.3827, 0.6983 1.84 2.3883, 0.6983 1.8396 2.3883, 0.6971 1.8405 2.3938, 0.6971 1.84 2.3938, 0.6952 1.8412 2.3991, 0.6952 1.8407 2.3991, 0.6896 1.8429 2.4087, 0.6896 1.8433 2.4087, 0.6838 1.845 2.4149, 0.6838 1.8455 2.4149, 0.6748 1.8484 2.4211, 0.6748 1.8488 2.4211, 0.6685 1.8511 2.4234, 0.6648 1.852 2.4248, 0.6648 1.8524 2.4248, 0.6541 1.8558 2.426, 0.6541 1.8562 2.426, 0.6462 1.8586 2.4253, 0.6462 1.859 2.4253, 0.6355 1.8622 2.4218, 0.6355 1.8627 2.4218, 0.6262 1.8654 2.4159, 0.6262 1.8658 2.4159, 0.6186 1.868 2.4079, 0.6186 1.8684 2.4079, 0.6134 1.8697 2.3987, 0.6134 1.8701 2.3987, 0.6105 1.8706 2.3884, 0.6105 1.8711 2.3884, 0.6102 1.8707 2.3773, 0.6102 1.8712 2.3773, 0.6111 1.8709 2.3717, 0.6111 1.8704 2.3717, 0.6127 1.8703 2.3663, 0.6127 1.8699 2.3663, 0.6179 1.8682 2.3564, 0.6179 1.8686 2.3564, 0.6252 1.8658 2.3482, 0.6252 1.8662 2.3482, 0.634 1.8628 2.3422, 0.634 1.8632 2.3422, 0.6439 1.8594 2.3385, 0.6439 1.8598 2.3385
            ]
        }
        coordIndex [
            0,1,2,-1,0,2,3,-1,3,2,4,-1,3,4,5,-1,5,4,6,-1,5,6,7,-1,8,9,10,-1,8,10,11,-1,11,10,12,-1,11,12,13,-1,13,12,1,-1,13,1,0,-1,8,14,9,-1,9,14,15,-1,16,17,18,-1,16,18,19,-1,19,18,20,-1,19,20,21,-1,21,20,22,-1,21,22,23,-1,23,22,24,-1,23,24,25,-1,25,24,26,-1,25,26,27,-1,27,26,28,-1,27,28,29,-1,29,28,15,-1,29,15,14,-1,30,31,32,-1,30,32,33,-1,33,32,34,-1,33,34,35,-1,35,34,36,-1,35,36,37,-1,37,36,38,-1,37,38,39,-1,39,38,40,-1,39,40,41,-1,41,40,42,-1,42,40,43,-1,42,43,44,-1,43,45,44,-1,44,45,17,-1,44,17,16,-1,46,47,48,-1,46,48,49,-1,49,48,50,-1,49,50,51,-1,51,50,31,-1,51,31,30,-1,46,52,47,-1,47,52,53,-1,54,55,56,-1,54,56,57,-1,57,56,58,-1,57,58,59,-1,59,58,60,-1,59,60,61,-1,61,60,62,-1,61,62,63,-1,63,62,64,-1,63,64,65,-1,65,64,66,-1,65,66,67,-1,67,66,53,-1,67,53,52,-1,68,69,70,-1,68,70,71,-1,71,70,72,-1,71,72,73,-1,73,72,74,-1,73,74,75,-1,75,74,76,-1,75,76,77,-1,77,76,78,-1,77,78,79,-1,79,78,80,-1,79,80,81,-1,81,80,55,-1,81,55,54,-1,68,82,69,-1,69,82,83,-1,84,85,86,-1,84,86,87,-1,87,86,88,-1,87,88,89,-1,89,88,90,-1,89,90,91,-1,91,90,92,-1,91,92,93,-1,93,92,94,-1,93,94,95,-1,95,94,96,-1,95,96,97,-1,97,96,98,-1,97,98,99,-1,99,98,83,-1,99,83,82,-1,100,101,102,-1,100,102,103,-1,103,102,104,-1,103,104,105,-1,105,104,106,-1,105,106,107,-1,107,106,108,-1,107,108,109,-1,109,108,85,-1,109,85,84,-1,110,111,112,-1,112,111,113,-1,113,111,114,-1,114,111,115,-1,114,115,116,-1,116,115,101,-1,116,101,100,-1,117,118,119,-1,119,118,120,-1,119,120,121,-1,120,122,121,-1,121,122,123,-1,121,123,124,-1,124,123,125,-1,124,125,126,-1,126,125,127,-1,126,127,128,-1,128,127,129,-1,128,129,130,-1,130,129,131,-1,130,131,132,-1,131,133,132,-1,132,133,110,-1,132,110,112,-1,134,135,136,-1,134,136,137,-1,137,136,138,-1,137,138,139,-1,139,138,140,-1,139,140,141,-1,141,140,142,-1,142,140,143,-1,142,143,144,-1,143,145,144,-1,144,145,118,-1,144,118,117,-1,146,147,148,-1,148,147,149,-1,148,149,150,-1,150,149,151,-1,150,151,152,-1,152,151,153,-1,152,153,154,-1,154,153,155,-1,154,155,156,-1,155,157,156,-1,156,157,135,-1,156,135,134,-1,158,159,160,-1,158,160,161,-1,161,160,162,-1,161,162,163,-1,163,162,164,-1,163,164,165,-1,165,164,147,-1,165,147,146,-1,159,158,166,-1,166,158,167,-1,166,167,168,-1,168,167,169,-1,169,170,168,-1,168,170,171,-1,171,170,172,-1,171,172,173,-1,173,172,174,-1,173,174,175,-1,174,176,175,-1,175,176,177,-1,178,179,180,-1,178,180,181,-1,181,180,182,-1,181,182,183,-1,183,182,184,-1,183,184,185,-1,185,184,186,-1,185,186,187,-1,187,186,188,-1,187,188,189,-1,189,188,190,-1,190,188,191,-1,190,191,192,-1,191,193,192,-1,192,193,177,-1,192,177,176,-1,194,195,196,-1,194,196,197,-1,197,196,198,-1,197,198,199,-1,198,200,199,-1,199,200,201,-1,199,201,202,-1,202,201,203,-1,202,203,204,-1,204,203,205,-1,205,203,206,-1,205,206,207,-1,207,206,179,-1,207,179,178,-1,208,209,210,-1,208,210,211,-1,211,210,212,-1,211,212,213,-1,213,212,195,-1,213,195,194,-1,214,215,216,-1,216,215,217,-1,216,217,218,-1,218,217,219,-1,218,219,220,-1,220,219,221,-1,220,221,222,-1,221,223,222,-1,222,223,209,-1,222,209,208,-1,224,225,226,-1,226,225,227,-1,226,227,228,-1,228,227,229,-1,228,229,230,-1,231,215,214,-1,226,232,224,-1,224,232,231,-1,224,231,233,-1,233,231,214,-1,234,235,236,-1,234,236,237,-1,236,238,237,-1,237,238,239,-1,237,239,240,-1,240,239,241,-1,240,241,242,-1,242,241,230,-1,242,230,229,-1,243,244,245,-1,243,245,246,-1,246,245,235,-1,246,235,234,-1,247,248,249,-1,249,248,250,-1,250,248,251,-1,251,248,244,-1,251,244,243,-1,252,253,254,-1,252,254,255,-1,255,254,256,-1,255,256,257,-1,257,256,247,-1,257,247,249,-1,258,259,260,-1,253,252,261,-1,261,252,262,-1,261,262,263,-1,263,262,264,-1,263,264,260,-1,260,264,265,-1,260,265,258,-1,266,267,268,-1,266,268,269,-1,269,268,259,-1,269,259,258,-1,7,6,270,-1,7,270,271,-1,271,270,272,-1,271,272,273,-1,273,272,274,-1,273,274,275,-1,275,274,276,-1,275,276,277,-1,277,276,278,-1,277,278,279,-1,279,278,267,-1,279,267,266,-1,280,281,282,-1,282,281,283,-1,283,281,284,-1,284,281,285,-1,284,285,286,-1,286,285,287,-1,286,287,288,-1,288,287,289,-1,288,289,290,-1,290,289,291,-1,290,291,292,-1,292,291,293,-1,292,293,294,-1,294,293,295,-1,295,293,296,-1,295,296,297,-1,297,296,298,-1,297,298,299,-1,299,298,300,-1,299,300,301,-1,300,302,301,-1,301,302,303,-1,301,303,304,-1,304,303,305,-1,304,305,306,-1,306,305,307,-1,306,307,308,-1,308,307,309,-1,309,307,310,-1,309,310,311,-1,311,310,312,-1,311,312,313,-1,313,312,314,-1,313,314,315,-1,315,314,316,-1,315,316,317,-1,317,316,318,-1,317,318,319,-1,319,318,320,-1,319,320,321,-1,321,320,322,-1,321,322,323,-1,323,322,324,-1,323,324,325,-1,325,324,326,-1,325,326,327,-1,327,326,328,-1,328,326,329,-1,328,329,330,-1,329,331,330,-1,330,331,332,-1,330,332,333,-1,333,332,334,-1,333,334,335,-1,335,334,336,-1,335,336,337,-1,337,336,338,-1,337,338,339,-1,339,338,280,-1,339,280,282,-1,197,199,134,-1,89,91,264,-1,82,68,266,-1,266,68,71,-1,266,71,279,-1,279,71,73,-1,279,73,277,-1,277,73,275,-1,73,75,275,-1,275,75,77,-1,275,77,273,-1,273,77,79,-1,273,79,271,-1,271,79,81,-1,271,81,7,-1,7,81,54,-1,7,54,5,-1,5,54,57,-1,5,57,3,-1,3,57,59,-1,3,59,0,-1,59,61,0,-1,0,61,63,-1,0,63,13,-1,13,63,65,-1,13,65,11,-1,11,65,67,-1,11,67,8,-1,8,67,52,-1,8,52,14,-1,14,52,46,-1,14,46,29,-1,29,46,49,-1,29,49,51,-1,51,30,29,-1,29,30,33,-1,29,33,35,-1,35,37,29,-1,29,37,39,-1,29,39,41,-1,41,42,29,-1,29,42,44,-1,29,44,27,-1,19,21,16,-1,16,21,23,-1,16,23,44,-1,44,23,25,-1,44,25,27,-1,264,91,265,-1,265,91,93,-1,265,93,258,-1,258,93,95,-1,258,95,269,-1,269,95,97,-1,269,97,266,-1,266,97,99,-1,266,99,82,-1,116,100,103,-1,116,103,114,-1,89,264,87,-1,87,264,262,-1,87,262,84,-1,84,262,252,-1,84,252,109,-1,109,252,255,-1,109,255,107,-1,286,288,199,-1,295,297,134,-1,288,290,199,-1,199,290,292,-1,199,292,134,-1,134,292,294,-1,134,294,295,-1,137,139,208,-1,208,139,222,-1,222,139,141,-1,222,141,220,-1,220,141,142,-1,220,142,218,-1,218,142,216,-1,216,142,144,-1,216,144,214,-1,214,144,117,-1,214,117,233,-1,233,117,119,-1,233,119,224,-1,224,119,225,-1,225,119,121,-1,225,121,227,-1,227,121,124,-1,227,124,229,-1,229,124,126,-1,229,126,242,-1,242,126,128,-1,242,128,240,-1,240,128,237,-1,237,128,130,-1,237,130,234,-1,130,132,234,-1,234,132,112,-1,234,112,246,-1,246,112,113,-1,246,113,243,-1,243,113,114,-1,243,114,251,-1,251,114,103,-1,251,103,250,-1,250,103,105,-1,250,105,249,-1,249,105,107,-1,249,107,257,-1,257,107,255,-1,208,211,137,-1,137,211,213,-1,137,213,134,-1,134,213,194,-1,134,194,197,-1,190,192,158,-1,185,187,158,-1,158,187,189,-1,158,189,190,-1,192,176,158,-1,158,176,174,-1,158,174,167,-1,321,158,319,-1,319,158,161,-1,319,161,317,-1,317,161,163,-1,317,163,315,-1,315,163,165,-1,315,165,313,-1,313,165,146,-1,313,146,311,-1,311,146,148,-1,311,148,309,-1,309,148,150,-1,309,150,308,-1,308,150,152,-1,308,152,306,-1,306,152,154,-1,306,154,304,-1,304,154,156,-1,304,156,301,-1,301,156,134,-1,301,134,299,-1,299,134,297,-1,328,330,185,-1,321,323,158,-1,158,323,325,-1,158,325,185,-1,185,325,327,-1,185,327,328,-1,330,333,185,-1,185,333,335,-1,185,335,183,-1,183,335,337,-1,183,337,181,-1,181,337,339,-1,181,339,178,-1,178,339,282,-1,178,282,207,-1,207,282,283,-1,207,283,205,-1,205,283,284,-1,205,284,204,-1,204,284,286,-1,204,286,202,-1,202,286,199,-1,174,172,167,-1,167,172,170,-1,167,170,169,-1,
        ]
    }
}
Shape{
    appearance Appearance {
        material  Material 	{
            diffuseColor 0.0 0.0 0.0
            specularColor 0.0 0.0 0.0
            ambientIntensity 0.0
            transparency 0.0
            shininess 0.5
        }
    }
    geometry IndexedFaceSet {
        ccw TRUE
        solid FALSE
        coord DEF co Coordinate {
            point [
                0.6462 1.8586 2.4253, 0.6541 1.8558 2.426, 0.6322 1.8634 2.4017, 0.6186 1.868 2.4079, 0.6262 1.8654 2.4159, 0.6355 1.8622 2.4218, 0.6102 1.8707 2.3773, 0.6105 1.8706 2.3884, 0.6134 1.8697 2.3987, 0.6648 1.852 2.4248, 0.6748 1.8484 2.4211, 0.6838 1.845 2.4149, 0.6971 1.84 2.3938, 0.6952 1.8407 2.3991, 0.6896 1.8429 2.4087, 0.6983 1.8396 2.3883, 0.6988 1.8394 2.3827, 0.6111 1.8704 2.3717, 0.6127 1.8699 2.3663, 0.6843 1.8448 2.3488, 0.6753 1.8482 2.3425, 0.6767 1.8477 2.3572, 0.6648 1.852 2.3385, 0.6547 1.8556 2.3372, 0.6986 1.8395 2.3772, 0.6962 1.8404 2.3666, 0.6914 1.8422 2.3572, 0.6439 1.8594 2.3385, 0.634 1.8628 2.3422, 0.6252 1.8658 2.3482, 0.6179 1.8682 2.3564
            ]
        }
        coordIndex [
            0,1,2,-1,3,4,2,-1,2,4,5,-1,2,5,0,-1,6,7,2,-1,2,7,8,-1,2,8,3,-1,1,9,2,-1,2,9,10,-1,2,10,11,-1,12,6,13,-1,13,6,2,-1,13,2,14,-1,14,2,11,-1,12,15,6,-1,6,15,16,-1,6,16,17,-1,17,16,18,-1,19,20,21,-1,21,20,22,-1,21,22,23,-1,24,25,21,-1,21,25,26,-1,21,26,19,-1,23,27,21,-1,21,27,28,-1,21,28,29,-1,16,24,18,-1,18,24,21,-1,18,21,30,-1,30,21,29,-1,
        ]
    }
}
Shape{
    appearance Appearance {
        material  Material 	{
            diffuseColor 1.0 1.0 1.0
            specularColor 0.8784313725490196 0.8784313725490196 0.8784313725490196
            ambientIntensity 1.0
            transparency 0.0
            shininess 0.5
        }
    }
    geometry IndexedFaceSet {
        ccw TRUE
        solid FALSE
        coord DEF co Coordinate {
            point [
                -0.6014 1.8753 2.5898, -0.5786 1.8824 2.5899, -0.6014 1.8748 2.5898, -0.5786 1.882 2.5899, -0.5626 1.8872 2.6338, -0.5626 1.8868 2.6338, -0.4959 1.9058 2.6343, -0.4959 1.9054 2.6343, -0.4802 1.9098 2.5906, -0.4802 1.9094 2.5906, -0.4574 1.9153 2.5908, -0.4574 1.9149 2.5908, -0.5195 1.8995 2.7505, -0.5195 1.8991 2.7505, -0.5416 1.8933 2.7503, -0.5416 1.8929 2.7503, -0.527 1.897 2.7188, -0.527 1.8974 2.7188, -0.5026 1.9036 2.6524, -0.5026 1.904 2.6524, -0.5282 1.8967 2.7236, -0.5282 1.8971 2.7236, -0.5297 1.8963 2.73, -0.5297 1.8967 2.73, -0.5302 1.8961 2.7299, -0.5302 1.8966 2.7299, -0.5316 1.8957 2.7232, -0.5316 1.8961 2.7232, -0.5326 1.8955 2.7187, -0.5326 1.8959 2.7187, -0.5563 1.8887 2.652, -0.5563 1.8891 2.652
            ]
        }
        coordIndex [
            0,1,2,-1,2,1,3,-1,1,4,3,-1,3,4,5,-1,4,6,5,-1,5,6,7,-1,6,8,7,-1,7,8,9,-1,8,10,9,-1,9,10,11,-1,10,12,11,-1,11,12,13,-1,12,14,13,-1,13,14,15,-1,14,0,15,-1,15,0,2,-1,16,17,18,-1,18,17,19,-1,17,16,20,-1,17,20,21,-1,21,20,22,-1,21,22,23,-1,24,25,22,-1,22,25,23,-1,25,24,26,-1,25,26,27,-1,27,26,28,-1,27,28,29,-1,30,31,28,-1,28,31,29,-1,18,19,30,-1,30,19,31,-1,19,6,31,-1,31,6,4,-1,17,12,19,-1,19,12,10,-1,19,10,6,-1,6,10,8,-1,17,21,12,-1,12,21,23,-1,12,23,14,-1,14,23,25,-1,14,25,27,-1,27,29,14,-1,14,29,31,-1,14,31,0,-1,0,31,4,-1,0,4,1,-1,
        ]
    }
}
Shape{
    appearance Appearance {
        material  Material 	{
            diffuseColor 0.0 0.0 0.0
            specularColor 0.0 0.0 0.0
            ambientIntensity 0.0
            transparency 0.0
            shininess 0.5
        }
    }
    geometry IndexedFaceSet {
        ccw TRUE
        solid FALSE
        coord DEF co Coordinate {
            point [
                -0.5026 1.9036 2.6524, -0.5563 1.8887 2.652, -0.527 1.897 2.7188, -0.5326 1.8955 2.7187, -0.5282 1.8967 2.7236, -0.5316 1.8957 2.7232, -0.5297 1.8963 2.73, -0.5302 1.8961 2.7299
            ]
        }
        coordIndex [
            0,1,2,-1,2,1,3,-1,2,3,4,-1,4,3,5,-1,4,5,6,-1,6,5,7,-1,
        ]
    }
}
Shape{
    appearance Appearance {
        material  Material 	{
            diffuseColor 1.0 1.0 1.0
            specularColor 0.8784313725490196 0.8784313725490196 0.8784313725490196
            ambientIntensity 1.0
            transparency 0.0
            shininess 0.5
        }
    }
    geometry IndexedFaceSet {
        ccw TRUE
        solid FALSE
        coord DEF co Coordinate {
            point [
                -0.0432 1.9683 2.3579, -0.0431 1.9683 2.3397, -0.0432 1.9679 2.3579, -0.0431 1.9679 2.3397, 0.0222 1.9686 2.3584, 0.0222 1.9682 2.3584, 0.0218 1.9686 2.4123, 0.0218 1.9682 2.4123, -0.0354 1.9684 2.4119, -0.0354 1.9681 2.4119, -0.0356 1.9684 2.4302, -0.0356 1.9681 2.4302, 0.0217 1.9686 2.4306, 0.0217 1.9682 2.4306, 0.0213 1.9686 2.4819, 0.0213 1.9682 2.4819, -0.0405 1.9684 2.4814, -0.0405 1.968 2.4814, -0.0406 1.9684 2.4998, -0.0406 1.968 2.4998, 0.0419 1.9682 2.5004, 0.0419 1.9679 2.5004, 0.043 1.9682 2.3403, 0.043 1.9678 2.3403, -0.1411 1.9634 2.4483, -0.1464 1.9634 2.4431, -0.1464 1.963 2.4431, -0.1504 1.9631 2.4364, -0.1504 1.9627 2.4364, -0.1534 1.9629 2.4271, -0.1534 1.9625 2.4271, -0.1547 1.9628 2.4125, -0.1547 1.9624 2.4125, -0.1355 1.9638 2.4517, -0.1346 1.9643 2.4522, -0.1411 1.9638 2.4483, -0.1346 1.9639 2.4522, -0.1262 1.9644 2.4549, -0.1262 1.9648 2.4549, -0.1137 1.9652 2.4562, -0.1137 1.9656 2.4562, -0.1542 1.9628 2.3389, -0.1542 1.9624 2.3389, -0.1355 1.9638 2.339, -0.1341 1.9643 2.339, -0.1341 1.9639 2.339, -0.1343 1.9643 2.3567, -0.1343 1.9639 2.3567, -0.1337 1.9643 2.3567, -0.1337 1.9639 2.3567, -0.0985 1.9664 2.3366, -0.0985 1.966 2.3366, -0.1098 1.9654 2.3379, -0.1098 1.9658 2.3379, -0.1178 1.9649 2.3409, -0.1178 1.9653 2.3409, -0.1221 1.9647 2.3436, -0.1221 1.9651 2.3436, -0.1287 1.9643 2.3497, -0.1287 1.9646 2.3497, -0.0722 1.9675 2.3458, -0.0722 1.9671 2.3458, -0.0789 1.9668 2.341, -0.0789 1.9672 2.341, -0.0866 1.9665 2.3381, -0.0866 1.9669 2.3381, -0.0625 1.9678 2.3702, -0.0625 1.9674 2.3702, -0.0635 1.9674 2.361, -0.0635 1.9678 2.361, -0.0658 1.9673 2.3542, -0.0658 1.9677 2.3542, -0.07 1.9672 2.348, -0.07 1.9676 2.348, -0.1007 1.9663 2.4072, -0.1007 1.9659 2.4072, -0.0864 1.9665 2.4039, -0.0864 1.9669 2.4039, -0.0775 1.9669 2.3996, -0.0775 1.9673 2.3996, -0.0711 1.9671 2.3944, -0.0711 1.9675 2.3944, -0.067 1.9673 2.3888, -0.067 1.9677 2.3888, -0.0641 1.9674 2.3818, -0.0641 1.9678 2.3818, -0.0626 1.9674 2.3733, -0.0626 1.9678 2.3733, -0.1347 1.9643 2.4117, -0.1347 1.9639 2.4117, -0.1117 1.9657 2.4399, -0.1117 1.9653 2.4399, -0.1185 1.9649 2.4391, -0.1185 1.9653 2.4391, -0.1231 1.9646 2.4375, -0.1231 1.965 2.4375, -0.1267 1.9644 2.4352, -0.1267 1.9648 2.4352, -0.1297 1.9642 2.4319, -0.1297 1.9646 2.4319, -0.132 1.964 2.4278, -0.132 1.9644 2.4278, -0.134 1.9639 2.4206, -0.134 1.9643 2.4206, -0.0741 1.9674 2.4263, -0.0741 1.967 2.4263, -0.0858 1.9666 2.4339, -0.0858 1.9669 2.4339, -0.0983 1.966 2.4384, -0.0983 1.9664 2.4384, -0.0742 1.9674 2.4458, -0.0742 1.967 2.4458, -0.0934 1.9662 2.4539, -0.0934 1.9666 2.4539, -0.0784 1.9669 2.4482, -0.0784 1.9672 2.4482, -0.1345 1.9639 2.3964, -0.1345 1.9643 2.3964, -0.1078 1.9655 2.393, -0.1078 1.9659 2.393, -0.1345 1.9639 2.3854, -0.1345 1.9643 2.3854, -0.1344 1.9639 2.3841, -0.1344 1.9643 2.3841, -0.1331 1.964 2.3752, -0.1331 1.9644 2.3752, -0.1301 1.9642 2.368, -0.1301 1.9646 2.368, -0.1257 1.9644 2.3622, -0.1257 1.9648 2.3622, -0.1232 1.9646 2.3597, -0.1232 1.965 2.3597, -0.1175 1.9649 2.356, -0.1175 1.9653 2.356, -0.1114 1.9653 2.3538, -0.1114 1.9657 2.3538, -0.1039 1.9657 2.353, -0.1039 1.9661 2.353, -0.0971 1.966 2.3538, -0.0971 1.9664 2.3538, -0.0926 1.9663 2.3555, -0.0926 1.9666 2.3555, -0.0886 1.9664 2.3583, -0.0886 1.9668 2.3583, -0.0886 1.9664 2.3583, -0.0869 1.9665 2.36, -0.0869 1.9669 2.36, -0.0846 1.9666 2.3634, -0.0846 1.967 2.3634, -0.0834 1.9667 2.367, -0.0834 1.9671 2.367, -0.0829 1.9667 2.3717, -0.0829 1.9671 2.3717, -0.0831 1.9667 2.3748, -0.0831 1.9671 2.3748, -0.0841 1.9666 2.3794, -0.0841 1.967 2.3794, -0.0859 1.9665 2.3831, -0.0859 1.9669 2.3831, -0.0883 1.9664 2.3861, -0.0883 1.9668 2.3861, -0.0883 1.9664 2.3861, -0.0901 1.9664 2.3875, -0.0901 1.9668 2.3875, -0.0942 1.9662 2.3898, -0.0942 1.9666 2.3898, -0.0829 1.9671 2.3717
            ]
        }
        coordIndex [
            0,1,2,-1,2,1,3,-1,4,0,5,-1,5,0,2,-1,6,4,7,-1,7,4,5,-1,8,6,9,-1,9,6,7,-1,10,8,11,-1,11,8,9,-1,12,10,13,-1,13,10,11,-1,14,12,15,-1,15,12,13,-1,16,14,17,-1,17,14,15,-1,18,16,19,-1,19,16,17,-1,20,18,21,-1,21,18,19,-1,22,20,23,-1,23,20,21,-1,1,22,3,-1,3,22,23,-1,22,1,0,-1,0,4,22,-1,22,4,6,-1,22,6,20,-1,16,18,14,-1,14,18,20,-1,14,20,12,-1,12,20,6,-1,12,6,10,-1,10,6,8,-1,24,25,26,-1,26,25,27,-1,26,27,28,-1,28,27,29,-1,28,29,30,-1,30,29,31,-1,30,31,32,-1,33,34,24,-1,24,34,35,-1,24,35,25,-1,33,36,34,-1,34,36,37,-1,34,37,38,-1,38,37,39,-1,38,39,40,-1,31,41,32,-1,32,41,42,-1,42,41,43,-1,43,41,44,-1,43,44,45,-1,44,46,45,-1,45,46,47,-1,46,48,47,-1,47,48,49,-1,50,51,52,-1,50,52,53,-1,53,52,54,-1,53,54,55,-1,55,54,56,-1,55,56,57,-1,57,56,58,-1,57,58,59,-1,59,58,49,-1,59,49,48,-1,60,61,62,-1,60,62,63,-1,63,62,64,-1,63,64,65,-1,65,64,51,-1,65,51,50,-1,66,67,68,-1,66,68,69,-1,69,68,70,-1,69,70,71,-1,71,70,72,-1,71,72,73,-1,73,72,61,-1,73,61,60,-1,74,75,76,-1,74,76,77,-1,77,76,78,-1,77,78,79,-1,79,78,80,-1,79,80,81,-1,81,80,82,-1,81,82,83,-1,83,82,84,-1,83,84,85,-1,85,84,86,-1,85,86,87,-1,87,86,67,-1,87,67,66,-1,74,88,75,-1,75,88,89,-1,90,91,92,-1,90,92,93,-1,93,92,94,-1,93,94,95,-1,95,94,96,-1,95,96,97,-1,97,96,98,-1,97,98,99,-1,99,98,100,-1,99,100,101,-1,101,100,102,-1,101,102,103,-1,103,102,89,-1,103,89,88,-1,104,105,106,-1,104,106,107,-1,107,106,108,-1,107,108,109,-1,109,108,91,-1,109,91,90,-1,104,110,105,-1,105,110,111,-1,40,39,112,-1,40,112,113,-1,113,112,114,-1,113,114,115,-1,115,114,111,-1,115,111,110,-1,116,117,118,-1,118,117,119,-1,120,121,116,-1,116,121,117,-1,121,120,122,-1,121,122,123,-1,123,122,124,-1,123,124,125,-1,125,124,126,-1,125,126,127,-1,127,126,128,-1,127,128,129,-1,129,128,130,-1,129,130,131,-1,131,130,132,-1,131,132,133,-1,133,132,134,-1,133,134,135,-1,135,134,136,-1,135,136,137,-1,137,136,138,-1,137,138,139,-1,139,138,140,-1,139,140,141,-1,141,140,142,-1,141,142,143,-1,143,144,145,-1,143,145,146,-1,146,145,147,-1,146,147,148,-1,148,147,149,-1,148,149,150,-1,150,149,151,-1,150,151,152,-1,152,151,153,-1,152,153,154,-1,154,153,155,-1,154,155,156,-1,156,155,157,-1,156,157,158,-1,158,157,159,-1,158,159,160,-1,160,161,162,-1,160,162,163,-1,163,162,164,-1,163,164,165,-1,165,164,118,-1,165,118,119,-1,110,104,115,-1,115,104,107,-1,115,107,113,-1,113,107,109,-1,113,109,40,-1,40,109,90,-1,40,90,38,-1,38,90,93,-1,38,93,34,-1,34,93,95,-1,34,95,35,-1,35,95,97,-1,35,97,25,-1,25,97,99,-1,25,99,27,-1,27,99,101,-1,27,101,29,-1,29,101,103,-1,119,117,88,-1,133,135,55,-1,55,135,53,-1,53,135,137,-1,53,137,50,-1,50,137,139,-1,50,139,65,-1,65,139,141,-1,65,141,63,-1,63,141,143,-1,63,143,60,-1,60,143,146,-1,60,146,73,-1,73,146,71,-1,71,146,148,-1,71,148,69,-1,69,148,150,-1,69,150,66,-1,66,150,166,-1,66,166,87,-1,87,166,154,-1,87,154,85,-1,85,154,83,-1,83,154,156,-1,83,156,81,-1,81,156,158,-1,81,158,79,-1,74,163,88,-1,88,163,165,-1,88,165,119,-1,158,160,79,-1,79,160,163,-1,79,163,77,-1,77,163,74,-1,103,88,29,-1,29,88,117,-1,29,117,31,-1,31,117,121,-1,31,121,123,-1,46,125,127,-1,46,127,48,-1,55,57,133,-1,133,57,59,-1,133,59,131,-1,131,59,48,-1,131,48,129,-1,129,48,127,-1,44,41,46,-1,46,41,31,-1,46,31,125,-1,125,31,123,-1,
        ]
    }
}
Shape{
    appearance Appearance {
        material  Material 	{
            diffuseColor 0.0 0.0 0.0
            specularColor 0.0 0.0 0.0
            ambientIntensity 0.0
            transparency 0.0
            shininess 0.5
        }
    }
    geometry IndexedFaceSet {
        ccw TRUE
        solid FALSE
        coord DEF co Coordinate {
            point [
                -0.1344 1.9639 2.3841, -0.1345 1.9639 2.3854, -0.0883 1.9664 2.3861, -0.1331 1.964 2.3752, -0.0859 1.9665 2.3831, -0.1301 1.9642 2.368, -0.1135 1.9652 2.3564, -0.1039 1.9657 2.353, -0.1114 1.9653 2.3538, -0.0846 1.9666 2.3634, -0.0869 1.9665 2.36, -0.1232 1.9646 2.3597, -0.0841 1.9666 2.3794, -0.0831 1.9667 2.3748, -0.1257 1.9644 2.3622, -0.0829 1.9667 2.3717, -0.0834 1.9667 2.367, -0.0886 1.9664 2.3583, -0.0926 1.9663 2.3555, -0.0971 1.966 2.3538, -0.1175 1.9649 2.356, -0.1345 1.9639 2.3964, -0.1078 1.9655 2.393, -0.0942 1.9662 2.3898, -0.0901 1.9664 2.3875
            ]
        }
        coordIndex [
            0,1,2,-1,0,2,3,-1,3,2,4,-1,3,4,5,-1,6,7,8,-1,9,10,11,-1,4,12,5,-1,5,12,13,-1,5,13,14,-1,14,13,15,-1,14,15,11,-1,11,15,16,-1,11,16,9,-1,17,18,6,-1,6,18,19,-1,6,19,7,-1,10,17,11,-1,11,17,6,-1,11,6,20,-1,20,6,8,-1,1,21,22,-1,22,23,1,-1,1,23,24,-1,1,24,2,-1,
        ]
    }
}
Shape{
    appearance Appearance {
        material  Material 	{
            diffuseColor 1.0 1.0 1.0
            specularColor 0.8784313725490196 0.8784313725490196 0.8784313725490196
            ambientIntensity 1.0
            transparency 0.0
            shininess 0.5
        }
    }
    geometry IndexedFaceSet {
        ccw TRUE
        solid FALSE
        coord DEF co Coordinate {
            point [
                -0.2145 1.9572 2.3521, -0.2145 1.9568 2.3521, -0.2023 1.9581 2.3536, -0.2023 1.9585 2.3536, -0.1897 1.9594 2.3583, -0.1897 1.9598 2.3583, -0.1816 1.9601 2.3634, -0.1816 1.9605 2.3634, -0.1814 1.9605 2.3427, -0.1814 1.9601 2.3427, -0.1934 1.959 2.3382, -0.1934 1.9594 2.3382, -0.2124 1.9571 2.3358, -0.2124 1.9575 2.3358, -0.2304 1.955 2.3378, -0.2304 1.9554 2.3378, -0.241 1.9538 2.3417, -0.241 1.9542 2.3417, -0.2458 1.9532 2.3446, -0.2458 1.9536 2.3446, -0.2515 1.9525 2.3496, -0.2515 1.9529 2.3496, -0.2553 1.952 2.3549, -0.2553 1.9524 2.3549, -0.2578 1.9516 2.3612, -0.2578 1.952 2.3612, -0.2588 1.9515 2.3693, -0.2588 1.9519 2.3693, -0.2581 1.9516 2.3767, -0.2581 1.952 2.3767, -0.256 1.9519 2.3827, -0.256 1.9523 2.3827, -0.2523 1.9524 2.3882, -0.2523 1.9528 2.3882, -0.2475 1.953 2.3925, -0.2475 1.9534 2.3925, -0.2342 1.9546 2.4, -0.2342 1.955 2.4, -0.2265 1.9555 2.4032, -0.2265 1.9559 2.4032, -0.2141 1.9569 2.4087, -0.2141 1.9573 2.4087, -0.2071 1.9576 2.4132, -0.2071 1.958 2.4132, -0.2051 1.9578 2.4153, -0.2051 1.9582 2.4153, -0.2037 1.958 2.4181, -0.2037 1.9584 2.4181, -0.2029 1.9581 2.4212, -0.2029 1.9584 2.4212, -0.2028 1.9581 2.4239, -0.2028 1.9585 2.4239, -0.2032 1.958 2.4271, -0.2032 1.9584 2.4271, -0.2042 1.9579 2.4298, -0.2042 1.9583 2.4298, -0.2059 1.9577 2.4323, -0.2059 1.9581 2.4323, -0.209 1.9574 2.4349, -0.209 1.9578 2.4349, -0.2135 1.9569 2.4373, -0.2135 1.9573 2.4373, -0.2188 1.9564 2.4387, -0.2188 1.9568 2.4387, -0.2248 1.9557 2.4391, -0.2248 1.9561 2.4391, -0.2375 1.9542 2.4376, -0.2375 1.9546 2.4376, -0.2488 1.9528 2.4335, -0.2488 1.9532 2.4335, -0.2538 1.9522 2.4306, -0.2538 1.9526 2.4306, -0.2539 1.9525 2.4501, -0.2539 1.9521 2.4501, -0.2409 1.9538 2.454, -0.2409 1.9542 2.454, -0.2269 1.9554 2.4554, -0.2269 1.9558 2.4554, -0.213 1.957 2.4541, -0.213 1.9574 2.4541, -0.2018 1.9582 2.4503, -0.2018 1.9586 2.4503, -0.1951 1.9588 2.4465, -0.1951 1.9592 2.4465, -0.1891 1.9594 2.4412, -0.1891 1.9598 2.4412, -0.1854 1.9598 2.4358, -0.1854 1.9602 2.4358, -0.1829 1.96 2.4294, -0.1829 1.9604 2.4294, -0.1821 1.9601 2.4222, -0.1821 1.9605 2.4222, -0.1829 1.96 2.4144, -0.1829 1.9604 2.4144, -0.1851 1.9598 2.4083, -0.1851 1.9602 2.4083, -0.1877 1.9596 2.4041, -0.1877 1.96 2.4041, -0.1909 1.9593 2.4006, -0.1909 1.9596 2.4006, -0.2003 1.9583 2.3943, -0.2003 1.9587 2.3943, -0.2122 1.9571 2.3887, -0.2122 1.9575 2.3887, -0.2254 1.9556 2.3831, -0.2254 1.956 2.3831, -0.2332 1.9547 2.3784, -0.2332 1.9551 2.3784, -0.2356 1.9544 2.3757, -0.2356 1.9548 2.3757, -0.2372 1.9542 2.3731, -0.2372 1.9546 2.3731, -0.2381 1.9541 2.3699, -0.2381 1.9545 2.3699, -0.2382 1.9541 2.3674, -0.2382 1.9545 2.3674, -0.2378 1.9542 2.3636, -0.2378 1.9546 2.3636, -0.2368 1.9543 2.3608, -0.2368 1.9547 2.3608, -0.236 1.9548 2.3594, -0.236 1.9544 2.3594, -0.235 1.9549 2.3582, -0.235 1.9545 2.3582, -0.2327 1.9548 2.3562, -0.2327 1.9552 2.3562, -0.2308 1.955 2.3551, -0.2308 1.9554 2.3551, -0.2256 1.9556 2.3532, -0.2256 1.956 2.3532, -0.2153 1.9567 2.3522, -0.2153 1.9571 2.3522, -0.3181 1.9432 2.5918, -0.3192 1.943 2.7519, -0.3181 1.9428 2.5918, -0.3192 1.9426 2.7519, -0.3649 1.935 2.7516, -0.3649 1.9346 2.7516, -0.4253 1.9227 2.73, -0.4253 1.9223 2.73, -0.4086 1.9259 2.7415, -0.4086 1.9263 2.7415, -0.3894 1.9298 2.7487, -0.3894 1.9302 2.7487, -0.428 1.9217 2.7273, -0.4309 1.9214 2.7244, -0.4309 1.921 2.7244, -0.4407 1.9192 2.7104, -0.4407 1.9188 2.7104, -0.4466 1.9179 2.695, -0.4466 1.9175 2.695, -0.4491 1.9173 2.673, -0.4491 1.9169 2.673, -0.4245 1.9229 2.6135, -0.4245 1.9225 2.6135, -0.428 1.9217 2.6176, -0.4365 1.9202 2.6275, -0.4365 1.9198 2.6275, -0.4445 1.918 2.644, -0.4445 1.9184 2.644, -0.4485 1.917 2.6628, -0.4485 1.9174 2.6628, -0.3621 1.9355 2.5915, -0.3621 1.9351 2.5915, -0.3893 1.9298 2.5946, -0.3893 1.9302 2.5946, -0.4077 1.9261 2.6016, -0.4077 1.9265 2.6016, -0.364 1.9352 2.7332, -0.364 1.9348 2.7332, -0.3658 1.9344 2.7329, -0.3658 1.9348 2.7329, -0.3862 1.9305 2.7303, -0.3862 1.9309 2.7303, -0.3998 1.9277 2.7249, -0.3998 1.9281 2.7249, -0.4101 1.9256 2.7178, -0.4101 1.926 2.7178, -0.4251 1.9223 2.6926, -0.4207 1.9237 2.7043, -0.4207 1.9233 2.7043, -0.4145 1.925 2.7133, -0.4145 1.9246 2.7133, -0.4273 1.9218 2.6725, -0.4273 1.9222 2.6725, -0.4268 1.9219 2.6826, -0.4268 1.9223 2.6827, -0.4251 1.9227 2.6926, -0.4266 1.922 2.6614, -0.4266 1.9224 2.6614, -0.4232 1.9227 2.647, -0.4232 1.9231 2.647, -0.4175 1.924 2.6353, -0.4175 1.9244 2.6353, -0.4099 1.9256 2.6261, -0.4099 1.926 2.6261, -0.408 1.926 2.6244, -0.408 1.9264 2.6244, -0.3976 1.9282 2.6172, -0.3976 1.9286 2.6172, -0.3843 1.9308 2.6122, -0.3843 1.9312 2.6122, -0.3622 1.9351 2.6097, -0.3622 1.9355 2.6097, -0.3389 1.9393 2.6099, -0.3389 1.9397 2.6099, -0.3398 1.9391 2.7333, -0.3398 1.9395 2.7333
            ]
        }
        coordIndex [
            0,1,2,-1,0,2,3,-1,3,2,4,-1,3,4,5,-1,5,4,6,-1,5,6,7,-1,8,7,9,-1,9,7,6,-1,8,9,10,-1,8,10,11,-1,11,10,12,-1,11,12,13,-1,13,12,14,-1,13,14,15,-1,15,14,16,-1,15,16,17,-1,17,16,18,-1,17,18,19,-1,19,18,20,-1,19,20,21,-1,21,20,22,-1,21,22,23,-1,23,22,24,-1,23,24,25,-1,25,24,26,-1,25,26,27,-1,27,26,28,-1,27,28,29,-1,29,28,30,-1,29,30,31,-1,31,30,32,-1,31,32,33,-1,33,32,34,-1,33,34,35,-1,35,34,36,-1,35,36,37,-1,37,36,38,-1,37,38,39,-1,39,38,40,-1,39,40,41,-1,41,40,42,-1,41,42,43,-1,43,42,44,-1,43,44,45,-1,45,44,46,-1,45,46,47,-1,47,46,48,-1,47,48,49,-1,49,48,50,-1,49,50,51,-1,51,50,52,-1,51,52,53,-1,53,52,54,-1,53,54,55,-1,55,54,56,-1,55,56,57,-1,57,56,58,-1,57,58,59,-1,59,58,60,-1,59,60,61,-1,61,60,62,-1,61,62,63,-1,63,62,64,-1,63,64,65,-1,65,64,66,-1,65,66,67,-1,67,66,68,-1,67,68,69,-1,69,68,70,-1,69,70,71,-1,72,71,73,-1,73,71,70,-1,72,73,74,-1,72,74,75,-1,75,74,76,-1,75,76,77,-1,77,76,78,-1,77,78,79,-1,79,78,80,-1,79,80,81,-1,81,80,82,-1,81,82,83,-1,83,82,84,-1,83,84,85,-1,85,84,86,-1,85,86,87,-1,87,86,88,-1,87,88,89,-1,89,88,90,-1,89,90,91,-1,91,90,92,-1,91,92,93,-1,93,92,94,-1,93,94,95,-1,95,94,96,-1,95,96,97,-1,97,96,98,-1,97,98,99,-1,99,98,100,-1,99,100,101,-1,101,100,102,-1,101,102,103,-1,103,102,104,-1,103,104,105,-1,105,104,106,-1,105,106,107,-1,107,106,108,-1,107,108,109,-1,109,108,110,-1,109,110,111,-1,111,110,112,-1,111,112,113,-1,113,112,114,-1,113,114,115,-1,115,114,116,-1,115,116,117,-1,117,116,118,-1,117,118,119,-1,119,118,120,-1,120,118,121,-1,120,121,122,-1,121,123,122,-1,122,123,124,-1,122,124,125,-1,125,124,126,-1,125,126,127,-1,127,126,128,-1,127,128,129,-1,129,128,130,-1,129,130,131,-1,131,130,1,-1,131,1,0,-1,105,37,39,-1,105,39,103,-1,103,39,41,-1,103,41,101,-1,37,105,35,-1,35,105,107,-1,35,107,33,-1,33,107,109,-1,33,109,31,-1,31,109,111,-1,31,111,29,-1,29,111,113,-1,29,113,27,-1,27,113,115,-1,27,115,25,-1,25,115,117,-1,25,117,23,-1,23,117,119,-1,23,119,21,-1,21,119,120,-1,21,120,19,-1,19,120,122,-1,19,122,17,-1,122,125,17,-1,17,125,127,-1,17,127,15,-1,127,129,15,-1,15,129,131,-1,15,131,13,-1,13,131,0,-1,13,0,11,-1,11,0,3,-1,11,3,8,-1,8,3,5,-1,8,5,7,-1,101,41,99,-1,99,41,43,-1,99,43,97,-1,97,43,45,-1,97,45,95,-1,95,45,47,-1,95,47,93,-1,93,47,49,-1,93,49,91,-1,91,49,51,-1,91,51,89,-1,89,51,53,-1,89,53,87,-1,87,53,55,-1,87,55,85,-1,85,55,83,-1,83,55,57,-1,83,57,81,-1,81,57,59,-1,81,59,79,-1,59,61,79,-1,79,61,63,-1,79,63,77,-1,77,63,65,-1,77,65,75,-1,75,65,67,-1,75,67,72,-1,72,67,69,-1,72,69,71,-1,132,133,134,-1,134,133,135,-1,133,136,135,-1,135,136,137,-1,138,139,140,-1,138,140,141,-1,141,140,142,-1,141,142,143,-1,143,142,137,-1,143,137,136,-1,139,138,144,-1,144,138,145,-1,144,145,146,-1,146,145,147,-1,146,147,148,-1,148,147,149,-1,148,149,150,-1,150,149,151,-1,150,151,152,-1,153,154,155,-1,153,155,156,-1,155,157,156,-1,156,157,158,-1,156,158,159,-1,159,158,160,-1,159,160,161,-1,161,160,152,-1,161,152,151,-1,162,163,164,-1,162,164,165,-1,165,164,166,-1,165,166,167,-1,167,166,154,-1,167,154,153,-1,162,132,163,-1,163,132,134,-1,168,169,170,-1,168,170,171,-1,171,170,172,-1,171,172,173,-1,173,172,174,-1,173,174,175,-1,175,174,176,-1,175,176,177,-1,178,179,180,-1,180,179,181,-1,180,181,182,-1,182,181,177,-1,182,177,176,-1,183,184,185,-1,185,184,186,-1,185,186,178,-1,178,186,187,-1,178,187,179,-1,184,183,188,-1,184,188,189,-1,189,188,190,-1,189,190,191,-1,191,190,192,-1,191,192,193,-1,193,192,194,-1,193,194,195,-1,195,194,196,-1,195,196,197,-1,197,196,198,-1,197,198,199,-1,199,198,200,-1,199,200,201,-1,201,200,202,-1,201,202,203,-1,204,205,202,-1,202,205,203,-1,206,207,204,-1,204,207,205,-1,169,168,206,-1,206,168,207,-1,153,197,167,-1,167,197,199,-1,167,199,165,-1,165,199,201,-1,165,201,162,-1,162,201,203,-1,162,203,132,-1,132,203,205,-1,132,205,133,-1,133,205,207,-1,133,207,136,-1,207,168,136,-1,136,168,171,-1,136,171,143,-1,143,171,173,-1,143,173,141,-1,141,173,175,-1,141,175,138,-1,138,175,177,-1,138,177,145,-1,145,177,181,-1,145,181,147,-1,147,181,179,-1,147,179,149,-1,179,187,149,-1,149,187,186,-1,149,186,151,-1,151,186,184,-1,151,184,161,-1,161,184,189,-1,161,189,159,-1,159,189,191,-1,159,191,156,-1,156,191,193,-1,156,193,153,-1,153,193,195,-1,153,195,197,-1,
        ]
    }
}
Shape{
    appearance Appearance {
        material  Material 	{
            diffuseColor 0.0 0.0 0.0
            specularColor 0.0 0.0 0.0
            ambientIntensity 0.0
            transparency 0.0
            shininess 0.5
        }
    }
    geometry IndexedFaceSet {
        ccw TRUE
        solid FALSE
        coord DEF co Coordinate {
            point [
                -0.4266 1.922 2.6614, -0.4273 1.9218 2.6725, -0.386 1.9305 2.6179, -0.408 1.926 2.6244, -0.4099 1.9256 2.6261, -0.3976 1.9282 2.6172, -0.4175 1.924 2.6353, -0.4232 1.9227 2.647, -0.4268 1.9219 2.6826, -0.3389 1.9393 2.6099, -0.3622 1.9351 2.6097, -0.3843 1.9308 2.6122, -0.4251 1.9223 2.6926, -0.4207 1.9233 2.7043, -0.4145 1.9246 2.7133, -0.4101 1.9256 2.7178, -0.3998 1.9277 2.7249, -0.3862 1.9305 2.7303, -0.3658 1.9344 2.7329, -0.364 1.9348 2.7332, -0.3398 1.9391 2.7333
            ]
        }
        coordIndex [
            0,1,2,-1,3,4,2,-1,3,2,5,-1,4,6,2,-1,2,6,7,-1,2,7,0,-1,8,9,1,-1,1,9,10,-1,1,10,2,-1,2,10,11,-1,2,11,5,-1,8,12,9,-1,9,12,13,-1,9,13,14,-1,14,15,9,-1,9,15,16,-1,9,16,17,-1,17,18,9,-1,9,18,19,-1,9,19,20,-1,
        ]
    }
}
Shape{
    appearance Appearance {
        material  Material 	{
            diffuseColor 1.0 1.0 1.0
            specularColor 0.8784313725490196 0.8784313725490196 0.8784313725490196
            ambientIntensity 1.0
            transparency 0.0
            shininess 0.5
        }
    }
    geometry IndexedFaceSet {
        ccw TRUE
        solid FALSE
        coord DEF co Coordinate {
            point [
                -0.288 1.9478 2.6102, -0.2878 1.9479 2.592, -0.288 1.9475 2.6102, -0.2878 1.9475 2.592, -0.2225 1.9563 2.6107, -0.2225 1.9559 2.6107, -0.2229 1.9563 2.6646, -0.2229 1.9559 2.6646, -0.2802 1.949 2.6642, -0.2802 1.9486 2.6642, -0.2803 1.949 2.6825, -0.2803 1.9486 2.6825, -0.223 1.9563 2.6829, -0.223 1.9559 2.6829, -0.2234 1.9562 2.7342, -0.2234 1.9558 2.7342, -0.2852 1.9483 2.7337, -0.2852 1.9479 2.7337, -0.2853 1.9482 2.7522, -0.2853 1.9478 2.7522, -0.2029 1.9585 2.7527, -0.2029 1.9581 2.7527, -0.2017 1.9586 2.5926, -0.2017 1.9582 2.5926, -0.1253 1.9649 2.5904, -0.1253 1.9645 2.5904, -0.1355 1.9638 2.5913, -0.1497 1.9632 2.5926, -0.1497 1.9628 2.5926, -0.167 1.9614 2.5981, -0.167 1.9618 2.5981, -0.1697 1.9612 2.5995, -0.1697 1.9616 2.5995, -0.1699 1.9616 2.6193, -0.1699 1.9612 2.6193, -0.1284 1.9643 2.6088, -0.1284 1.9647 2.6088, -0.1355 1.9638 2.6091, -0.1359 1.9642 2.6091, -0.1359 1.9638 2.6091, -0.154 1.9629 2.6123, -0.154 1.9625 2.6123, -0.1146 1.9651 2.6103, -0.1146 1.9655 2.6103, -0.1028 1.9658 2.6144, -0.1028 1.9661 2.6144, -0.092 1.9663 2.6216, -0.092 1.9667 2.6216, -0.0874 1.9665 2.626, -0.0874 1.9669 2.626, -0.0802 1.9668 2.6359, -0.0802 1.9672 2.6359, -0.0749 1.967 2.6486, -0.0749 1.9674 2.6486, -0.0723 1.9671 2.6643, -0.0723 1.9675 2.6643, -0.072 1.9671 2.6718, -0.072 1.9675 2.6718, -0.0748 1.967 2.6938, -0.0748 1.9674 2.6938, -0.0803 1.9668 2.7076, -0.0803 1.9672 2.7076, -0.0881 1.9665 2.7186, -0.0881 1.9668 2.7186, -0.0892 1.9664 2.7198, -0.0892 1.9668 2.7198, -0.099 1.9659 2.728, -0.099 1.9663 2.728, -0.1115 1.9653 2.734, -0.1115 1.9657 2.734, -0.1252 1.9645 2.7369, -0.1252 1.9649 2.7369, -0.133 1.964 2.7373, -0.133 1.9644 2.7373, -0.1355 1.9638 2.7369, -0.1527 1.963 2.7348, -0.1527 1.9626 2.7348, -0.1689 1.9613 2.7285, -0.1689 1.9616 2.7285, -0.1706 1.9611 2.7275, -0.1706 1.9615 2.7275, -0.1708 1.9615 2.7491, -0.1708 1.9611 2.7491, -0.1329 1.964 2.7559, -0.1329 1.9644 2.7559, -0.1355 1.9638 2.7557, -0.1538 1.9629 2.7541, -0.1538 1.9625 2.7541, -0.1097 1.9654 2.7533, -0.1097 1.9658 2.7533, -0.0929 1.9662 2.7469, -0.0929 1.9666 2.7469, -0.0779 1.9669 2.7365, -0.0779 1.9673 2.7365, -0.0739 1.967 2.7328, -0.0739 1.9674 2.7328, -0.0622 1.9674 2.7177, -0.0622 1.9678 2.7177, -0.0544 1.9676 2.7, -0.0544 1.968 2.7, -0.0507 1.9677 2.6791, -0.0507 1.9681 2.6791, -0.0503 1.9677 2.6707, -0.0503 1.9681 2.6707, -0.0533 1.9677 2.6446, -0.0533 1.9681 2.6446, -0.0597 1.9675 2.6279, -0.0597 1.9679 2.6279, -0.0692 1.9672 2.6141, -0.0692 1.9676 2.6141, -0.0705 1.9671 2.6127, -0.0705 1.9675 2.6127, -0.0833 1.9667 2.6019, -0.0833 1.9671 2.6019, -0.0983 1.966 2.5947, -0.0983 1.9664 2.5947, -0.1156 1.9651 2.591, -0.1156 1.9654 2.591, -0.0434 1.9683 2.612, -0.0432 1.9683 2.5937, -0.0434 1.9679 2.612, -0.0432 1.9679 2.5937, 0.0204 1.9686 2.6124, 0.0204 1.9682 2.6124, 0.0194 1.9686 2.7543, 0.0194 1.9682 2.7543, 0.0401 1.9683 2.7545, 0.0401 1.9679 2.7545, 0.0412 1.9683 2.5943, 0.0412 1.9679 2.5943, -0.3589 1.9361 2.4518, -0.3797 1.9322 2.4517, -0.3589 1.9357 2.4518, -0.3797 1.9318 2.4517, -0.327 1.9417 2.3659, -0.327 1.9413 2.3659, -0.3256 1.9416 2.3606, -0.3256 1.942 2.3606, -0.3245 1.9417 2.3567, -0.3245 1.9421 2.3567, -0.324 1.9422 2.3567, -0.324 1.9418 2.3567, -0.3216 1.9426 2.3661, -0.3216 1.9422 2.3661, -0.2923 1.9472 2.4523, -0.2923 1.9468 2.4523, -0.2699 1.9504 2.4524, -0.2699 1.95 2.4524, -0.3139 1.9439 2.338, -0.3139 1.9435 2.338, -0.305 1.9453 2.3173, -0.305 1.9449 2.3173, -0.3009 1.9455 2.31, -0.3009 1.9459 2.31, -0.2972 1.9461 2.3059, -0.2972 1.9465 2.3059, -0.2938 1.9466 2.3035, -0.2938 1.947 2.3035, -0.2894 1.9472 2.3019, -0.2894 1.9476 2.3019, -0.2843 1.948 2.3013, -0.2843 1.9484 2.3013, -0.277 1.949 2.3023, -0.277 1.9494 2.3023, -0.273 1.9496 2.3037, -0.273 1.95 2.3037, -0.2728 1.95 2.2858, -0.2728 1.9496 2.2858, -0.2813 1.9484 2.2843, -0.2813 1.9488 2.2843, -0.2857 1.9478 2.2841, -0.2857 1.9482 2.2841, -0.2939 1.9466 2.285, -0.2939 1.947 2.285, -0.3018 1.9454 2.2879, -0.3018 1.9458 2.2879, -0.3088 1.9443 2.2928, -0.3088 1.9447 2.2928, -0.3101 1.9441 2.2941, -0.3101 1.9445 2.2941, -0.3176 1.9429 2.3028, -0.3176 1.9433 2.3028, -0.3268 1.9413 2.3204, -0.3268 1.9417 2.3204, -0.277 1.9494 2.3023, -0.4867 1.9081 2.3548, -0.4866 1.9082 2.3365, -0.4867 1.9077 2.3548, -0.4866 1.9078 2.3365, -0.4213 1.9232 2.3553, -0.4213 1.9236 2.3553, -0.428 1.9216 2.3552, -0.4216 1.9235 2.4091, -0.4216 1.9231 2.4091, -0.4789 1.9097 2.4087, -0.4789 1.9101 2.4087, -0.428 1.9216 2.4091, -0.479 1.9101 2.4271, -0.479 1.9097 2.4271, -0.4218 1.9231 2.4275, -0.4218 1.9235 2.4275, -0.428 1.9216 2.4274, -0.4221 1.9234 2.4787, -0.4221 1.923 2.4787, -0.4839 1.9084 2.4783, -0.4839 1.9088 2.4783, -0.428 1.9216 2.4787, -0.4841 1.9088 2.4967, -0.4841 1.9084 2.4967, -0.4016 1.9273 2.4973, -0.4016 1.9278 2.4973, -0.4279 1.9213 2.4971, -0.4005 1.928 2.3371, -0.4005 1.9276 2.3371, -0.4279 1.9213 2.3369, -0.5168 1.9002 2.3363, -0.518 1.8999 2.4965, -0.5168 1.8998 2.3363, -0.518 1.8995 2.4965, -0.5637 1.8869 2.4961, -0.5637 1.8865 2.4961, -0.624 1.8679 2.4745, -0.624 1.8675 2.4745, -0.6074 1.8729 2.4861, -0.6074 1.8733 2.4861, -0.5881 1.8791 2.4933, -0.5881 1.8795 2.4933, -0.6478 1.8598 2.4175, -0.6478 1.8594 2.4175, -0.6472 1.86 2.4286, -0.6472 1.8596 2.4286, -0.6453 1.8607 2.4396, -0.6453 1.8603 2.4396, -0.6395 1.8623 2.4549, -0.6395 1.8627 2.4549, -0.6297 1.8656 2.4689, -0.6297 1.866 2.4689, -0.6232 1.8682 2.358, -0.6232 1.8677 2.358, -0.6352 1.8637 2.3721, -0.6352 1.8641 2.3721, -0.6432 1.861 2.3886, -0.6432 1.8614 2.3886, -0.6472 1.8596 2.4073, -0.6472 1.86 2.4073, -0.5609 1.8877 2.336, -0.5609 1.8873 2.336, -0.5881 1.8791 2.3391, -0.5881 1.8795 2.3391, -0.6064 1.8732 2.3461, -0.6064 1.8737 2.3461, -0.5627 1.8872 2.4777, -0.5627 1.8868 2.4777, -0.5645 1.8862 2.4775, -0.5645 1.8866 2.4775, -0.585 1.88 2.4749, -0.585 1.8804 2.4749, -0.5985 1.8758 2.4695, -0.5985 1.8762 2.4695, -0.6088 1.8725 2.4623, -0.6088 1.8729 2.4623, -0.6238 1.8675 2.4371, -0.6194 1.8694 2.4489, -0.6194 1.869 2.4489, -0.6133 1.8714 2.4579, -0.6133 1.871 2.4579, -0.6261 1.8668 2.4171, -0.6261 1.8672 2.4171, -0.6256 1.8669 2.4272, -0.6256 1.8674 2.4272, -0.6238 1.8679 2.4371, -0.6253 1.867 2.4059, -0.6253 1.8674 2.4059, -0.622 1.8682 2.3915, -0.622 1.8686 2.3915, -0.6162 1.87 2.3798, -0.6162 1.8705 2.3798, -0.6086 1.8725 2.3706, -0.6086 1.8729 2.3706, -0.6067 1.8731 2.3689, -0.6067 1.8736 2.3689, -0.5963 1.8765 2.3618, -0.5963 1.8769 2.3618, -0.5831 1.8806 2.3568, -0.5831 1.881 2.3568, -0.5609 1.8873 2.3543, -0.5609 1.8877 2.3543, -0.5376 1.8941 2.3544, -0.5376 1.8945 2.3544, -0.5385 1.8938 2.4779, -0.5385 1.8942 2.4779
            ]
        }
        coordIndex [
            0,1,2,-1,2,1,3,-1,4,0,5,-1,5,0,2,-1,6,4,7,-1,7,4,5,-1,8,6,9,-1,9,6,7,-1,10,8,11,-1,11,8,9,-1,12,10,13,-1,13,10,11,-1,14,12,15,-1,15,12,13,-1,16,14,17,-1,17,14,15,-1,18,16,19,-1,19,16,17,-1,20,18,21,-1,21,18,19,-1,22,20,23,-1,23,20,21,-1,1,22,3,-1,3,22,23,-1,1,0,22,-1,22,0,4,-1,8,10,6,-1,6,10,12,-1,16,18,14,-1,14,18,20,-1,14,20,12,-1,12,20,22,-1,12,22,6,-1,6,22,4,-1,24,25,26,-1,24,26,27,-1,26,28,27,-1,27,28,29,-1,27,29,30,-1,30,29,31,-1,30,31,32,-1,33,32,34,-1,34,32,31,-1,35,36,37,-1,37,36,38,-1,37,38,39,-1,39,38,40,-1,39,40,41,-1,41,40,33,-1,41,33,34,-1,36,35,42,-1,36,42,43,-1,43,42,44,-1,43,44,45,-1,45,44,46,-1,45,46,47,-1,47,46,48,-1,47,48,49,-1,49,48,50,-1,49,50,51,-1,51,50,52,-1,51,52,53,-1,53,52,54,-1,53,54,55,-1,55,54,56,-1,55,56,57,-1,57,56,58,-1,57,58,59,-1,59,58,60,-1,59,60,61,-1,61,60,62,-1,61,62,63,-1,63,62,64,-1,63,64,65,-1,65,64,66,-1,65,66,67,-1,67,66,68,-1,67,68,69,-1,69,68,70,-1,69,70,71,-1,71,70,72,-1,71,72,73,-1,73,72,74,-1,73,74,75,-1,74,76,75,-1,75,76,77,-1,75,77,78,-1,78,77,79,-1,78,79,80,-1,81,80,82,-1,82,80,79,-1,83,84,85,-1,85,84,86,-1,85,86,87,-1,87,86,81,-1,87,81,82,-1,84,83,88,-1,84,88,89,-1,89,88,90,-1,89,90,91,-1,91,90,92,-1,91,92,93,-1,93,92,94,-1,93,94,95,-1,95,94,96,-1,95,96,97,-1,97,96,98,-1,97,98,99,-1,99,98,100,-1,99,100,101,-1,101,100,102,-1,101,102,103,-1,103,102,104,-1,103,104,105,-1,105,104,106,-1,105,106,107,-1,107,106,108,-1,107,108,109,-1,109,108,110,-1,109,110,111,-1,111,110,112,-1,111,112,113,-1,113,112,114,-1,113,114,115,-1,115,114,116,-1,115,116,117,-1,117,116,25,-1,117,25,24,-1,32,33,30,-1,30,33,40,-1,30,40,27,-1,27,40,38,-1,27,38,24,-1,24,38,36,-1,24,36,117,-1,117,36,43,-1,117,43,115,-1,115,43,45,-1,115,45,113,-1,113,45,47,-1,113,47,111,-1,111,47,49,-1,111,49,109,-1,109,49,51,-1,109,51,107,-1,107,51,105,-1,105,51,53,-1,105,53,103,-1,53,55,103,-1,103,55,57,-1,103,57,101,-1,101,57,59,-1,101,59,99,-1,99,59,97,-1,97,59,61,-1,97,61,95,-1,61,63,95,-1,95,63,65,-1,95,65,93,-1,93,65,67,-1,93,67,91,-1,91,67,89,-1,89,67,69,-1,89,69,84,-1,69,71,84,-1,84,71,73,-1,84,73,86,-1,86,73,75,-1,86,75,81,-1,81,75,78,-1,81,78,80,-1,118,119,120,-1,120,119,121,-1,122,118,123,-1,123,118,120,-1,124,122,125,-1,125,122,123,-1,126,124,127,-1,127,124,125,-1,128,126,129,-1,129,126,127,-1,119,128,121,-1,121,128,129,-1,124,126,122,-1,122,126,128,-1,122,128,118,-1,118,128,119,-1,130,131,132,-1,132,131,133,-1,134,130,135,-1,135,130,132,-1,134,135,136,-1,134,136,137,-1,137,136,138,-1,137,138,139,-1,140,139,141,-1,141,139,138,-1,142,140,143,-1,143,140,141,-1,144,142,145,-1,145,142,143,-1,146,144,147,-1,147,144,145,-1,148,146,149,-1,149,146,147,-1,150,148,151,-1,151,148,149,-1,150,151,152,-1,150,152,153,-1,153,152,154,-1,153,154,155,-1,155,154,156,-1,155,156,157,-1,157,156,158,-1,157,158,159,-1,159,158,160,-1,159,160,161,-1,161,160,162,-1,161,162,163,-1,163,162,164,-1,163,164,165,-1,166,165,167,-1,167,165,164,-1,166,167,168,-1,166,168,169,-1,169,168,170,-1,169,170,171,-1,171,170,172,-1,171,172,173,-1,173,172,174,-1,173,174,175,-1,175,174,176,-1,175,176,177,-1,177,176,178,-1,177,178,179,-1,179,178,180,-1,179,180,181,-1,181,180,182,-1,181,182,183,-1,131,183,133,-1,133,183,182,-1,131,130,183,-1,183,130,134,-1,183,134,137,-1,181,183,148,-1,148,150,181,-1,181,150,153,-1,181,153,179,-1,179,153,155,-1,165,166,184,-1,184,166,169,-1,184,169,161,-1,161,169,171,-1,161,171,159,-1,159,171,173,-1,159,173,157,-1,157,173,175,-1,157,175,155,-1,155,175,177,-1,155,177,179,-1,144,146,142,-1,142,146,148,-1,142,148,140,-1,140,148,183,-1,140,183,139,-1,139,183,137,-1,185,186,187,-1,187,186,188,-1,189,190,191,-1,191,190,185,-1,191,185,187,-1,192,190,193,-1,193,190,189,-1,194,195,196,-1,196,195,192,-1,196,192,193,-1,197,195,198,-1,198,195,194,-1,199,200,201,-1,201,200,197,-1,201,197,198,-1,202,200,203,-1,203,200,199,-1,204,205,206,-1,206,205,202,-1,206,202,203,-1,207,205,208,-1,208,205,204,-1,209,210,211,-1,211,210,207,-1,211,207,208,-1,212,210,213,-1,213,210,209,-1,188,186,214,-1,214,186,212,-1,214,212,213,-1,186,185,212,-1,212,185,190,-1,195,197,192,-1,192,197,200,-1,205,207,202,-1,202,207,210,-1,202,210,200,-1,200,210,212,-1,200,212,192,-1,192,212,190,-1,215,216,217,-1,217,216,218,-1,216,219,218,-1,218,219,220,-1,221,222,223,-1,221,223,224,-1,224,223,225,-1,224,225,226,-1,226,225,220,-1,226,220,219,-1,227,228,229,-1,229,228,230,-1,229,230,231,-1,230,232,231,-1,231,232,233,-1,231,233,234,-1,234,233,235,-1,234,235,236,-1,236,235,222,-1,236,222,221,-1,237,238,239,-1,237,239,240,-1,240,239,241,-1,240,241,242,-1,242,241,243,-1,242,243,244,-1,244,243,228,-1,244,228,227,-1,245,246,247,-1,245,247,248,-1,248,247,249,-1,248,249,250,-1,250,249,238,-1,250,238,237,-1,245,215,246,-1,246,215,217,-1,251,252,253,-1,251,253,254,-1,254,253,255,-1,254,255,256,-1,256,255,257,-1,256,257,258,-1,258,257,259,-1,258,259,260,-1,261,262,263,-1,263,262,264,-1,263,264,265,-1,265,264,260,-1,265,260,259,-1,266,267,268,-1,268,267,269,-1,268,269,261,-1,261,269,270,-1,261,270,262,-1,267,266,271,-1,267,271,272,-1,272,271,273,-1,272,273,274,-1,274,273,275,-1,274,275,276,-1,276,275,277,-1,276,277,278,-1,278,277,279,-1,278,279,280,-1,280,279,281,-1,280,281,282,-1,282,281,283,-1,282,283,284,-1,284,283,285,-1,284,285,286,-1,287,288,285,-1,285,288,286,-1,289,290,287,-1,287,290,288,-1,252,251,289,-1,289,251,290,-1,237,280,250,-1,250,280,282,-1,250,282,248,-1,248,282,284,-1,248,284,245,-1,245,284,286,-1,245,286,215,-1,215,286,288,-1,215,288,216,-1,216,288,290,-1,216,290,219,-1,290,251,219,-1,219,251,254,-1,219,254,226,-1,226,254,256,-1,226,256,224,-1,224,256,258,-1,224,258,221,-1,221,258,260,-1,221,260,236,-1,236,260,264,-1,236,264,234,-1,234,264,262,-1,234,262,231,-1,231,262,270,-1,231,270,229,-1,229,270,269,-1,229,269,227,-1,227,269,267,-1,227,267,244,-1,244,267,272,-1,244,272,242,-1,242,272,274,-1,242,274,240,-1,240,274,276,-1,240,276,237,-1,237,276,278,-1,237,278,280,-1,
        ]
    }
}
Shape{
    appearance Appearance {
        material  Material 	{
            diffuseColor 0.0 0.0 0.0
            specularColor 0.0 0.0 0.0
            ambientIntensity 0.0
            transparency 0.0
            shininess 0.5
        }
    }
    geometry IndexedFaceSet {
        ccw TRUE
        solid FALSE
        coord DEF co Coordinate {
            point [
                -0.6253 1.867 2.4059, -0.6261 1.8668 2.4171, -0.5645 1.8862 2.4775, -0.6067 1.8731 2.3689, -0.6086 1.8725 2.3706, -0.5963 1.8765 2.3618, -0.6162 1.87 2.3798, -0.622 1.8682 2.3915, -0.6194 1.869 2.4489, -0.6172 1.8697 2.4448, -0.6238 1.8675 2.4371, -0.6256 1.8669 2.4272, -0.6133 1.871 2.4579, -0.6088 1.8725 2.4623, -0.5985 1.8758 2.4695, -0.585 1.88 2.4749, -0.5385 1.8938 2.4779, -0.5376 1.8941 2.3544, -0.5627 1.8868 2.4777, -0.5609 1.8873 2.3543, -0.5831 1.8806 2.3568
            ]
        }
        coordIndex [
            0,1,2,-1,3,4,2,-1,3,2,5,-1,4,6,2,-1,2,6,7,-1,2,7,0,-1,8,9,10,-1,10,9,11,-1,8,12,9,-1,9,12,13,-1,9,13,14,-1,1,11,2,-1,2,11,9,-1,2,9,15,-1,15,9,14,-1,16,17,18,-1,18,17,19,-1,18,19,2,-1,2,19,20,-1,2,20,5,-1,
        ]
    }
}
Shape{
    appearance Appearance {
        material  Material 	{
            diffuseColor 1.0 1.0 1.0
            specularColor 0.8784313725490196 0.8784313725490196 0.8784313725490196
            ambientIntensity 1.0
            transparency 0.0
            shininess 0.5
        }
    }
    geometry IndexedFaceSet {
        ccw TRUE
        solid FALSE
        coord DEF co Coordinate {
            point [
                -0.8002 1.7997 2.3343, -0.7773 1.8096 2.3345, -0.8002 1.7992 2.3343, -0.7773 1.8092 2.3345, -0.7613 1.8164 2.3784, -0.7613 1.816 2.3784, -0.7109 1.836 2.3787, -0.6946 1.8429 2.3789, -0.6946 1.8424 2.3789, -0.6789 1.8487 2.3352, -0.6789 1.8483 2.3352, -0.6561 1.8569 2.3353, -0.6561 1.8565 2.3353, -0.7109 1.8361 2.4763, -0.7182 1.8338 2.495, -0.7182 1.8334 2.495, -0.7403 1.825 2.4949, -0.7403 1.8246 2.4949, -0.7257 1.8305 2.4633, -0.7257 1.8309 2.4633, -0.7013 1.8399 2.3969, -0.7013 1.8403 2.3969, -0.7269 1.83 2.4681, -0.7269 1.8304 2.4681, -0.7284 1.8294 2.4745, -0.7284 1.8298 2.4745, -0.7289 1.8292 2.4745, -0.7289 1.8296 2.4745, -0.7304 1.8286 2.4678, -0.7304 1.829 2.4678, -0.7313 1.8282 2.4633, -0.7313 1.8287 2.4633, -0.7551 1.8186 2.3965, -0.7551 1.819 2.3965
            ]
        }
        coordIndex [
            0,1,2,-1,2,1,3,-1,1,4,3,-1,3,4,5,-1,5,4,6,-1,6,4,7,-1,6,7,8,-1,7,9,8,-1,8,9,10,-1,9,11,10,-1,10,11,12,-1,12,11,13,-1,13,11,14,-1,13,14,15,-1,14,16,15,-1,15,16,17,-1,16,0,17,-1,17,0,2,-1,18,19,20,-1,20,19,21,-1,19,18,22,-1,19,22,23,-1,23,22,24,-1,23,24,25,-1,26,27,24,-1,24,27,25,-1,27,26,28,-1,27,28,29,-1,29,28,30,-1,29,30,31,-1,32,33,30,-1,30,33,31,-1,20,21,32,-1,32,21,33,-1,21,7,33,-1,33,7,4,-1,19,14,21,-1,21,14,11,-1,21,11,7,-1,7,11,9,-1,19,23,14,-1,14,23,25,-1,14,25,16,-1,16,25,27,-1,16,27,29,-1,29,31,16,-1,16,31,33,-1,16,33,0,-1,0,33,4,-1,0,4,1,-1,
        ]
    }
}
Shape{
    appearance Appearance {
        material  Material 	{
            diffuseColor 0.0 0.0 0.0
            specularColor 0.0 0.0 0.0
            ambientIntensity 0.0
            transparency 0.0
            shininess 0.5
        }
    }
    geometry IndexedFaceSet {
        ccw TRUE
        solid FALSE
        coord DEF co Coordinate {
            point [
                -0.7013 1.8399 2.3969, -0.7551 1.8186 2.3965, -0.7257 1.8305 2.4633, -0.7313 1.8282 2.4633, -0.7269 1.83 2.4681, -0.7304 1.8286 2.4678, -0.7284 1.8294 2.4745, -0.7289 1.8292 2.4745
            ]
        }
        coordIndex [
            0,1,2,-1,2,1,3,-1,2,3,4,-1,4,3,5,-1,4,5,6,-1,6,5,7,-1,
        ]
    }
}