#VRML V2.0 utf8
# 3D model generated by easyeda2kicad.py (https://github.com/uPesy/easyeda2kicad.py)

Shape{
    appearance Appearance {
        material  Material 	{
            diffuseColor 0.5019607843137255 1.0 0.5019607843137255
            specularColor 0.25098039215686274 0.5019607843137255 0.25098039215686274
            ambientIntensity 0.7943
            transparency 0.0
            shininess 0.5
        }
    }
    geometry IndexedFaceSet {
        ccw TRUE
        solid FALSE
        coord DEF co Coordinate {
            point [
                -2.0 -0.4627 3.5716, -2.0 -0.4601 3.5714, -2.0 -0.4846 3.5714, -2.0 -0.3546 3.7539, -2.0 -0.3531 3.7579, -2.0 -0.3531 3.7314, -2.0 -0.6817 3.7322, -2.0 -0.6715 3.7598, -2.0 -0.6344 3.7598, -2.0 -0.6577 3.8331, -2.0 -0.6961 3.7322, -2.0 -0.7289 3.7314, -2.0 -0.6344 3.7314, -2.0 -0.6295 3.7598, -2.0 -0.6198 3.7322, -2.0 -0.6026 3.7314, -2.0 -0.6054 3.7322, -2.0 -0.6026 3.834, -2.0 -0.6344 3.8086, -2.0 -0.6344 3.834, -2.0 -0.3981 3.7421, -2.0 -0.404 3.7424, -2.0 -0.4198 3.819, -2.0 -0.3877 3.8212, -2.0 -0.3798 3.8176, -2.0 -0.3729 3.8119, -2.0 -0.3721 3.811, -2.0 -0.3673 3.804, -2.0 -0.3639 3.7952, -2.0 -0.3623 3.7815, -2.0 -0.3623 3.7802, -2.0 -0.3639 3.7679, -2.0 -0.3745 3.7505, -2.0 -0.3811 3.7459, -2.0 -0.3884 3.7432, -2.0 -0.4113 3.8219, -2.0 -0.4004 3.8231, -2.0 -0.3965 3.8229, -2.0 -0.3672 3.7598, -2.0 -0.3722 3.7528, -2.0 -0.4152 3.7448, -2.0 -0.4198 3.7469, -2.0 -0.4217 3.8183, -2.0 -0.4241 3.7489, -2.0 -0.4241 3.8171, -2.0 -0.4385 3.7314, -2.0 -0.4385 3.834, -2.0 -0.4103 3.834, -2.0 -0.4149 3.8335, -2.0 -0.4198 3.834, -2.0 -0.4198 3.832, -2.0 -0.4241 3.8307, -2.0 -0.3531 3.937, -2.0 -0.3932 3.834, -2.0 -0.4198 3.937, -2.0 -0.4002 3.8348, -2.0 -0.402 3.8348, -2.0 -0.3752 3.829, -2.0 -0.3858 3.8331, -2.0 -0.3531 3.834, -2.0 -0.3567 3.8117, -2.0 -0.3632 3.82, -2.0 -0.3654 3.8221, -2.0 -0.3471 3.834, -2.0 -0.3516 3.8008, -2.0 -0.3531 3.8041, -2.0 -0.3506 3.7645, -2.0 -0.3471 3.7314, -2.0 -0.3486 3.7808, -2.0 -0.349 3.7879, -2.0 -0.3785 3.7333, -2.0 -0.369 3.738, -2.0 -0.3616 3.7443, -2.0 -0.3606 3.7453, -2.0 -0.3871 3.7314, -2.0 -0.3531 3.7018, -2.0 -0.3892 3.7309, -2.0 -0.3962 3.7305, -2.0 -0.4198 3.7018, -2.0 -0.4051 3.7314, -2.0 -0.4241 3.7364, -2.0 -0.4224 3.7356, -2.0 -0.4198 3.7314, -2.0 -0.4198 3.7347, -2.0 -0.4116 3.732, -2.0 -0.5707 3.6731, -2.0 -0.6026 3.6731, -2.0 -0.6026 3.7018, -2.0 -0.6026 3.5714, -2.0 -0.6026 3.5722, -2.0 -0.5707 3.5722, -2.0 -0.5208 3.5901, -2.0 -0.5224 3.5842, -2.0 -0.5227 3.5842, -2.0 -0.557 3.6443, -2.0 -0.5081 3.7018, -2.0 -0.5439 3.6443, -2.0 -0.5081 3.6267, -2.0 -0.5243 3.59, -2.0 -0.5233 3.5866, -2.0 -0.4879 3.6443, -2.0 -0.4846 3.7018, -2.0 -0.5081 3.5928, -2.0 -0.502 3.6443, -2.0 -0.5081 3.5714, -2.0 -0.5157 3.5714, -2.0 -0.5161 3.5724, -2.0 -0.5081 3.5547, -2.0 -0.5081 3.5547, -2.0 -0.5106 3.5593, -2.0 -0.4846 3.5314, -2.0 -0.4905 3.5393, -2.0 -0.4905 3.5505, -2.0 -0.4977 3.5491, -2.0 -0.5007 3.5494, -2.0 -0.5081 3.5405, -2.0 -0.5037 3.5389, -2.0 -0.5081 3.5314, -2.0 -0.4986 3.5383, -2.0 -0.4958 3.5384, -2.0 -0.5035 3.5505, -2.0 -0.5058 3.5521, -2.0 -0.5243 3.5613, -2.0 -0.5186 3.5502, -2.0 -0.6026 3.5314, -2.0 -0.5283 3.5714, -2.0 -0.514 3.5446, -2.0 -0.5131 3.5438, -2.0 -0.5087 3.5408, -2.0 -1.5551 2.1495, -2.0 -1.5266 2.1613, -2.0 -1.3583 1.9685, -2.0 -1.4961 2.1654, -2.0 -1.2183 1.9685, -2.0 -1.3583 0.0, -2.0 -1.6142 0.0, -2.0 -1.6142 2.0472, -2.0 -1.6101 2.0778, -2.0 -1.5983 2.1063, -2.0 -1.5796 2.1308, -2.0 -0.7289 0.0, -2.0 -1.1614 0.0, -2.0 -1.1614 1.9685, -2.0 -1.2598 2.1654, -2.0 -1.2183 2.3203, -2.0 -0.7289 3.5314, -2.0 -0.6344 0.0, -2.0 1.1614 0.0, -2.0 -0.25 0.0, -2.0 1.1614 1.5748, -2.0 -0.25 3.5314, -2.0 0.0636 3.5314, -2.0 0.0759 3.5267, -2.0 0.0933 3.5245, -2.0 0.096 3.5246, -2.0 0.1129 3.5272, -2.0 0.1229 3.5314, -2.0 1.3583 1.5748, -2.0 1.6142 0.0, -2.0 1.3583 0.0, -2.0 1.6142 1.5748, -2.0 0.902 3.5314, -2.0 0.8875 3.5714, -2.0 0.1295 3.5341, -2.0 0.1435 3.5447, -2.0 0.1964 3.5886, -2.0 0.2188 3.6077, -2.0 0.1705 3.576, -2.0 0.1542 3.5579, -2.0 0.1605 3.5714, -2.0 0.1614 3.5733, -2.0 0.2351 3.6311, -2.0 0.2454 3.6578, -2.0 0.84 3.7018, -2.0 0.2489 3.6859, -2.0 0.2487 3.6928, -2.0 0.2471 3.7018, -2.0 0.8292 3.7314, -2.0 0.2439 3.7197, -2.0 0.2387 3.7314, -2.0 0.7919 3.834, -2.0 0.2324 3.7455, -2.0 0.2152 3.7677, -2.0 0.0847 3.8322, -2.0 0.1327 3.8021, -2.0 0.1015 3.8178, -2.0 0.1245 3.8016, -2.0 0.1162 3.8006, -2.0 0.2104 3.7722, -2.0 0.1875 3.7883, -2.0 0.161 3.7986, -2.0 0.0671 3.8431, -2.0 0.7544 3.937, -2.0 0.0818 3.834, -2.0 0.0341 3.8558, -2.0 -0.0014 3.8602, -2.0 -0.25 3.937, -2.0 -0.0316 3.8569, -2.0 -0.6438 3.8331, -2.0 -0.7289 3.834, -2.0 -0.8127 3.834, -2.0 -0.8402 3.7314, -2.0 -0.8081 3.5722, -2.0 -0.7978 3.5998, -2.0 -0.7558 3.5998, -2.0 -0.7289 3.5714, -2.0 -0.7317 3.5722, -2.0 -0.7289 3.7018, -2.0 -0.7701 3.6731, -2.0 -0.8482 3.7018, -2.0 -0.784 3.6731, -2.0 -0.8831 3.5714, -2.0 -0.8225 3.5722, -2.0 -0.7461 3.5722, -2.0 -0.8938 3.5314, -2.0 -0.4771 3.6037, -2.0 -0.4794 3.6002, -2.0 -0.4779 3.6304, -2.0 -0.4792 3.5827, -2.0 -0.4768 3.5794, -2.0 -0.4442 3.6422, -2.0 -0.4385 3.7018, -2.0 -0.4408 3.6402, -2.0 -0.4385 3.6381, -2.0 -0.4808 3.5965, -2.0 -0.4813 3.5918, -2.0 -0.4807 3.5867, -2.0 -0.4511 3.6448, -2.0 -0.4608 3.6459, -2.0 -0.4779 3.6427, -2.0 -0.4688 3.6453, -2.0 -0.4732 3.5762, -2.0 -0.4696 3.5741, -2.0 -0.4595 3.6356, -2.0 -0.4558 3.6354, -2.0 -0.4458 3.6259, -2.0 -0.4524 3.6345, -2.0 -0.4496 3.633, -2.0 -0.4459 3.6243, -2.0 -0.4464 3.6223, -2.0 -0.4473 3.6206, -2.0 -0.4485 3.6192, -2.0 -0.453 3.6165, -2.0 -0.4685 3.6345, -2.0 -0.4608 3.6131, -2.0 -0.4756 3.6318, -2.0 -0.4657 3.6111, -2.0 -0.4741 3.6064, -2.0 -0.4477 3.6313, -2.0 -0.4466 3.6297, -2.0 -0.446 3.628, -2.0 -0.4327 3.5878, -2.0 -0.4198 3.5714, -2.0 -0.4371 3.6368, -2.0 -0.4347 3.6334, -2.0 -0.437 3.5851, -2.0 -0.4385 3.5845, -2.0 -0.4385 3.6112, -2.0 -0.4363 3.6134, -2.0 -0.4347 3.616, -2.0 -0.4333 3.6199, -2.0 -0.4327 3.6248, -2.0 -0.4332 3.6293, -2.0 -0.4384 3.6113, -2.0 -0.4448 3.5819, -2.0 -0.4519 3.6039, -2.0 -0.4443 3.6073, -2.0 -0.4534 3.5808, -2.0 -0.454 3.5808, -2.0 -0.4602 3.6004, -2.0 -0.4605 3.5815, -2.0 -0.4683 3.5906, -2.0 -0.4682 3.5921, -2.0 -0.4637 3.5827, -2.0 -0.4649 3.5834, -2.0 -0.4663 3.5847, -2.0 -0.4674 3.5864, -2.0 -0.4681 3.5882, -2.0 -0.4676 3.5941, -2.0 -0.4667 3.5958, -2.0 -0.4651 3.5974, -2.0 -0.4443 3.5714, -2.0 -0.4412 3.5717, -2.0 -0.4385 3.5714, -2.0 -0.4385 3.5727, -2.0 -0.4327 3.5747, -2.0 -0.4522 3.5705, -2.0 -0.4385 3.5314, -2.0 -0.4931 3.5497, -2.0 -0.3625 3.6063, -2.0 -0.3647 3.6269, -2.0 -0.3599 3.6022, -2.0 -0.3583 3.5976, -2.0 -0.4029 3.5833, -2.0 -0.4026 3.5833, -2.0 -0.4029 3.5722, -2.0 -0.4006 3.5803, -2.0 -0.3966 3.576, -2.0 -0.3663 3.6097, -2.0 -0.3716 3.6125, -2.0 -0.3729 3.6322, -2.0 -0.3815 3.615, -2.0 -0.3926 3.6352, -2.0 -0.3883 3.6356, -2.0 -0.3808 3.6349, -2.0 -0.4097 3.6383, -2.0 -0.4124 3.6343, -2.0 -0.4144 3.6288, -2.0 -0.4155 3.6186, -2.0 -0.4155 3.5722, -2.0 -0.3681 3.5732, -2.0 -0.3638 3.5762, -2.0 -0.3531 3.5714, -2.0 -0.3624 3.5776, -2.0 -0.3598 3.5815, -2.0 -0.3583 3.5858, -2.0 -0.3576 3.5915, -2.0 -0.3647 3.6392, -2.0 -0.3971 3.6452, -2.0 -0.4024 3.6436, -2.0 -0.4066 3.6412, -2.0 -0.4029 3.618, -2.0 -0.4025 3.6236, -2.0 -0.4011 3.6281, -2.0 -0.3997 3.6307, -2.0 -0.3978 3.6327, -2.0 -0.3955 3.6342, -2.0 -0.3688 3.6415, -2.0 -0.3785 3.6448, -2.0 -0.3895 3.6459, -2.0 -0.3874 3.5714, -2.0 -0.387 3.5712, -2.0 -0.4198 3.5314, -2.0 -0.3531 3.5314, -2.0 -0.3805 3.5705, -2.0 -0.3732 3.5714, -2.0 -0.3729 3.5714, -2.0 -0.1625 3.7545, -2.0 -0.182 3.738, -2.0 -0.25 3.834, -2.0 -0.25 3.7314, -2.0 -0.0676 3.8441, -2.0 -0.0825 3.834, -2.0 -0.0989 3.8229, -2.0 -0.1228 3.7953, -2.0 -0.1377 3.7662, -2.0 -0.1412 3.765, -2.0 -0.25 3.5714, -2.0 0.0261 3.5714, -2.0 0.0262 3.571, -2.0 0.0347 3.555, -2.0 0.0456 3.5428, -2.0 0.0599 3.5328, -2.0 -0.2054 3.6957, -2.0 -0.2087 3.6723, -2.0 -0.25 3.7018, -2.0 -0.0655 3.6137, -2.0 -0.0704 3.6156, -2.0 -0.0789 3.6565, -2.0 -0.1821 3.6041, -2.0 -0.1626 3.5876, -2.0 0.0395 3.6443, -2.0 -0.0566 3.6945, -2.0 0.052 3.6557, -2.0 0.0673 3.6639, -2.0 -0.0611 3.6105, -2.0 -0.1964 3.624, -2.0 -0.1639 3.6779, -2.0 -0.1605 3.6917, -2.0 -0.155 3.7018, -2.0 0.2019 3.7018, -2.0 -0.2054 3.6467, -2.0 -0.076 3.6163, -2.0 -0.0767 3.6163, -2.0 -0.0788 3.6158, -2.0 0.1977 3.6586, -2.0 0.1892 3.6442, -2.0 0.1528 3.6367, -2.0 0.1763 3.631, -2.0 0.1607 3.6213, -2.0 0.1263 3.6605, -2.0 0.1409 3.6503, -2.0 0.2037 3.6873, -2.0 0.2028 3.6762, -2.0 0.1104 3.6666, -2.0 0.0933 3.6687, -2.0 0.0846 3.6682, -2.0 -0.0538 3.5941, -2.0 -0.0539 3.5969, -2.0 0.0215 3.6034, -2.0 -0.0554 3.6024, -2.0 -0.0581 3.6073, -2.0 -0.1496 3.6336, -2.0 -0.1575 3.6448, -2.0 -0.1625 3.6576, -2.0 -0.1642 3.6715, -2.0 -0.0705 3.5725, -2.0 -0.0658 3.5744, -2.0 -0.0611 3.5777, -2.0 -0.0595 3.5794, -2.0 -0.0563 3.5839, -2.0 -0.0544 3.5887, -2.0 0.0219 3.5887, -2.0 0.0215 3.5962, -2.0 -0.1408 3.5769, -2.0 -0.1169 3.5719, -2.0 -0.0746 3.5719, -2.0 -0.0803 3.6156, -2.0 -0.1126 3.6156, -2.0 -0.1255 3.6181, -2.0 -0.1382 3.624, -2.0 -0.1487 3.6326, -2.0 -0.1025 3.7275, -2.0 0.1954 3.7207, -2.0 0.2016 3.7047, -2.0 -0.1083 3.7275, -2.0 -0.1538 3.704, -2.0 -0.1456 3.7132, -2.0 -0.1345 3.721, -2.0 -0.1219 3.7258, -2.0 -0.087 3.7707, -2.0 -0.0708 3.79, -2.0 0.094 3.7483, -2.0 -0.0691 3.7915, -2.0 -0.049 3.8055, -2.0 0.083 3.771, -2.0 0.188 3.7314, -2.0 0.099 3.751, -2.0 -0.1017 3.7314, -2.0 -0.0981 3.7476, -2.0 0.1151 3.7569, -2.0 0.132 3.759, -2.0 0.1395 3.7587, -2.0 0.0669 3.7902, -2.0 -0.0265 3.8141, -2.0 0.0477 3.8042, -2.0 -0.0021 3.8171, -2.0 0.0243 3.8137, -2.0 0.1572 3.7544, -2.0 0.1732 3.7459, -2.0 0.1855 3.735, -2.0 -0.1867 3.7314, -2.0 -0.1966 3.7176, -2.0 -0.2029 3.7018, -2.0 -0.6249 3.5722, -2.0 -0.6344 3.5714, -2.0 -0.6249 3.5837, -2.0 -0.6344 3.7018, -2.0 -0.6226 3.6731, -2.0 -0.6226 3.6615, -2.0 -0.5837 3.6176, -2.0 -0.5837 3.5837, -2.0 -0.6026 3.6176, -2.0 -0.6026 3.5837, -2.0 -0.6198 3.6176, -2.0 -0.6198 3.6292, -2.0 -0.5837 3.6615, -2.0 -0.5837 3.6292, -2.0 -0.6026 3.6615, -2.0 -0.6026 3.6292, -2.0 -0.5081 3.834, -2.0 -0.4846 3.834, -2.0 -0.4963 3.8331, -2.0 -0.4846 3.8331, -2.0 -0.4574 3.7777, -2.0 -0.4574 3.7437, -2.0 -0.4846 3.7777, -2.0 -0.4846 3.7437, -2.0 -0.4934 3.7777, -2.0 -0.4986 3.7437, -2.0 -0.4934 3.7892, -2.0 -0.4963 3.8215, -2.0 -0.4846 3.7892, -2.0 -0.4846 3.8215, -2.0 -0.4574 3.7892, -2.0 -0.4574 3.8215, -2.0 -0.5081 3.7314, -2.0 -0.4986 3.7322, -2.0 -0.4846 3.7314, -2.0 -0.4846 3.7322, -2.0 -0.4443 3.7322, -2.0 -0.4443 3.8331, -2.0 -0.6344 3.5314, -2.0 -0.6026 0.0, -2.0 -0.5081 0.0, -2.0 -0.4846 0.0, -2.0 -0.4385 0.0, -2.0 -0.4198 0.0, -2.0 -0.3531 0.0, -2.0 -0.3921 3.5731, -2.0 -0.3471 3.7018, -2.0 -0.3433 3.6731, -2.0 -0.3433 3.6615, -2.0 -0.3471 3.5714, -2.0 -0.3455 3.5722, -2.0 -0.2913 3.5722, -2.0 -0.2913 3.6731, -2.0 -0.3471 3.5314, -2.0 -0.3471 0.0, -2.0 -0.3455 3.5837, -2.0 -0.3043 3.6176, -2.0 -0.3043 3.5837, -2.0 -0.3404 3.6176, -2.0 -0.3404 3.6292, -2.0 -0.3043 3.6292, -2.0 -0.3043 3.6615, -2.0 -0.644 3.5722, -2.0 -0.6887 3.5743, -2.0 -0.6717 3.5722, -2.0 -0.7229 3.6044, -2.0 -0.7177 3.5942, -2.0 -0.6902 3.6709, -2.0 -0.7021 3.666, -2.0 -0.7109 3.5863, -2.0 -0.7002 3.5787, -2.0 -0.7207 3.6474, -2.0 -0.7244 3.6377, -2.0 -0.7261 3.6239, -2.0 -0.7256 3.616, -2.0 -0.644 3.6731, -2.0 -0.6727 3.6731, -2.0 -0.675 3.673, -2.0 -0.7109 3.6597, -2.0 -0.7145 3.6562, -2.0 -0.3043 3.8331, -2.0 -0.2913 3.8331, -2.0 -0.2913 3.7322, -2.0 -0.3043 3.7437, -2.0 -0.3445 3.7437, -2.0 -0.3445 3.7322, -2.0 -0.5638 3.8309, -2.0 -0.5757 3.826, -2.0 -0.5966 3.7645, -2.0 -0.5913 3.7542, -2.0 -0.5846 3.7464, -2.0 -0.5739 3.7387, -2.0 -0.5464 3.8331, -2.0 -0.5487 3.8331, -2.0 -0.5944 3.8074, -2.0 -0.5981 3.7977, -2.0 -0.5998 3.784, -2.0 -0.5993 3.7761, -2.0 -0.5624 3.7343, -2.0 -0.5454 3.7322, -2.0 -0.5176 3.7322, -2.0 -0.5176 3.8331, -2.0 -0.5846 3.8198, -2.0 -0.5882 3.8162, -2.0 -0.3471 3.937, -2.0 -0.7851 3.937, -2.0 -0.7289 3.937, -2.0 -0.6344 3.937, -2.0 -0.6026 3.937, -2.0 -0.5081 3.937, -2.0 -0.4846 3.937, -2.0 -0.4385 3.937
            ]
        }
        coordIndex [
            0,1,2,-1,3,4,5,-1,6,7,8,-1,9,10,11,-1,11,10,6,-1,11,6,12,-1,12,6,8,-1,8,13,12,-1,12,13,14,-1,12,14,15,-1,15,14,16,-1,15,16,17,-1,17,16,18,-1,17,18,19,-1,20,21,22,-1,23,24,25,-1,26,27,22,-1,22,27,28,-1,28,29,22,-1,22,29,30,-1,22,30,31,-1,32,33,22,-1,22,33,34,-1,22,34,20,-1,22,35,26,-1,26,35,36,-1,26,36,25,-1,25,36,37,-1,25,37,23,-1,31,38,22,-1,22,38,39,-1,22,39,32,-1,21,40,22,-1,22,40,41,-1,22,41,42,-1,42,41,43,-1,42,43,44,-1,44,43,45,-1,44,45,46,-1,47,48,49,-1,49,48,50,-1,49,50,46,-1,46,50,51,-1,46,51,44,-1,52,53,54,-1,54,53,55,-1,54,55,56,-1,57,58,59,-1,60,61,59,-1,59,61,62,-1,59,62,57,-1,63,64,59,-1,59,64,65,-1,59,65,60,-1,4,66,67,-1,67,66,68,-1,67,68,63,-1,63,68,69,-1,63,69,64,-1,70,71,5,-1,71,72,5,-1,5,72,73,-1,5,73,3,-1,70,5,74,-1,74,5,75,-1,74,75,76,-1,76,75,77,-1,77,75,78,-1,77,78,79,-1,43,80,45,-1,45,80,81,-1,45,81,82,-1,82,81,83,-1,82,83,84,-1,85,86,87,-1,88,89,90,-1,91,92,93,-1,94,95,96,-1,96,95,97,-1,96,97,98,-1,98,97,91,-1,98,91,99,-1,99,91,93,-1,100,101,2,-1,100,2,102,-1,101,100,95,-1,95,100,103,-1,95,103,97,-1,2,104,102,-1,102,104,105,-1,102,105,106,-1,107,108,104,-1,104,108,109,-1,104,109,105,-1,110,111,112,-1,104,113,114,-1,115,116,117,-1,117,116,118,-1,117,118,110,-1,110,118,119,-1,110,119,111,-1,114,120,104,-1,104,120,121,-1,104,121,107,-1,122,123,124,-1,122,124,125,-1,123,126,124,-1,124,126,127,-1,124,127,117,-1,117,127,128,-1,117,128,115,-1,129,130,131,-1,131,130,132,-1,131,132,133,-1,134,135,131,-1,131,135,136,-1,131,136,137,-1,137,138,131,-1,131,138,139,-1,131,139,129,-1,140,141,142,-1,132,143,133,-1,133,143,144,-1,133,144,142,-1,142,144,145,-1,142,145,140,-1,140,145,146,-1,147,148,149,-1,149,148,150,-1,149,150,151,-1,151,152,149,-1,149,152,153,-1,149,153,154,-1,154,155,149,-1,149,155,156,-1,149,156,157,-1,158,159,160,-1,160,159,157,-1,160,157,161,-1,161,157,156,-1,161,156,162,-1,162,156,163,-1,162,163,164,-1,165,166,162,-1,165,162,167,-1,164,168,162,-1,162,168,169,-1,162,169,167,-1,167,169,170,-1,166,171,162,-1,162,171,172,-1,162,172,173,-1,173,172,174,-1,174,175,173,-1,173,175,176,-1,173,176,177,-1,176,178,177,-1,177,178,179,-1,177,179,180,-1,180,179,181,-1,180,181,182,-1,183,184,185,-1,185,184,186,-1,185,186,187,-1,182,188,180,-1,180,188,189,-1,180,189,190,-1,191,192,193,-1,193,192,180,-1,193,180,183,-1,183,180,190,-1,183,190,184,-1,191,194,192,-1,192,194,195,-1,192,195,196,-1,196,195,197,-1,18,198,19,-1,19,198,9,-1,19,9,199,-1,199,9,11,-1,199,11,200,-1,200,11,201,-1,202,203,204,-1,205,206,207,-1,207,206,208,-1,207,208,209,-1,209,208,210,-1,209,210,211,-1,210,212,211,-1,211,212,202,-1,211,202,213,-1,213,202,204,-1,144,214,145,-1,145,214,211,-1,145,211,205,-1,205,211,213,-1,205,213,206,-1,215,216,217,-1,2,218,219,-1,220,221,222,-1,222,221,223,-1,224,225,2,-1,2,225,226,-1,2,226,218,-1,220,227,221,-1,221,227,228,-1,221,228,101,-1,216,224,217,-1,217,224,2,-1,217,2,229,-1,229,2,101,-1,229,101,230,-1,230,101,228,-1,219,231,2,-1,2,231,232,-1,2,232,0,-1,233,234,235,-1,235,234,236,-1,235,236,237,-1,235,238,233,-1,233,238,239,-1,233,239,240,-1,240,241,233,-1,233,241,242,-1,233,242,243,-1,243,242,244,-1,243,244,245,-1,245,244,246,-1,245,246,217,-1,217,246,247,-1,217,247,215,-1,248,249,237,-1,237,249,250,-1,237,250,235,-1,251,78,252,-1,223,221,253,-1,253,221,78,-1,253,78,254,-1,255,256,257,-1,258,259,251,-1,259,260,251,-1,251,260,261,-1,251,261,78,-1,78,261,262,-1,78,262,254,-1,255,257,251,-1,251,257,263,-1,251,263,258,-1,264,265,256,-1,256,265,266,-1,256,266,257,-1,264,267,265,-1,265,267,268,-1,265,268,269,-1,269,268,270,-1,269,271,272,-1,270,273,269,-1,269,273,274,-1,269,274,275,-1,275,276,269,-1,269,276,277,-1,269,277,271,-1,272,278,269,-1,269,278,279,-1,269,279,280,-1,281,282,283,-1,283,282,284,-1,283,284,252,-1,252,284,285,-1,252,285,251,-1,286,287,1,-1,1,287,110,-1,1,110,2,-1,2,110,112,-1,2,112,104,-1,104,112,288,-1,104,288,113,-1,289,290,291,-1,291,290,292,-1,293,294,295,-1,295,294,296,-1,295,296,297,-1,289,298,290,-1,290,298,299,-1,290,299,300,-1,300,299,301,-1,302,303,301,-1,301,303,304,-1,301,304,300,-1,78,305,306,-1,306,307,78,-1,78,307,308,-1,78,308,252,-1,252,308,309,-1,252,309,295,-1,310,311,312,-1,312,311,313,-1,312,313,314,-1,314,315,312,-1,312,315,316,-1,312,316,75,-1,75,316,292,-1,75,292,317,-1,317,292,290,-1,318,319,78,-1,78,319,320,-1,78,320,305,-1,321,322,301,-1,301,322,323,-1,301,323,324,-1,324,325,301,-1,301,325,326,-1,301,326,302,-1,317,327,75,-1,75,327,328,-1,75,328,78,-1,78,328,329,-1,78,329,318,-1,330,331,332,-1,332,331,333,-1,331,334,333,-1,333,334,335,-1,333,335,312,-1,312,335,336,-1,312,336,310,-1,337,338,339,-1,339,338,340,-1,341,342,339,-1,339,342,343,-1,339,343,344,-1,344,345,339,-1,339,345,346,-1,339,346,337,-1,347,348,150,-1,150,348,349,-1,150,349,350,-1,350,351,150,-1,150,351,352,-1,150,352,151,-1,353,354,355,-1,356,357,358,-1,359,360,347,-1,361,362,363,-1,363,362,364,-1,356,358,365,-1,359,347,366,-1,367,368,362,-1,362,368,369,-1,362,369,370,-1,355,354,347,-1,347,354,371,-1,347,371,366,-1,357,372,358,-1,358,372,373,-1,358,373,374,-1,375,376,377,-1,377,376,378,-1,377,378,379,-1,380,370,381,-1,381,370,382,-1,381,382,377,-1,377,382,383,-1,377,383,375,-1,380,384,370,-1,370,384,385,-1,370,385,362,-1,362,385,386,-1,362,386,364,-1,387,388,389,-1,389,388,390,-1,389,390,358,-1,358,390,391,-1,358,391,365,-1,392,393,358,-1,358,393,394,-1,358,394,362,-1,362,394,395,-1,362,395,367,-1,396,397,348,-1,348,397,398,-1,348,398,399,-1,399,400,348,-1,348,400,401,-1,348,401,402,-1,402,401,387,-1,402,387,403,-1,403,387,389,-1,360,404,347,-1,347,404,405,-1,347,405,348,-1,348,405,406,-1,348,406,396,-1,374,407,358,-1,358,407,408,-1,358,408,409,-1,409,410,358,-1,358,410,411,-1,358,411,392,-1,412,413,414,-1,414,370,412,-1,412,370,369,-1,412,369,415,-1,415,369,416,-1,416,417,415,-1,415,417,418,-1,415,418,419,-1,420,421,422,-1,421,423,422,-1,422,423,424,-1,422,424,425,-1,426,422,427,-1,413,412,426,-1,426,412,428,-1,426,428,422,-1,422,428,429,-1,422,429,420,-1,427,430,426,-1,426,430,431,-1,426,431,432,-1,425,424,433,-1,433,424,434,-1,433,434,435,-1,435,434,436,-1,435,436,437,-1,438,439,432,-1,432,439,440,-1,432,440,426,-1,338,441,340,-1,340,441,442,-1,340,442,355,-1,355,442,443,-1,355,443,353,-1,89,88,444,-1,444,88,445,-1,444,445,446,-1,87,86,447,-1,447,86,448,-1,447,448,449,-1,450,451,452,-1,452,451,453,-1,452,453,454,-1,454,453,446,-1,454,446,455,-1,456,457,458,-1,458,457,459,-1,458,459,449,-1,460,461,462,-1,462,461,463,-1,464,465,466,-1,466,465,467,-1,466,467,468,-1,468,467,469,-1,468,469,470,-1,470,469,471,-1,470,471,472,-1,472,471,473,-1,472,473,474,-1,474,473,475,-1,462,471,460,-1,460,471,469,-1,460,469,476,-1,476,469,477,-1,476,477,478,-1,478,477,479,-1,478,479,480,-1,463,461,481,-1,481,461,46,-1,481,46,480,-1,480,46,45,-1,480,45,478,-1,146,482,483,-1,483,482,124,-1,483,124,484,-1,484,124,117,-1,484,117,485,-1,485,117,110,-1,485,110,486,-1,486,110,287,-1,486,287,487,-1,487,287,332,-1,487,332,488,-1,488,332,333,-1,286,281,287,-1,287,281,283,-1,287,283,332,-1,332,283,252,-1,332,252,330,-1,330,252,295,-1,330,295,489,-1,489,295,297,-1,482,445,124,-1,124,445,88,-1,124,88,125,-1,125,88,90,-1,125,90,94,-1,94,90,85,-1,94,85,95,-1,95,85,87,-1,490,491,492,-1,493,494,495,-1,496,355,495,-1,495,355,347,-1,495,347,493,-1,493,347,150,-1,493,150,497,-1,497,150,148,-1,497,148,498,-1,490,492,493,-1,493,492,499,-1,493,499,494,-1,500,501,502,-1,502,501,499,-1,502,499,503,-1,503,499,492,-1,503,492,504,-1,504,492,505,-1,459,455,449,-1,449,455,446,-1,449,446,447,-1,447,446,445,-1,447,445,506,-1,205,507,508,-1,205,509,510,-1,146,145,482,-1,482,145,205,-1,482,205,445,-1,445,205,508,-1,445,508,506,-1,207,511,512,-1,510,513,205,-1,205,513,514,-1,205,514,507,-1,515,516,207,-1,207,516,517,-1,207,517,205,-1,205,517,518,-1,205,518,509,-1,506,519,447,-1,447,519,520,-1,447,520,207,-1,207,520,521,-1,207,521,511,-1,512,522,207,-1,207,522,523,-1,207,523,515,-1,4,67,5,-1,5,67,490,-1,5,490,75,-1,75,490,493,-1,75,493,312,-1,312,493,497,-1,312,497,333,-1,333,497,498,-1,333,498,488,-1,209,201,207,-1,207,201,11,-1,207,11,447,-1,447,11,12,-1,447,12,87,-1,87,12,15,-1,87,15,95,-1,95,15,476,-1,95,476,101,-1,101,476,478,-1,101,478,221,-1,221,478,45,-1,221,45,78,-1,78,45,82,-1,78,82,79,-1,79,82,84,-1,63,339,524,-1,524,339,525,-1,525,339,526,-1,526,339,340,-1,526,340,67,-1,67,340,355,-1,67,355,490,-1,490,355,496,-1,490,496,491,-1,524,527,63,-1,63,527,528,-1,63,528,67,-1,67,528,529,-1,67,529,526,-1,17,530,531,-1,532,533,15,-1,15,533,534,-1,15,534,535,-1,460,536,17,-1,17,536,537,-1,17,537,530,-1,538,539,17,-1,17,539,540,-1,17,540,15,-1,15,540,541,-1,15,541,532,-1,535,542,15,-1,15,542,543,-1,15,543,476,-1,476,543,544,-1,476,544,460,-1,460,544,545,-1,460,545,536,-1,531,546,17,-1,17,546,547,-1,17,547,538,-1,58,53,59,-1,59,53,52,-1,59,52,63,-1,63,52,548,-1,63,548,339,-1,339,548,196,-1,339,196,341,-1,341,196,197,-1,200,549,199,-1,199,549,550,-1,199,550,19,-1,19,550,551,-1,19,551,17,-1,17,551,552,-1,17,552,460,-1,460,552,553,-1,460,553,461,-1,461,553,554,-1,461,554,46,-1,46,554,555,-1,46,555,49,-1,49,555,54,-1,49,54,47,-1,47,54,56,-1,
        ]
    }
}
Shape{
    appearance Appearance {
        material  Material 	{
            diffuseColor 0.6666666666666666 0.6666666666666666 0.6666666666666666
            specularColor 0.4666666666666667 0.4666666666666667 0.4666666666666667
            ambientIntensity 0.6667
            transparency 0.0
            shininess 0.5
        }
    }
    geometry IndexedFaceSet {
        ccw TRUE
        solid FALSE
        coord DEF co Coordinate {
            point [
                -1.315 -1.2205 0.5906, -0.685 -1.2205 0.5906, -1.315 1.1417 0.5906, -0.685 1.1417 0.5906, -1.315 -1.2205 1.1417, -1.315 1.1417 1.1417, -0.685 -1.2205 1.1417, -0.685 1.1417 1.1417
            ]
        }
        coordIndex [
            0,1,2,-1,2,1,3,-1,4,0,5,-1,5,0,2,-1,6,4,7,-1,7,4,5,-1,1,6,3,-1,3,6,7,-1,
        ]
    }
}
Shape{
    appearance Appearance {
        material  Material 	{
            diffuseColor 0.5019607843137255 1.0 0.5019607843137255
            specularColor 0.25098039215686274 0.5019607843137255 0.25098039215686274
            ambientIntensity 0.7943
            transparency 0.0
            shininess 0.5
        }
    }
    geometry IndexedFaceSet {
        ccw TRUE
        solid FALSE
        coord DEF co Coordinate {
            point [
                -1.315 1.6142 0.0, -2.0 1.6142 0.0, -1.315 1.6142 1.5748, -2.0 1.6142 1.5748
            ]
        }
        coordIndex [
            0,1,2,-1,2,1,3,-1,
        ]
    }
}
Shape{
    appearance Appearance {
        material  Material 	{
            diffuseColor 0.6666666666666666 0.6666666666666666 0.6666666666666666
            specularColor 0.4666666666666667 0.4666666666666667 0.4666666666666667
            ambientIntensity 0.6667
            transparency 0.0
            shininess 0.5
        }
    }
    geometry IndexedFaceSet {
        ccw TRUE
        solid FALSE
        coord DEF co Coordinate {
            point [
                -0.685 -1.2205 0.5906, -0.6063 -1.2205 0.5118, -0.685 -1.2205 1.1417, -0.6063 -1.2205 1.2205, -1.315 -1.2205 1.1417, -1.3937 -1.2205 1.2205, -1.315 -1.2205 0.5906, -1.3937 -1.2205 0.5118, 0.685 -1.2205 0.5906, 1.315 -1.2205 0.5906, 0.685 1.1417 0.5906, 1.315 1.1417 0.5906, 0.685 -1.2205 1.1417, 0.685 1.1417 1.1417, 1.315 -1.2205 1.1417, 1.315 1.1417 1.1417
            ]
        }
        coordIndex [
            0,1,2,-1,2,1,3,-1,2,3,4,-1,4,3,5,-1,4,5,6,-1,6,5,7,-1,6,7,0,-1,0,7,1,-1,8,9,10,-1,10,9,11,-1,12,8,13,-1,13,8,10,-1,14,12,15,-1,15,12,13,-1,9,14,11,-1,11,14,15,-1,
        ]
    }
}
Shape{
    appearance Appearance {
        material  Material 	{
            diffuseColor 0.5019607843137255 1.0 0.5019607843137255
            specularColor 0.25098039215686274 0.5019607843137255 0.25098039215686274
            ambientIntensity 0.7943
            transparency 0.0
            shininess 0.5
        }
    }
    geometry IndexedFaceSet {
        ccw TRUE
        solid FALSE
        coord DEF co Coordinate {
            point [
                -0.685 1.6142 1.5748, 0.685 1.6142 1.5748, -0.685 1.6142 0.0, 0.685 1.6142 0.0
            ]
        }
        coordIndex [
            0,1,2,-1,2,1,3,-1,
        ]
    }
}
Shape{
    appearance Appearance {
        material  Material 	{
            diffuseColor 0.6666666666666666 0.6666666666666666 0.6666666666666666
            specularColor 0.4666666666666667 0.4666666666666667 0.4666666666666667
            ambientIntensity 0.6667
            transparency 0.0
            shininess 0.5
        }
    }
    geometry IndexedFaceSet {
        ccw TRUE
        solid FALSE
        coord DEF co Coordinate {
            point [
                1.315 -1.2205 0.5906, 1.3937 -1.2205 0.5118, 1.315 -1.2205 1.1417, 1.3937 -1.2205 1.2205, 0.685 -1.2205 1.1417, 0.6063 -1.2205 1.2205, 0.685 -1.2205 0.5906, 0.6063 -1.2205 0.5118
            ]
        }
        coordIndex [
            0,1,2,-1,2,1,3,-1,2,3,4,-1,4,3,5,-1,4,5,6,-1,6,5,7,-1,6,7,0,-1,0,7,1,-1,
        ]
    }
}
Shape{
    appearance Appearance {
        material  Material 	{
            diffuseColor 0.5019607843137255 1.0 0.5019607843137255
            specularColor 0.25098039215686274 0.5019607843137255 0.25098039215686274
            ambientIntensity 0.7943
            transparency 0.0
            shininess 0.5
        }
    }
    geometry IndexedFaceSet {
        ccw TRUE
        solid FALSE
        coord DEF co Coordinate {
            point [
                -0.4882 -1.6142 0.3937, -1.5118 -1.6142 0.3937, -2.0 -1.6142 0.0, -0.4882 -1.6142 1.7761, 2.0 -1.6142 2.0472, -2.0 -1.6142 2.0472, -1.5118 -1.6142 1.7761, 2.0 -1.6142 0.0, 0.4882 -1.6142 0.3937, 0.4882 -1.6142 1.7761, 1.5118 -1.6142 1.7761, 1.5118 -1.6142 0.3937
            ]
        }
        coordIndex [
            0,1,2,-1,3,4,5,-1,2,1,5,-1,5,1,6,-1,5,6,3,-1,2,7,0,-1,0,7,8,-1,0,8,3,-1,3,8,9,-1,3,9,4,-1,4,9,10,-1,4,10,7,-1,7,10,11,-1,7,11,8,-1,
        ]
    }
}
Shape{
    appearance Appearance {
        material  Material 	{
            diffuseColor 0.6666666666666666 0.6666666666666666 0.6666666666666666
            specularColor 0.4666666666666667 0.4666666666666667 0.4666666666666667
            ambientIntensity 0.6667
            transparency 0.0
            shininess 0.5
        }
    }
    geometry IndexedFaceSet {
        ccw TRUE
        solid FALSE
        coord DEF co Coordinate {
            point [
                -1.5002 -0.3144 3.6221, -1.4672 -0.3674 3.6221, -0.672 0.4278 3.6221, -0.7569 0.4772 3.6221, -0.893 0.5214 3.6221, -1.5529 -0.1813 3.6221, -1.5709 -0.0394 3.6221, -1.0358 0.5304 3.6221, -1.1764 0.5036 3.6221, -1.3059 0.4426 3.6221, -1.4161 0.3514 3.6221, -1.5002 0.2356 3.6221, -1.5529 0.1026 3.6221, 0.4998 -0.3144 3.6221, 0.5328 -0.3674 3.6221, 1.328 0.4278 3.6221, 1.2431 0.4772 3.6221, 1.107 0.5214 3.6221, 0.4471 -0.1813 3.6221, 0.9642 0.5304 3.6221, 0.8236 0.5036 3.6221, 0.6941 0.4426 3.6221, 0.5839 0.3514 3.6221, 0.4998 0.2356 3.6221, 0.4471 0.1026 3.6221, 0.4291 -0.0394 3.6221
            ]
        }
        coordIndex [
            0,1,2,-1,2,3,0,-1,0,3,4,-1,0,4,5,-1,5,4,6,-1,7,8,4,-1,4,8,9,-1,4,9,10,-1,10,11,4,-1,4,11,12,-1,4,12,6,-1,13,14,15,-1,15,16,13,-1,13,16,17,-1,13,17,18,-1,17,19,20,-1,20,21,17,-1,17,21,22,-1,17,22,23,-1,23,24,17,-1,17,24,25,-1,17,25,18,-1,
        ]
    }
}
Shape{
    appearance Appearance {
        material  Material 	{
            diffuseColor 0.5019607843137255 1.0 0.5019607843137255
            specularColor 0.25098039215686274 0.5019607843137255 0.25098039215686274
            ambientIntensity 0.7943
            transparency 0.0
            shininess 0.5
        }
    }
    geometry IndexedFaceSet {
        ccw TRUE
        solid FALSE
        coord DEF co Coordinate {
            point [
                2.0 1.6142 1.5748, 1.315 1.6142 1.5748, 2.0 0.7544 3.937, 1.315 1.3386 2.332, -2.0 0.7544 3.937, 0.685 1.3386 2.332, -1.315 1.6142 1.5748, -2.0 1.6142 1.5748, -1.315 1.3386 2.332, -0.685 1.3386 2.332, -0.685 1.6142 1.5748, 0.685 1.6142 1.5748, -1.2514 -0.5737 3.937, -1.3764 -0.4944 3.937, -2.0 -0.7851 3.937, -1.4778 -0.3865 3.937, -1.5491 -0.2568 3.937, -1.5859 -0.1134 3.937, -1.5859 0.0346 3.937, -1.5491 0.178 3.937, -1.4778 0.3077 3.937, -1.3764 0.4157 3.937, -1.2514 0.495 3.937, -1.1107 0.5407 3.937, -0.9629 0.55 3.937, -0.8175 0.5223 3.937, -0.6836 0.4592 3.937, 0.6236 -0.4944 3.937, -0.4825 -0.3239 3.937, 0.7486 -0.5737 3.937, 0.8893 -0.6195 3.937, 0.6236 0.4157 3.937, 0.5222 0.3077 3.937, -0.5695 0.3649 3.937, 1.0371 0.55 3.937, 0.8893 0.5407 3.937, 0.7486 0.495 3.937, 1.1825 0.5223 3.937, 1.3164 0.4592 3.937, 1.4305 0.3649 3.937, 1.572 -0.1862 3.937, 1.5175 -0.3239 3.937, 2.0 -0.7851 3.937, 1.4305 -0.4436 3.937, 1.5175 0.2451 3.937, 1.572 0.1075 3.937, 1.5906 -0.0394 3.937, 1.3164 -0.538 3.937, 1.1825 -0.601 3.937, 1.0371 -0.6288 3.937, -0.5695 -0.4436 3.937, -0.6836 -0.538 3.937, -0.8175 -0.601 3.937, -0.9629 -0.6288 3.937, -1.1107 -0.6195 3.937, 0.4141 -0.1134 3.937, 0.4141 0.0346 3.937, -0.428 0.1075 3.937, -0.4825 0.2451 3.937, 0.4509 0.178 3.937, 0.5222 -0.3865 3.937, 0.4509 -0.2568 3.937, -0.428 -0.1862 3.937, -0.4094 -0.0394 3.937, 2.0 -1.2598 2.1654, -2.0 -1.2598 2.1654, 2.0 -1.4961 2.1654, -2.0 -1.4961 2.1654, -2.144 1.4107 0.0, -2.0 1.3583 0.0, -2.1968 1.3737 0.0, -2.0 1.6142 0.0, -1.315 1.6142 0.0, -1.315 1.3386 0.0, -2.1924 -1.3919 0.0, -2.1957 -1.383 0.0, -2.144 -1.4107 0.0, -2.1968 -1.3737 0.0, -2.0 -1.3583 0.0, 1.8199 1.1137 0.0, 1.8283 1.1093 0.0, 1.315 1.3386 0.0, -2.1957 1.1366 0.0, -2.1968 1.146 0.0, -2.144 1.109 0.0, -2.0 1.1614 0.0, -2.0 -1.1614 0.0, -2.1968 -1.146 0.0, -2.144 -1.109 0.0, -2.1957 -1.1366 0.0, -2.1924 -1.1278 0.0, -0.685 1.6142 0.0, 0.685 1.6142 0.0, -0.685 1.3386 0.0, -0.8031 0.0984 0.0, -1.1968 0.0984 0.0, -2.1626 -1.4127 0.0, -2.1717 -1.4104 0.0, -2.1532 -1.4128 0.0, -2.1801 -1.4059 0.0, -2.1871 -1.3996 0.0, -2.1871 -1.12 0.0, -2.1801 -1.1137 0.0, -2.1532 -1.1069 0.0, -2.1717 -1.1093 0.0, -2.1626 -1.107 0.0, -2.1801 1.1137 0.0, -2.1871 1.12 0.0, -2.1924 1.1278 0.0, -0.8031 -0.0984 0.0, -1.1968 -0.0984 0.0, -2.1717 1.1093 0.0, -2.1532 1.1069 0.0, -2.1626 1.107 0.0, -2.1957 1.383 0.0, -2.1924 1.3919 0.0, -2.1871 1.3996 0.0, 1.8374 1.107 0.0, 1.1969 0.0984 0.0, 1.8468 1.1069 0.0, 2.0 1.6142 0.0, 2.0 1.3583 0.0, 1.856 1.4107 0.0, 1.8032 1.146 0.0, 1.8043 1.1366 0.0, 1.8468 -1.1069 0.0, 1.8374 -1.107 0.0, 1.1969 -0.0984 0.0, 1.8032 -1.146 0.0, 1.8032 -1.3737 0.0, -2.0 -1.6142 0.0, 1.8043 -1.383 0.0, 1.8076 -1.3919 0.0, -2.1801 1.4059 0.0, -2.1717 1.4104 0.0, -2.1532 1.4128 0.0, -2.1626 1.4127 0.0, 0.8032 0.0984 0.0, 0.685 1.3386 0.0, 0.8032 -0.0984 0.0, 1.315 1.6142 0.0, 1.8199 1.4059 0.0, 1.8129 1.3996 0.0, 1.856 -1.109 0.0, 1.8283 -1.1093 0.0, 1.8199 -1.1137 0.0, 1.8129 -1.3996 0.0, 1.8199 -1.4059 0.0, 2.0 -1.6142 0.0, 1.8283 -1.4104 0.0, 1.8374 -1.4127 0.0, 1.8468 -1.4128 0.0, 1.856 -1.4107 0.0, 2.0 -1.3583 0.0, 1.8468 1.4128 0.0, 1.8374 1.4127 0.0, 1.8283 1.4104 0.0, 1.8076 1.3919 0.0, 1.8043 1.383 0.0, 1.8032 1.3737 0.0, 1.856 1.109 0.0, 2.0 1.1614 0.0, 2.0 -1.1614 0.0, 1.8129 -1.12 0.0, 1.8076 -1.1278 0.0, 1.8043 -1.1366 0.0, 1.8076 1.1278 0.0, 1.8129 1.12 0.0, 2.0 1.3583 1.5748, 2.0 -1.5266 2.1613, 2.0 -1.5551 2.1495, 2.0 -1.3583 1.9685, 2.0 -1.5796 2.1308, 2.0 -1.6142 2.0472, 2.0 -1.1614 1.9685, 2.0 1.1614 1.5748, 2.0 -1.5983 2.1063, 2.0 -1.6101 2.0778
            ]
        }
        coordIndex [
            0,1,2,-1,2,1,3,-1,2,3,4,-1,4,3,5,-1,6,7,8,-1,8,7,4,-1,8,4,9,-1,9,4,5,-1,9,5,10,-1,10,5,11,-1,12,13,14,-1,14,13,15,-1,15,16,14,-1,14,16,17,-1,14,17,4,-1,4,17,18,-1,4,18,19,-1,19,20,4,-1,4,20,21,-1,4,21,22,-1,22,23,4,-1,4,23,24,-1,4,24,2,-1,2,24,25,-1,2,25,26,-1,27,28,29,-1,29,28,30,-1,31,26,32,-1,32,26,33,-1,34,2,35,-1,35,2,26,-1,35,26,36,-1,36,26,31,-1,34,37,2,-1,2,37,38,-1,2,38,39,-1,40,41,42,-1,42,41,43,-1,39,44,2,-1,2,44,45,-1,2,45,42,-1,42,45,46,-1,42,46,40,-1,43,47,42,-1,42,47,48,-1,42,48,49,-1,28,50,30,-1,30,50,51,-1,30,51,49,-1,49,51,52,-1,49,52,42,-1,42,52,53,-1,42,53,14,-1,14,53,54,-1,14,54,12,-1,55,56,57,-1,33,58,32,-1,32,58,57,-1,32,57,59,-1,59,57,56,-1,27,60,28,-1,28,60,61,-1,28,61,62,-1,62,61,55,-1,62,55,63,-1,63,55,57,-1,64,42,65,-1,65,42,14,-1,66,64,67,-1,67,64,65,-1,68,69,70,-1,71,72,69,-1,69,72,73,-1,74,75,76,-1,76,75,77,-1,76,77,78,-1,79,80,81,-1,82,83,84,-1,84,83,85,-1,78,77,86,-1,86,77,87,-1,86,87,88,-1,88,87,89,-1,88,89,90,-1,91,92,93,-1,93,92,94,-1,93,94,73,-1,73,94,95,-1,73,95,69,-1,96,97,98,-1,98,97,99,-1,98,99,76,-1,76,99,100,-1,76,100,74,-1,90,101,88,-1,88,101,102,-1,88,102,103,-1,103,102,104,-1,103,104,105,-1,106,107,84,-1,84,107,108,-1,84,108,82,-1,109,78,110,-1,110,78,86,-1,110,86,95,-1,95,86,85,-1,95,85,69,-1,69,85,83,-1,69,83,70,-1,106,84,111,-1,111,84,112,-1,111,112,113,-1,70,114,68,-1,68,114,115,-1,68,115,116,-1,80,117,118,-1,118,117,119,-1,120,121,122,-1,123,124,81,-1,125,126,127,-1,128,129,130,-1,130,129,131,-1,130,131,132,-1,116,133,68,-1,68,133,134,-1,68,134,135,-1,135,134,136,-1,80,118,81,-1,81,118,137,-1,81,137,138,-1,130,78,139,-1,139,78,109,-1,139,109,137,-1,137,109,94,-1,137,94,138,-1,138,94,92,-1,140,141,142,-1,125,127,143,-1,126,144,127,-1,127,144,145,-1,127,145,139,-1,132,146,130,-1,130,146,147,-1,130,147,148,-1,148,147,149,-1,148,149,150,-1,150,151,148,-1,148,151,152,-1,148,152,153,-1,122,154,120,-1,120,154,155,-1,120,155,140,-1,140,155,156,-1,140,156,141,-1,142,157,140,-1,140,157,158,-1,140,158,81,-1,81,158,159,-1,81,159,123,-1,119,160,118,-1,118,160,161,-1,118,161,127,-1,127,161,162,-1,127,162,143,-1,145,163,139,-1,139,163,164,-1,139,164,130,-1,130,164,165,-1,130,165,128,-1,124,166,81,-1,81,166,167,-1,81,167,79,-1,1,0,140,-1,140,0,120,-1,168,121,120,-1,169,170,171,-1,171,170,172,-1,148,153,173,-1,173,153,171,-1,162,161,174,-1,174,161,175,-1,172,176,171,-1,171,176,177,-1,171,177,173,-1,120,0,168,-1,168,0,2,-1,168,2,175,-1,175,2,42,-1,175,42,174,-1,174,42,64,-1,174,64,171,-1,171,64,66,-1,171,66,169,-1,
        ]
    }
}
Shape{
    appearance Appearance {
        material  Material 	{
            diffuseColor 0.6666666666666666 0.6666666666666666 0.6666666666666666
            specularColor 0.4666666666666667 0.4666666666666667 0.4666666666666667
            ambientIntensity 0.6667
            transparency 0.0
            shininess 0.5
        }
    }
    geometry IndexedFaceSet {
        ccw TRUE
        solid FALSE
        coord DEF co Coordinate {
            point [
                1.1969 0.0984 -1.0553, 1.1969 0.0984 0.0, 1.1969 -0.0984 -1.0553, 1.1969 -0.0984 0.0, 0.9213 -0.0984 -1.4961, 1.0787 -0.0984 -1.4961, 0.8032 -0.0984 -1.0553, 0.8032 -0.0984 0.0, 0.8032 0.0984 -1.0553, 0.8032 0.0984 0.0, 0.9213 0.0984 -1.4961, 1.0787 0.0984 -1.4961, -0.8031 0.0984 -1.0553, -0.8031 0.0984 0.0, -0.8031 -0.0984 -1.0553, -0.8031 -0.0984 0.0, -1.0787 -0.0984 -1.4961, -0.9213 -0.0984 -1.4961, -1.1968 -0.0984 -1.0553, -1.1968 -0.0984 0.0, -1.1968 0.0984 -1.0553, -1.1968 0.0984 0.0, -1.0787 0.0984 -1.4961, -0.9213 0.0984 -1.4961
            ]
        }
        coordIndex [
            0,1,2,-1,2,1,3,-1,4,5,6,-1,6,5,2,-1,6,2,7,-1,7,2,3,-1,6,7,8,-1,8,7,9,-1,9,1,8,-1,8,1,0,-1,8,0,10,-1,10,0,11,-1,10,11,4,-1,4,11,5,-1,4,6,10,-1,10,6,8,-1,11,0,5,-1,5,0,2,-1,12,13,14,-1,14,13,15,-1,16,17,18,-1,18,17,14,-1,18,14,19,-1,19,14,15,-1,18,19,20,-1,20,19,21,-1,21,13,20,-1,20,13,12,-1,20,12,22,-1,22,12,23,-1,22,23,16,-1,16,23,17,-1,16,18,22,-1,22,18,20,-1,23,12,17,-1,17,12,14,-1,
        ]
    }
}
Shape{
    appearance Appearance {
        material  Material 	{
            diffuseColor 0.5019607843137255 1.0 0.5019607843137255
            specularColor 0.25098039215686274 0.5019607843137255 0.25098039215686274
            ambientIntensity 0.7943
            transparency 0.0
            shininess 0.5
        }
    }
    geometry IndexedFaceSet {
        ccw TRUE
        solid FALSE
        coord DEF co Coordinate {
            point [
                -2.144 1.4107 1.5748, -2.0 1.3583 1.5748, -2.144 1.4107 0.0, -2.0 1.3583 0.0, -2.1532 1.4128 0.0, -2.1532 1.4128 1.5748, -2.1626 1.4127 0.0, -2.1626 1.4127 1.5748, -2.1717 1.4104 0.0, -2.1717 1.4104 1.5748, -2.1801 1.4059 0.0, -2.1801 1.4059 1.5748, -2.1871 1.3996 0.0, -2.1871 1.3996 1.5748, -2.1924 1.3919 0.0, -2.1924 1.3919 1.5748, -2.1957 1.383 0.0, -2.1957 1.383 1.5748, -2.1968 1.3737 0.0, -2.1968 1.3737 1.5748, -2.1968 1.146 1.5748, -2.1968 1.146 0.0, -2.1957 1.1366 0.0, -2.1957 1.1366 1.5748, -2.1924 1.1278 0.0, -2.1924 1.1278 1.5748, -2.1871 1.12 0.0, -2.1871 1.12 1.5748, -2.1801 1.1137 0.0, -2.1801 1.1137 1.5748, -2.1717 1.1093 0.0, -2.1717 1.1093 1.5748, -2.1626 1.107 0.0, -2.1626 1.107 1.5748, -2.1532 1.1069 0.0, -2.1532 1.1069 1.5748, -2.144 1.109 0.0, -2.144 1.109 1.5748, -2.0 1.1614 1.5748, -2.0 1.1614 0.0, -2.144 -1.109 1.9685, -2.0 -1.1614 1.9685, -2.144 -1.109 0.0, -2.0 -1.1614 0.0, -2.1532 -1.1069 0.0, -2.1532 -1.1069 1.9685, -2.1626 -1.107 0.0, -2.1626 -1.107 1.9685, -2.1717 -1.1093 0.0, -2.1717 -1.1093 1.9685, -2.1801 -1.1137 0.0, -2.1801 -1.1137 1.9685, -2.1871 -1.12 0.0, -2.1871 -1.12 1.9685, -2.1924 -1.1278 0.0, -2.1924 -1.1278 1.9685, -2.1957 -1.1366 0.0, -2.1957 -1.1366 1.9685, -2.1968 -1.146 0.0, -2.1968 -1.146 1.9685, -2.1968 -1.3737 1.9685, -2.1968 -1.3737 0.0, -2.1957 -1.383 0.0, -2.1957 -1.383 1.9685, -2.1924 -1.3919 0.0, -2.1924 -1.3919 1.9685, -2.1871 -1.3996 0.0, -2.1871 -1.3996 1.9685, -2.1801 -1.4059 0.0, -2.1801 -1.4059 1.9685, -2.1717 -1.4104 0.0, -2.1717 -1.4104 1.9685, -2.1626 -1.4127 0.0, -2.1626 -1.4127 1.9685, -2.1532 -1.4128 0.0, -2.1532 -1.4128 1.9685, -2.144 -1.4107 0.0, -2.144 -1.4107 1.9685, -2.0 -1.3583 1.9685, -2.0 -1.3583 0.0, -2.0 -1.6142 2.0472, 2.0 -1.6142 2.0472, 2.0 -1.6101 2.0778, -2.0 -1.6101 2.0778, 2.0 -1.5983 2.1063, -2.0 -1.5983 2.1063, 2.0 -1.5796 2.1308, -2.0 -1.5796 2.1308, 2.0 -1.5551 2.1495, -2.0 -1.5551 2.1495, 2.0 -1.5266 2.1613, -2.0 -1.5266 2.1613, 2.0 -1.4961 2.1654, -2.0 -1.4961 2.1654, 1.8032 1.146 0.0, 1.8032 1.146 1.5748, 1.8043 1.1366 0.0, 1.8043 1.1366 1.5748, 1.8076 1.1278 0.0, 1.8076 1.1278 1.5748, 1.8129 1.12 0.0, 1.8129 1.12 1.5748, 1.8199 1.1137 0.0, 1.8199 1.1137 1.5748, 1.8283 1.1093 0.0, 1.8283 1.1093 1.5748, 1.8374 1.107 0.0, 1.8374 1.107 1.5748, 1.8468 1.1069 0.0, 1.8468 1.1069 1.5748, 1.856 1.109 0.0, 1.856 1.109 1.5748, 1.8032 1.3737 1.5748, 1.8032 1.3737 0.0, 1.856 1.4107 0.0, 1.856 1.4107 1.5748, 1.8468 1.4128 0.0, 1.8468 1.4128 1.5748, 1.8374 1.4127 0.0, 1.8374 1.4127 1.5748, 1.8283 1.4104 0.0, 1.8283 1.4104 1.5748, 1.8199 1.4059 0.0, 1.8199 1.4059 1.5748, 1.8129 1.3996 0.0, 1.8129 1.3996 1.5748, 1.8076 1.3919 0.0, 1.8076 1.3919 1.5748, 1.8043 1.383 0.0, 1.8043 1.383 1.5748, 2.0 1.1614 1.5748, 2.0 1.1614 0.0, 2.0 1.3583 1.5748, 2.0 1.3583 0.0, 1.8032 -1.3737 0.0, 1.8032 -1.3737 1.9685, 1.8043 -1.383 0.0, 1.8043 -1.383 1.9685, 1.8076 -1.3919 0.0, 1.8076 -1.3919 1.9685, 1.8129 -1.3996 0.0, 1.8129 -1.3996 1.9685, 1.8199 -1.4059 0.0, 1.8199 -1.4059 1.9685, 1.8283 -1.4104 0.0, 1.8283 -1.4104 1.9685, 1.8374 -1.4127 0.0, 1.8374 -1.4127 1.9685, 1.8468 -1.4128 0.0, 1.8468 -1.4128 1.9685, 1.856 -1.4107 0.0, 1.856 -1.4107 1.9685, 1.8032 -1.146 1.9685, 1.8032 -1.146 0.0, 1.856 -1.109 0.0, 1.856 -1.109 1.9685, 1.8468 -1.1069 0.0, 1.8468 -1.1069 1.9685, 1.8374 -1.107 0.0, 1.8374 -1.107 1.9685, 1.8283 -1.1093 0.0, 1.8283 -1.1093 1.9685, 1.8199 -1.1137 0.0, 1.8199 -1.1137 1.9685, 1.8129 -1.12 0.0, 1.8129 -1.12 1.9685, 1.8076 -1.1278 0.0, 1.8076 -1.1278 1.9685, 1.8043 -1.1366 0.0, 1.8043 -1.1366 1.9685, 2.0 -1.3583 1.9685, 2.0 -1.3583 0.0, 2.0 -1.1614 1.9685, 2.0 -1.1614 0.0, 1.5906 -0.0394 3.1496, 1.5906 -0.0394 3.937, 1.572 0.1075 3.1496, 1.572 0.1075 3.937, 1.5175 0.2451 3.1496, 1.5175 0.2451 3.937, 1.4305 0.3649 3.1496, 1.4305 0.3649 3.937, 1.3164 0.4592 3.1496, 1.3164 0.4592 3.937, 1.1825 0.5223 3.1496, 1.1825 0.5223 3.937, 1.0371 0.55 3.1496, 1.0371 0.55 3.937, 0.8893 0.5407 3.1496, 0.8893 0.5407 3.937, 0.7486 0.495 3.1496, 0.7486 0.495 3.937, 0.6236 0.4157 3.1496, 0.6236 0.4157 3.937, 0.5222 0.3077 3.1496, 0.5222 0.3077 3.937, 0.4509 0.178 3.1496, 0.4509 0.178 3.937, 0.4141 0.0346 3.1496, 0.4141 0.0346 3.937, 0.4141 -0.1134 3.1496, 0.4141 -0.1134 3.937, 0.4509 -0.2568 3.1496, 0.4509 -0.2568 3.937, 0.5222 -0.3865 3.1496, 0.5222 -0.3865 3.937, 0.6236 -0.4944 3.1496, 0.6236 -0.4944 3.937, 0.7486 -0.5737 3.1496, 0.7486 -0.5737 3.937, 0.8893 -0.6195 3.1496, 0.8893 -0.6195 3.937, 1.0371 -0.6288 3.1496, 1.0371 -0.6288 3.937, 1.1825 -0.601 3.1496, 1.1825 -0.601 3.937, 1.3164 -0.538 3.1496, 1.3164 -0.538 3.937, 1.4305 -0.4436 3.1496, 1.4305 -0.4436 3.937, 1.5175 -0.3239 3.1496, 1.5175 -0.3239 3.937, 1.572 -0.1862 3.1496, 1.572 -0.1862 3.937, 1.5664 0.0322 3.1496, 1.5709 -0.0394 3.1496, 1.5664 -0.1109 3.1496, 1.5308 -0.2495 3.1496, 1.4618 -0.3749 3.1496, 1.3639 -0.4792 3.1496, 1.2431 -0.5559 3.1496, 1.107 -0.6001 3.1496, 0.9642 -0.6091 3.1496, 0.8236 -0.5823 3.1496, 0.6941 -0.5214 3.1496, 0.5839 -0.4302 3.1496, 0.4998 -0.3144 3.1496, 0.4471 -0.1813 3.1496, 0.4291 -0.0394 3.1496, 0.4471 0.1026 3.1496, 0.4998 0.2356 3.1496, 0.5839 0.3514 3.1496, 0.6941 0.4426 3.1496, 0.8236 0.5036 3.1496, 0.9642 0.5304 3.1496, 1.107 0.5214 3.1496, 1.2431 0.4772 3.1496, 1.3639 0.4005 3.1496, 1.4618 0.2962 3.1496, 1.5308 0.1708 3.1496, -0.4094 -0.0394 3.1496, -0.4094 -0.0394 3.937, -0.428 0.1075 3.1496, -0.428 0.1075 3.937, -0.4825 0.2451 3.1496, -0.4825 0.2451 3.937, -0.5695 0.3649 3.1496, -0.5695 0.3649 3.937, -0.6836 0.4592 3.1496, -0.6836 0.4592 3.937, -0.8175 0.5223 3.1496, -0.8175 0.5223 3.937, -0.9629 0.55 3.1496, -0.9629 0.55 3.937, -1.1107 0.5407 3.1496, -1.1107 0.5407 3.937, -1.2514 0.495 3.1496, -1.2514 0.495 3.937, -1.3764 0.4157 3.1496, -1.3764 0.4157 3.937, -1.4778 0.3077 3.1496, -1.4778 0.3077 3.937, -1.5491 0.178 3.1496, -1.5491 0.178 3.937, -1.5859 0.0346 3.1496, -1.5859 0.0346 3.937, -1.5859 -0.1134 3.1496, -1.5859 -0.1134 3.937, -1.5491 -0.2568 3.1496, -1.5491 -0.2568 3.937, -1.4778 -0.3865 3.1496, -1.4778 -0.3865 3.937, -1.3764 -0.4944 3.1496, -1.3764 -0.4944 3.937, -1.2514 -0.5737 3.1496, -1.2514 -0.5737 3.937, -1.1107 -0.6195 3.1496, -1.1107 -0.6195 3.937, -0.9629 -0.6288 3.1496, -0.9629 -0.6288 3.937, -0.8175 -0.601 3.1496, -0.8175 -0.601 3.937, -0.6836 -0.538 3.1496, -0.6836 -0.538 3.937, -0.5695 -0.4436 3.1496, -0.5695 -0.4436 3.937, -0.4825 -0.3239 3.1496, -0.4825 -0.3239 3.937, -0.428 -0.1862 3.1496, -0.428 -0.1862 3.937, -0.4336 0.0322 3.1496, -0.4291 -0.0394 3.1496, -0.4336 -0.1109 3.1496, -0.4692 -0.2495 3.1496, -0.5382 -0.3749 3.1496, -0.6361 -0.4792 3.1496, -0.7569 -0.5559 3.1496, -0.893 -0.6001 3.1496, -1.0358 -0.6091 3.1496, -1.1764 -0.5823 3.1496, -1.3059 -0.5214 3.1496, -1.4161 -0.4302 3.1496, -1.5002 -0.3144 3.1496, -1.5529 -0.1813 3.1496, -1.5709 -0.0394 3.1496, -1.5529 0.1026 3.1496, -1.5002 0.2356 3.1496, -1.4161 0.3514 3.1496, -1.3059 0.4426 3.1496, -1.1764 0.5036 3.1496, -1.0358 0.5304 3.1496, -0.893 0.5214 3.1496, -0.7569 0.4772 3.1496, -0.6361 0.4005 3.1496, -0.5382 0.2962 3.1496, -0.4692 0.1708 3.1496
            ]
        }
        coordIndex [
            0,1,2,-1,2,1,3,-1,0,2,4,-1,0,4,5,-1,5,4,6,-1,5,6,7,-1,7,6,8,-1,7,8,9,-1,9,8,10,-1,9,10,11,-1,11,10,12,-1,11,12,13,-1,13,12,14,-1,13,14,15,-1,15,14,16,-1,15,16,17,-1,17,16,18,-1,17,18,19,-1,20,19,21,-1,21,19,18,-1,20,21,22,-1,20,22,23,-1,23,22,24,-1,23,24,25,-1,25,24,26,-1,25,26,27,-1,27,26,28,-1,27,28,29,-1,29,28,30,-1,29,30,31,-1,31,30,32,-1,31,32,33,-1,33,32,34,-1,33,34,35,-1,35,34,36,-1,35,36,37,-1,38,37,39,-1,39,37,36,-1,35,37,20,-1,20,37,38,-1,20,38,19,-1,38,1,19,-1,19,1,0,-1,19,0,5,-1,15,9,13,-1,13,9,11,-1,5,7,19,-1,19,7,9,-1,19,9,17,-1,17,9,15,-1,23,25,31,-1,31,25,27,-1,31,27,29,-1,23,31,20,-1,20,31,33,-1,20,33,35,-1,40,41,42,-1,42,41,43,-1,40,42,44,-1,40,44,45,-1,45,44,46,-1,45,46,47,-1,47,46,48,-1,47,48,49,-1,49,48,50,-1,49,50,51,-1,51,50,52,-1,51,52,53,-1,53,52,54,-1,53,54,55,-1,55,54,56,-1,55,56,57,-1,57,56,58,-1,57,58,59,-1,60,59,61,-1,61,59,58,-1,60,61,62,-1,60,62,63,-1,63,62,64,-1,63,64,65,-1,65,64,66,-1,65,66,67,-1,67,66,68,-1,67,68,69,-1,69,68,70,-1,69,70,71,-1,71,70,72,-1,71,72,73,-1,73,72,74,-1,73,74,75,-1,75,74,76,-1,75,76,77,-1,78,77,79,-1,79,77,76,-1,77,78,60,-1,73,75,77,-1,78,41,60,-1,60,41,40,-1,60,40,59,-1,59,40,57,-1,60,63,77,-1,77,63,65,-1,77,65,67,-1,57,40,55,-1,55,40,45,-1,55,45,47,-1,67,69,77,-1,77,69,71,-1,77,71,73,-1,47,49,55,-1,55,49,51,-1,55,51,53,-1,80,81,82,-1,80,82,83,-1,83,82,84,-1,83,84,85,-1,85,84,86,-1,85,86,87,-1,87,86,88,-1,87,88,89,-1,89,88,90,-1,89,90,91,-1,91,90,92,-1,91,92,93,-1,94,95,96,-1,96,95,97,-1,96,97,98,-1,98,97,99,-1,98,99,100,-1,100,99,101,-1,100,101,102,-1,102,101,103,-1,102,103,104,-1,104,103,105,-1,104,105,106,-1,106,105,107,-1,106,107,108,-1,108,107,109,-1,108,109,110,-1,110,109,111,-1,95,94,112,-1,112,94,113,-1,114,115,116,-1,116,115,117,-1,116,117,118,-1,118,117,119,-1,118,119,120,-1,120,119,121,-1,120,121,122,-1,122,121,123,-1,122,123,124,-1,124,123,125,-1,124,125,126,-1,126,125,127,-1,126,127,128,-1,128,127,129,-1,128,129,113,-1,113,129,112,-1,130,131,111,-1,111,131,110,-1,115,114,132,-1,132,114,133,-1,117,115,112,-1,112,115,132,-1,112,132,95,-1,132,130,95,-1,95,130,111,-1,95,111,109,-1,99,105,101,-1,101,105,103,-1,109,107,95,-1,95,107,105,-1,95,105,97,-1,97,105,99,-1,129,127,121,-1,121,127,125,-1,121,125,123,-1,129,121,112,-1,112,121,119,-1,112,119,117,-1,134,135,136,-1,136,135,137,-1,136,137,138,-1,138,137,139,-1,138,139,140,-1,140,139,141,-1,140,141,142,-1,142,141,143,-1,142,143,144,-1,144,143,145,-1,144,145,146,-1,146,145,147,-1,146,147,148,-1,148,147,149,-1,148,149,150,-1,150,149,151,-1,135,134,152,-1,152,134,153,-1,154,155,156,-1,156,155,157,-1,156,157,158,-1,158,157,159,-1,158,159,160,-1,160,159,161,-1,160,161,162,-1,162,161,163,-1,162,163,164,-1,164,163,165,-1,164,165,166,-1,166,165,167,-1,166,167,168,-1,168,167,169,-1,168,169,153,-1,153,169,152,-1,170,171,151,-1,151,171,150,-1,155,154,172,-1,172,154,173,-1,137,135,151,-1,151,135,170,-1,137,151,139,-1,139,151,149,-1,139,149,147,-1,170,135,172,-1,172,135,152,-1,172,152,155,-1,155,152,169,-1,155,169,167,-1,147,145,139,-1,139,145,143,-1,139,143,141,-1,157,155,159,-1,159,155,161,-1,167,165,155,-1,155,165,163,-1,155,163,161,-1,174,175,176,-1,176,175,177,-1,176,177,178,-1,178,177,179,-1,178,179,180,-1,180,179,181,-1,180,181,182,-1,182,181,183,-1,182,183,184,-1,184,183,185,-1,184,185,186,-1,186,185,187,-1,186,187,188,-1,188,187,189,-1,188,189,190,-1,190,189,191,-1,190,191,192,-1,192,191,193,-1,192,193,194,-1,194,193,195,-1,194,195,196,-1,196,195,197,-1,196,197,198,-1,198,197,199,-1,198,199,200,-1,200,199,201,-1,200,201,202,-1,202,201,203,-1,202,203,204,-1,204,203,205,-1,204,205,206,-1,206,205,207,-1,206,207,208,-1,208,207,209,-1,208,209,210,-1,210,209,211,-1,210,211,212,-1,212,211,213,-1,212,213,214,-1,214,213,215,-1,214,215,216,-1,216,215,217,-1,216,217,218,-1,218,217,219,-1,218,219,220,-1,220,219,221,-1,220,221,222,-1,222,221,223,-1,222,223,174,-1,174,223,175,-1,224,225,174,-1,174,225,226,-1,174,226,222,-1,222,226,227,-1,222,227,220,-1,220,227,228,-1,220,228,218,-1,218,228,229,-1,218,229,216,-1,216,229,230,-1,216,230,214,-1,214,230,231,-1,214,231,212,-1,212,231,232,-1,212,232,210,-1,210,232,233,-1,210,233,208,-1,208,233,234,-1,208,234,206,-1,206,234,235,-1,206,235,204,-1,204,235,236,-1,204,236,202,-1,202,236,237,-1,202,237,200,-1,200,237,238,-1,200,238,198,-1,198,238,239,-1,198,239,196,-1,196,239,240,-1,196,240,194,-1,194,240,241,-1,194,241,192,-1,192,241,242,-1,192,242,190,-1,190,242,243,-1,190,243,188,-1,188,243,244,-1,188,244,186,-1,186,244,245,-1,186,245,184,-1,184,245,246,-1,184,246,182,-1,182,246,247,-1,182,247,180,-1,180,247,248,-1,180,248,178,-1,178,248,249,-1,178,249,176,-1,176,249,224,-1,176,224,174,-1,250,251,252,-1,252,251,253,-1,252,253,254,-1,254,253,255,-1,254,255,256,-1,256,255,257,-1,256,257,258,-1,258,257,259,-1,258,259,260,-1,260,259,261,-1,260,261,262,-1,262,261,263,-1,262,263,264,-1,264,263,265,-1,264,265,266,-1,266,265,267,-1,266,267,268,-1,268,267,269,-1,268,269,270,-1,270,269,271,-1,270,271,272,-1,272,271,273,-1,272,273,274,-1,274,273,275,-1,274,275,276,-1,276,275,277,-1,276,277,278,-1,278,277,279,-1,278,279,280,-1,280,279,281,-1,280,281,282,-1,282,281,283,-1,282,283,284,-1,284,283,285,-1,284,285,286,-1,286,285,287,-1,286,287,288,-1,288,287,289,-1,288,289,290,-1,290,289,291,-1,290,291,292,-1,292,291,293,-1,292,293,294,-1,294,293,295,-1,294,295,296,-1,296,295,297,-1,296,297,298,-1,298,297,299,-1,298,299,250,-1,250,299,251,-1,300,301,250,-1,250,301,302,-1,250,302,298,-1,298,302,303,-1,298,303,296,-1,296,303,304,-1,296,304,294,-1,294,304,305,-1,294,305,292,-1,292,305,306,-1,292,306,290,-1,290,306,307,-1,290,307,288,-1,288,307,308,-1,288,308,286,-1,286,308,309,-1,286,309,284,-1,284,309,310,-1,284,310,282,-1,282,310,311,-1,282,311,280,-1,280,311,312,-1,280,312,278,-1,278,312,313,-1,278,313,276,-1,276,313,314,-1,276,314,274,-1,274,314,315,-1,274,315,272,-1,272,315,316,-1,272,316,270,-1,270,316,317,-1,270,317,268,-1,268,317,318,-1,268,318,266,-1,266,318,319,-1,266,319,264,-1,264,319,320,-1,264,320,262,-1,262,320,321,-1,262,321,260,-1,260,321,322,-1,260,322,258,-1,258,322,323,-1,258,323,256,-1,256,323,324,-1,256,324,254,-1,254,324,325,-1,254,325,252,-1,252,325,300,-1,252,300,250,-1,
        ]
    }
}
Shape{
    appearance Appearance {
        material  Material 	{
            diffuseColor 0.6666666666666666 0.6666666666666666 0.6666666666666666
            specularColor 0.4666666666666667 0.4666666666666667 0.4666666666666667
            ambientIntensity 0.6667
            transparency 0.0
            shininess 0.5
        }
    }
    geometry IndexedFaceSet {
        ccw TRUE
        solid FALSE
        coord DEF co Coordinate {
            point [
                0.5328 -0.3674 3.4252, 0.5328 -0.3674 3.6221, 0.4998 -0.3144 3.6221, 0.6941 -0.5214 3.6221, 0.672 -0.5066 3.6221, 0.672 -0.5066 3.4252, 1.4672 0.2887 3.4252, 1.5308 0.1708 3.1496, 1.4618 0.2962 3.4252, 1.4618 0.2962 3.1496, 1.3639 0.4005 3.1496, 1.2431 0.4772 3.1496, 1.328 0.4278 3.4252, 1.3639 0.4005 3.4252, 0.4998 -0.3144 3.1496, 0.5839 -0.4302 3.4252, 0.5839 -0.4302 3.1496, 0.6941 -0.5214 3.1496, 0.8236 -0.5823 3.1496, 0.8236 -0.5823 3.6221, 0.9642 -0.6091 3.1496, 0.9642 -0.6091 3.6221, 1.107 -0.6001 3.1496, 1.107 -0.6001 3.6221, 1.2431 -0.5559 3.1496, 1.2431 -0.5559 3.6221, 1.3639 -0.4792 3.1496, 1.3639 -0.4792 3.6221, 1.4618 -0.3749 3.1496, 1.4618 -0.3749 3.6221, 1.5308 -0.2495 3.1496, 1.5308 -0.2495 3.6221, 1.5664 -0.1109 3.1496, 1.5664 -0.1109 3.6221, 1.5709 -0.0394 3.1496, 1.5664 0.0322 3.6221, 1.5664 0.0322 3.1496, 1.5308 0.1708 3.6221, 1.4672 0.2887 3.6221, 0.4471 -0.1813 3.6221, 0.4471 -0.1813 3.1496, 0.4291 -0.0394 3.6221, 0.4291 -0.0394 3.1496, 0.4471 0.1026 3.6221, 0.4471 0.1026 3.1496, 0.4998 0.2356 3.6221, 0.4998 0.2356 3.1496, 0.5839 0.3514 3.6221, 0.5839 0.3514 3.1496, 0.6941 0.4426 3.6221, 0.6941 0.4426 3.1496, 0.8236 0.5036 3.6221, 0.8236 0.5036 3.1496, 0.9642 0.5304 3.6221, 0.9642 0.5304 3.1496, 1.107 0.5214 3.6221, 1.107 0.5214 3.1496, 1.2431 0.4772 3.6221, 1.328 0.4278 3.6221, -1.4672 -0.3674 3.4252, -1.4672 -0.3674 3.6221, -1.5002 -0.3144 3.6221, -1.3059 -0.5214 3.6221, -1.328 -0.5066 3.6221, -1.328 -0.5066 3.4252, -0.5328 0.2887 3.4252, -0.4692 0.1708 3.1496, -0.5382 0.2962 3.4252, -0.5382 0.2962 3.1496, -0.6361 0.4005 3.1496, -0.7569 0.4772 3.1496, -0.672 0.4278 3.4252, -0.6361 0.4005 3.4252, -1.5002 -0.3144 3.1496, -1.4161 -0.4302 3.4252, -1.4161 -0.4302 3.1496, -1.3059 -0.5214 3.1496, -1.1764 -0.5823 3.1496, -1.1764 -0.5823 3.6221, -1.0358 -0.6091 3.1496, -1.0358 -0.6091 3.6221, -0.893 -0.6001 3.1496, -0.893 -0.6001 3.6221, -0.7569 -0.5559 3.1496, -0.7569 -0.5559 3.6221, -0.6361 -0.4792 3.1496, -0.6361 -0.4792 3.6221, -0.5382 -0.3749 3.1496, -0.5382 -0.3749 3.6221, -0.4692 -0.2495 3.1496, -0.4692 -0.2495 3.6221, -0.4336 -0.1109 3.1496, -0.4336 -0.1109 3.6221, -0.4291 -0.0394 3.1496, -0.4336 0.0322 3.6221, -0.4336 0.0322 3.1496, -0.4692 0.1708 3.6221, -0.5328 0.2887 3.6221, -1.5529 -0.1813 3.6221, -1.5529 -0.1813 3.1496, -1.5709 -0.0394 3.6221, -1.5709 -0.0394 3.1496, -1.5529 0.1026 3.6221, -1.5529 0.1026 3.1496, -1.5002 0.2356 3.6221, -1.5002 0.2356 3.1496, -1.4161 0.3514 3.6221, -1.4161 0.3514 3.1496, -1.3059 0.4426 3.6221, -1.3059 0.4426 3.1496, -1.1764 0.5036 3.6221, -1.1764 0.5036 3.1496, -1.0358 0.5304 3.6221, -1.0358 0.5304 3.1496, -0.893 0.5214 3.6221, -0.893 0.5214 3.1496, -0.7569 0.4772 3.6221, -0.672 0.4278 3.6221
            ]
        }
        coordIndex [
            0,1,2,-1,3,4,5,-1,6,7,8,-1,8,7,9,-1,8,9,10,-1,11,12,10,-1,10,12,13,-1,10,13,8,-1,0,14,15,-1,15,14,16,-1,15,16,5,-1,5,16,17,-1,5,17,3,-1,3,17,18,-1,3,18,19,-1,19,18,20,-1,19,20,21,-1,21,20,22,-1,21,22,23,-1,23,22,24,-1,23,24,25,-1,25,24,26,-1,25,26,27,-1,27,26,28,-1,27,28,29,-1,29,28,30,-1,29,30,31,-1,31,30,32,-1,31,32,33,-1,33,32,34,-1,33,34,35,-1,34,36,35,-1,35,36,7,-1,35,7,37,-1,37,7,6,-1,37,6,38,-1,0,2,14,-1,14,2,39,-1,14,39,40,-1,40,39,41,-1,40,41,42,-1,42,41,43,-1,42,43,44,-1,44,43,45,-1,44,45,46,-1,46,45,47,-1,46,47,48,-1,48,47,49,-1,48,49,50,-1,50,49,51,-1,50,51,52,-1,52,51,53,-1,52,53,54,-1,54,53,55,-1,54,55,56,-1,56,55,57,-1,56,57,11,-1,11,57,58,-1,11,58,12,-1,37,38,3,-1,3,38,4,-1,21,23,25,-1,27,29,3,-1,3,29,31,-1,27,3,25,-1,25,3,19,-1,25,19,21,-1,31,33,3,-1,3,33,35,-1,3,35,37,-1,15,5,6,-1,12,0,13,-1,13,0,15,-1,13,15,8,-1,8,15,6,-1,0,12,1,-1,1,12,58,-1,6,5,38,-1,38,5,4,-1,59,60,61,-1,62,63,64,-1,65,66,67,-1,67,66,68,-1,67,68,69,-1,70,71,69,-1,69,71,72,-1,69,72,67,-1,59,73,74,-1,74,73,75,-1,74,75,64,-1,64,75,76,-1,64,76,62,-1,62,76,77,-1,62,77,78,-1,78,77,79,-1,78,79,80,-1,80,79,81,-1,80,81,82,-1,82,81,83,-1,82,83,84,-1,84,83,85,-1,84,85,86,-1,86,85,87,-1,86,87,88,-1,88,87,89,-1,88,89,90,-1,90,89,91,-1,90,91,92,-1,92,91,93,-1,92,93,94,-1,93,95,94,-1,94,95,66,-1,94,66,96,-1,96,66,65,-1,96,65,97,-1,59,61,73,-1,73,61,98,-1,73,98,99,-1,99,98,100,-1,99,100,101,-1,101,100,102,-1,101,102,103,-1,103,102,104,-1,103,104,105,-1,105,104,106,-1,105,106,107,-1,107,106,108,-1,107,108,109,-1,109,108,110,-1,109,110,111,-1,111,110,112,-1,111,112,113,-1,113,112,114,-1,113,114,115,-1,115,114,116,-1,115,116,70,-1,70,116,117,-1,70,117,71,-1,78,96,62,-1,62,96,97,-1,62,97,63,-1,78,80,96,-1,96,80,82,-1,96,82,84,-1,88,90,92,-1,84,86,96,-1,96,86,88,-1,96,88,94,-1,94,88,92,-1,74,64,65,-1,71,59,72,-1,72,59,74,-1,72,74,67,-1,67,74,65,-1,59,71,60,-1,60,71,117,-1,65,64,97,-1,97,64,63,-1,
        ]
    }
}
Shape{
    appearance Appearance {
        material  Material 	{
            diffuseColor 0.5019607843137255 1.0 0.5019607843137255
            specularColor 0.25098039215686274 0.5019607843137255 0.25098039215686274
            ambientIntensity 0.7943
            transparency 0.0
            shininess 0.5
        }
    }
    geometry IndexedFaceSet {
        ccw TRUE
        solid FALSE
        coord DEF co Coordinate {
            point [
                -0.6063 -1.4961 1.2205, -0.6063 -1.2205 1.2205, -0.6063 -1.4961 0.5118, -0.6063 -1.2205 0.5118, -1.3937 -1.4961 0.5118, -1.3937 -1.2205 0.5118, -1.3937 -1.4961 1.2205, -1.3937 -1.2205 1.2205, -1.5118 -1.6142 1.7761, -1.5118 -1.6142 0.3937, -0.4882 -1.6142 0.3937, -0.4882 -1.6142 1.7761, 1.3937 -1.4961 1.2205, 1.3937 -1.2205 1.2205, 1.3937 -1.4961 0.5118, 1.3937 -1.2205 0.5118, 0.6063 -1.4961 0.5118, 0.6063 -1.2205 0.5118, 0.6063 -1.4961 1.2205, 0.6063 -1.2205 1.2205, 0.4882 -1.6142 1.7761, 1.5118 -1.6142 1.7761, 0.4882 -1.6142 0.3937, 1.5118 -1.6142 0.3937, 0.685 1.5196 1.0827, 0.685 1.5314 1.0542, 0.685 1.6142 1.5748, 0.685 1.4479 1.1377, 0.685 1.4764 1.1259, 0.685 1.5008 1.1071, 0.685 1.5196 0.6496, 0.685 1.5008 0.6251, 0.685 1.6142 0.0, 0.685 1.4173 1.1417, 0.685 1.3386 2.332, 0.685 1.3386 1.1417, 0.685 1.5354 1.0236, 0.685 1.5354 0.7087, 0.685 1.5314 0.6781, 0.685 1.4764 0.6064, 0.685 1.4479 0.5946, 0.685 1.3386 0.0, 0.685 1.4173 0.5906, 0.685 1.3386 0.5906, 1.315 1.5008 1.1071, 1.315 1.6142 1.5748, 1.315 1.5196 1.0827, 1.315 1.5314 1.0542, 1.315 1.4479 0.5946, 1.315 1.4764 0.6064, 1.315 1.6142 0.0, 1.315 1.5008 0.6251, 1.315 1.5196 0.6496, 1.315 1.5314 0.6781, 1.315 1.5354 0.7087, 1.315 1.5354 1.0236, 1.315 1.4764 1.1259, 1.315 1.4479 1.1377, 1.315 1.3386 2.332, 1.315 1.4173 1.1417, 1.315 1.3386 1.1417, 1.315 1.4173 0.5906, 1.315 1.3386 0.0, 1.315 1.3386 0.5906
            ]
        }
        coordIndex [
            0,1,2,-1,2,1,3,-1,2,3,4,-1,4,3,5,-1,4,5,6,-1,6,5,7,-1,6,7,0,-1,0,7,1,-1,8,9,6,-1,6,9,4,-1,10,2,9,-1,9,2,4,-1,2,10,0,-1,0,10,11,-1,8,6,11,-1,11,6,0,-1,12,13,14,-1,14,13,15,-1,14,15,16,-1,16,15,17,-1,16,17,18,-1,18,17,19,-1,18,19,12,-1,12,19,13,-1,20,18,21,-1,21,18,12,-1,20,22,18,-1,18,22,16,-1,23,14,22,-1,22,14,16,-1,14,23,12,-1,12,23,21,-1,24,25,26,-1,27,28,26,-1,26,28,29,-1,26,29,24,-1,30,31,32,-1,27,26,33,-1,33,26,34,-1,33,34,35,-1,25,36,26,-1,26,36,37,-1,26,37,32,-1,32,37,38,-1,32,38,30,-1,31,39,32,-1,32,39,40,-1,32,40,41,-1,41,40,42,-1,41,42,43,-1,44,45,46,-1,46,45,47,-1,48,49,50,-1,50,49,51,-1,50,51,52,-1,52,53,50,-1,50,53,54,-1,50,54,45,-1,45,54,55,-1,45,55,47,-1,44,56,45,-1,45,56,57,-1,45,57,58,-1,58,57,59,-1,58,59,60,-1,48,50,61,-1,61,50,62,-1,61,62,63,-1,60,35,58,-1,58,35,34,-1,41,43,62,-1,62,43,63,-1,
        ]
    }
}
Shape{
    appearance Appearance {
        material  Material 	{
            diffuseColor 0.6666666666666666 0.6666666666666666 0.6666666666666666
            specularColor 0.4666666666666667 0.4666666666666667 0.4666666666666667
            ambientIntensity 0.6667
            transparency 0.0
            shininess 0.5
        }
    }
    geometry IndexedFaceSet {
        ccw TRUE
        solid FALSE
        coord DEF co Coordinate {
            point [
                1.315 1.4173 0.5906, 1.315 1.3386 0.5906, 0.685 1.4173 0.5906, 0.685 1.3386 0.5906, 0.685 1.4173 1.1417, 0.685 1.3386 1.1417, 1.315 1.4173 1.1417, 1.315 1.3386 1.1417, 0.685 1.5354 0.7087, 0.685 1.5354 1.0236, 1.315 1.5354 0.7087, 1.315 1.5354 1.0236, 1.315 1.1417 0.5906, 1.315 1.1417 1.1417, 0.685 1.1417 0.5906, 0.685 1.1417 1.1417, 0.685 1.4479 0.5946, 1.315 1.4479 0.5946, 0.685 1.4764 0.6064, 1.315 1.4764 0.6064, 0.685 1.5008 0.6251, 1.315 1.5008 0.6251, 0.685 1.5196 0.6496, 1.315 1.5196 0.6496, 0.685 1.5314 0.6781, 1.315 1.5314 0.6781, 1.315 1.4479 1.1377, 0.685 1.4479 1.1377, 1.315 1.4764 1.1259, 0.685 1.4764 1.1259, 1.315 1.5008 1.1071, 0.685 1.5008 1.1071, 1.315 1.5196 1.0827, 0.685 1.5196 1.0827, 1.315 1.5314 1.0542, 0.685 1.5314 1.0542
            ]
        }
        coordIndex [
            0,1,2,-1,2,1,3,-1,4,5,6,-1,6,5,7,-1,8,9,10,-1,10,9,11,-1,12,13,14,-1,14,13,15,-1,0,2,16,-1,0,16,17,-1,17,16,18,-1,17,18,19,-1,19,18,20,-1,19,20,21,-1,21,20,22,-1,21,22,23,-1,23,22,24,-1,23,24,25,-1,25,24,8,-1,25,8,10,-1,4,6,26,-1,4,26,27,-1,27,26,28,-1,27,28,29,-1,29,28,30,-1,29,30,31,-1,31,30,32,-1,31,32,33,-1,33,32,34,-1,33,34,35,-1,35,34,11,-1,35,11,9,-1,
        ]
    }
}
Shape{
    appearance Appearance {
        material  Material 	{
            diffuseColor 0.5019607843137255 1.0 0.5019607843137255
            specularColor 0.25098039215686274 0.5019607843137255 0.25098039215686274
            ambientIntensity 0.7943
            transparency 0.0
            shininess 0.5
        }
    }
    geometry IndexedFaceSet {
        ccw TRUE
        solid FALSE
        coord DEF co Coordinate {
            point [
                -1.315 1.5196 1.0827, -1.315 1.5314 1.0542, -1.315 1.6142 1.5748, -1.315 1.4479 1.1377, -1.315 1.4764 1.1259, -1.315 1.5008 1.1071, -1.315 1.5196 0.6496, -1.315 1.5008 0.6251, -1.315 1.6142 0.0, -1.315 1.4173 1.1417, -1.315 1.3386 2.332, -1.315 1.3386 1.1417, -1.315 1.5354 1.0236, -1.315 1.5354 0.7087, -1.315 1.5314 0.6781, -1.315 1.4764 0.6064, -1.315 1.4479 0.5946, -1.315 1.3386 0.0, -1.315 1.4173 0.5906, -1.315 1.3386 0.5906, -0.685 1.5008 1.1071, -0.685 1.6142 1.5748, -0.685 1.5196 1.0827, -0.685 1.5314 1.0542, -0.685 1.4479 0.5946, -0.685 1.4764 0.6064, -0.685 1.6142 0.0, -0.685 1.5008 0.6251, -0.685 1.5196 0.6496, -0.685 1.5314 0.6781, -0.685 1.5354 0.7087, -0.685 1.5354 1.0236, -0.685 1.4764 1.1259, -0.685 1.4479 1.1377, -0.685 1.3386 2.332, -0.685 1.4173 1.1417, -0.685 1.3386 1.1417, -0.685 1.4173 0.5906, -0.685 1.3386 0.0, -0.685 1.3386 0.5906
            ]
        }
        coordIndex [
            0,1,2,-1,3,4,2,-1,2,4,5,-1,2,5,0,-1,6,7,8,-1,3,2,9,-1,9,2,10,-1,9,10,11,-1,1,12,2,-1,2,12,13,-1,2,13,8,-1,8,13,14,-1,8,14,6,-1,7,15,8,-1,8,15,16,-1,8,16,17,-1,17,16,18,-1,17,18,19,-1,20,21,22,-1,22,21,23,-1,24,25,26,-1,26,25,27,-1,26,27,28,-1,28,29,26,-1,26,29,30,-1,26,30,21,-1,21,30,31,-1,21,31,23,-1,20,32,21,-1,21,32,33,-1,21,33,34,-1,34,33,35,-1,34,35,36,-1,24,26,37,-1,37,26,38,-1,37,38,39,-1,36,11,34,-1,34,11,10,-1,17,19,38,-1,38,19,39,-1,
        ]
    }
}
Shape{
    appearance Appearance {
        material  Material 	{
            diffuseColor 0.6666666666666666 0.6666666666666666 0.6666666666666666
            specularColor 0.4666666666666667 0.4666666666666667 0.4666666666666667
            ambientIntensity 0.6667
            transparency 0.0
            shininess 0.5
        }
    }
    geometry IndexedFaceSet {
        ccw TRUE
        solid FALSE
        coord DEF co Coordinate {
            point [
                -0.685 1.4173 0.5906, -0.685 1.3386 0.5906, -1.315 1.4173 0.5906, -1.315 1.3386 0.5906, -1.315 1.4173 1.1417, -1.315 1.3386 1.1417, -0.685 1.4173 1.1417, -0.685 1.3386 1.1417, -1.315 1.5354 0.7087, -1.315 1.5354 1.0236, -0.685 1.5354 0.7087, -0.685 1.5354 1.0236, -0.685 1.1417 0.5906, -0.685 1.1417 1.1417, -1.315 1.1417 0.5906, -1.315 1.1417 1.1417, -1.315 1.4479 0.5946, -0.685 1.4479 0.5946, -1.315 1.4764 0.6064, -0.685 1.4764 0.6064, -1.315 1.5008 0.6251, -0.685 1.5008 0.6251, -1.315 1.5196 0.6496, -0.685 1.5196 0.6496, -1.315 1.5314 0.6781, -0.685 1.5314 0.6781, -0.685 1.4479 1.1377, -1.315 1.4479 1.1377, -0.685 1.4764 1.1259, -1.315 1.4764 1.1259, -0.685 1.5008 1.1071, -1.315 1.5008 1.1071, -0.685 1.5196 1.0827, -1.315 1.5196 1.0827, -0.685 1.5314 1.0542, -1.315 1.5314 1.0542
            ]
        }
        coordIndex [
            0,1,2,-1,2,1,3,-1,4,5,6,-1,6,5,7,-1,8,9,10,-1,10,9,11,-1,12,13,14,-1,14,13,15,-1,0,2,16,-1,0,16,17,-1,17,16,18,-1,17,18,19,-1,19,18,20,-1,19,20,21,-1,21,20,22,-1,21,22,23,-1,23,22,24,-1,23,24,25,-1,25,24,8,-1,25,8,10,-1,4,6,26,-1,4,26,27,-1,27,26,28,-1,27,28,29,-1,29,28,30,-1,29,30,31,-1,31,30,32,-1,31,32,33,-1,33,32,34,-1,33,34,35,-1,35,34,11,-1,35,11,9,-1,
        ]
    }
}
Shape{
    appearance Appearance {
        material  Material 	{
            diffuseColor 1.0 1.0 1.0
            specularColor 0.8784313725490196 0.8784313725490196 0.8784313725490196
            ambientIntensity 1.0
            transparency 0.0
            shininess 0.5
        }
    }
    geometry IndexedFaceSet {
        ccw TRUE
        solid FALSE
        coord DEF co Coordinate {
            point [
                -2.0039 -0.6852 3.66, -2.0039 -0.675 3.673, -2.0039 -0.6722 3.6615, -2.0039 -0.6727 3.6731, -2.0039 -0.657 3.6615, -2.0039 -0.644 3.6731, -2.0039 -0.657 3.5837, -2.0039 -0.644 3.5722, -2.0039 -0.6716 3.5837, -2.0039 -0.6717 3.5722, -2.0039 -0.6854 3.5853, -2.0039 -0.6887 3.5743, -2.0039 -0.6938 3.5885, -2.0039 -0.7002 3.5787, -2.0039 -0.7003 3.593, -2.0039 -0.7109 3.5863, -2.0039 -0.7016 3.5942, -2.0039 -0.7069 3.6008, -2.0039 -0.7177 3.5942, -2.0039 -0.7103 3.6084, -2.0039 -0.7229 3.6044, -2.0039 -0.7121 3.6177, -2.0039 -0.7256 3.616, -2.0039 -0.7124 3.6236, -2.0039 -0.7261 3.6239, -2.0039 -0.7113 3.6347, -2.0039 -0.7244 3.6377, -2.0039 -0.7086 3.6425, -2.0039 -0.7207 3.6474, -2.0039 -0.7049 3.6483, -2.0039 -0.7145 3.6562, -2.0039 -0.7013 3.652, -2.0039 -0.7109 3.6597, -2.0039 -0.694 3.6569, -2.0039 -0.7021 3.666, -2.0039 -0.6902 3.6709, -2.0 -0.7109 3.5863, -2.0 -0.7177 3.5942, -2.0 -0.7229 3.6044, -2.0 -0.7256 3.616, -2.0 -0.7261 3.6239, -2.0 -0.7244 3.6377, -2.0 -0.7207 3.6474, -2.0 -0.7145 3.6562, -2.0 -0.7109 3.6597, -2.0 -0.7021 3.666, -2.0 -0.6902 3.6709, -2.0 -0.675 3.673, -2.0 -0.6727 3.6731, -2.0 -0.644 3.6731, -2.0 -0.644 3.5722, -2.0 -0.6717 3.5722, -2.0 -0.6887 3.5743, -2.0 -0.7002 3.5787, -2.0 -0.7013 3.652, -2.0 -0.7049 3.6483, -2.0 -0.7086 3.6425, -2.0 -0.7113 3.6347, -2.0 -0.7124 3.6236, -2.0 -0.6722 3.6615, -2.0 -0.6852 3.66, -2.0 -0.694 3.6569, -2.0 -0.657 3.6615, -2.0 -0.657 3.5837, -2.0 -0.6716 3.5837, -2.0 -0.7016 3.5942, -2.0 -0.7003 3.593, -2.0 -0.6938 3.5885, -2.0 -0.6854 3.5853, -2.0 -0.7121 3.6177, -2.0 -0.7103 3.6084, -2.0 -0.7069 3.6008
            ]
        }
        coordIndex [
            0,1,2,-1,2,1,3,-1,2,3,4,-1,4,3,5,-1,4,5,6,-1,6,5,7,-1,6,7,8,-1,8,7,9,-1,8,9,10,-1,10,9,11,-1,10,11,12,-1,12,11,13,-1,12,13,14,-1,14,13,15,-1,14,15,16,-1,16,15,17,-1,17,15,18,-1,17,18,19,-1,19,18,20,-1,19,20,21,-1,21,20,22,-1,21,22,23,-1,23,22,24,-1,23,24,25,-1,25,24,26,-1,25,26,27,-1,27,26,28,-1,27,28,29,-1,29,28,30,-1,29,30,31,-1,31,30,32,-1,31,32,33,-1,33,32,34,-1,33,34,0,-1,0,34,35,-1,0,35,1,-1,15,36,37,-1,15,37,18,-1,18,37,38,-1,18,38,20,-1,20,38,39,-1,20,39,22,-1,22,39,40,-1,22,40,24,-1,24,40,41,-1,24,41,26,-1,26,41,42,-1,26,42,28,-1,28,42,43,-1,28,43,30,-1,30,43,44,-1,30,44,32,-1,32,44,45,-1,32,45,34,-1,34,45,46,-1,34,46,35,-1,35,46,47,-1,35,47,1,-1,1,47,48,-1,1,48,3,-1,5,3,49,-1,49,3,48,-1,7,5,50,-1,50,5,49,-1,9,7,51,-1,51,7,50,-1,9,51,52,-1,9,52,11,-1,11,52,53,-1,11,53,13,-1,13,53,36,-1,13,36,15,-1,31,54,55,-1,31,55,29,-1,29,55,56,-1,29,56,27,-1,27,56,57,-1,27,57,25,-1,25,57,58,-1,25,58,23,-1,2,59,60,-1,2,60,0,-1,0,60,61,-1,0,61,33,-1,33,61,54,-1,33,54,31,-1,2,4,59,-1,59,4,62,-1,4,6,62,-1,62,6,63,-1,6,8,63,-1,63,8,64,-1,16,65,66,-1,16,66,14,-1,14,66,67,-1,14,67,12,-1,12,67,68,-1,12,68,10,-1,10,68,64,-1,10,64,8,-1,23,58,69,-1,23,69,21,-1,21,69,70,-1,21,70,19,-1,19,70,71,-1,19,71,17,-1,17,71,65,-1,17,65,16,-1,
        ]
    }
}
Shape{
    appearance Appearance {
        material  Material 	{
            diffuseColor 0.5019607843137255 1.0 0.5019607843137255
            specularColor 0.25098039215686274 0.5019607843137255 0.25098039215686274
            ambientIntensity 0.7943
            transparency 0.0
            shininess 0.5
        }
    }
    geometry IndexedFaceSet {
        ccw TRUE
        solid FALSE
        coord DEF co Coordinate {
            point [
                -2.0 -0.657 3.6615, -2.0 -0.657 3.5837, -2.0 -0.6722 3.6615, -2.0 -0.6716 3.5837, -2.0 -0.6854 3.5853, -2.0 -0.6938 3.5885, -2.0 -0.7003 3.593, -2.0 -0.7016 3.5942, -2.0 -0.7121 3.6177, -2.0 -0.7124 3.6236, -2.0 -0.7113 3.6347, -2.0 -0.7086 3.6425, -2.0 -0.7049 3.6483, -2.0 -0.7013 3.652, -2.0 -0.6852 3.66, -2.0 -0.694 3.6569, -2.0 -0.7069 3.6008, -2.0 -0.7103 3.6084
            ]
        }
        coordIndex [
            0,1,2,-1,2,1,3,-1,2,3,4,-1,4,5,2,-1,2,5,6,-1,2,6,7,-1,8,9,2,-1,2,9,10,-1,2,10,11,-1,11,12,2,-1,2,12,13,-1,2,13,14,-1,14,13,15,-1,7,16,2,-1,2,16,17,-1,2,17,8,-1,
        ]
    }
}
Shape{
    appearance Appearance {
        material  Material 	{
            diffuseColor 1.0 1.0 1.0
            specularColor 0.8784313725490196 0.8784313725490196 0.8784313725490196
            ambientIntensity 1.0
            transparency 0.0
            shininess 0.5
        }
    }
    geometry IndexedFaceSet {
        ccw TRUE
        solid FALSE
        coord DEF co Coordinate {
            point [
                -2.0039 -0.5243 3.59, -2.0 -0.5243 3.59, -2.0 -0.5233 3.5866, -2.0039 -0.5233 3.5866, -2.0 -0.5227 3.5842, -2.0039 -0.5227 3.5842, -2.0039 -0.5224 3.5842, -2.0 -0.5224 3.5842, -2.0039 -0.5208 3.5901, -2.0 -0.5208 3.5901, -2.0 -0.502 3.6443, -2.0039 -0.502 3.6443, -2.0 -0.5081 3.6267, -2.0039 -0.4879 3.6443, -2.0 -0.4879 3.6443, -2.0 -0.5161 3.5724, -2.0039 -0.5161 3.5724, -2.0 -0.5081 3.5928, -2.0 -0.5106 3.5593, -2.0039 -0.5106 3.5593, -2.0 -0.5157 3.5714, -2.0 -0.5081 3.5547, -2.0039 -0.5081 3.5547, -2.0 -0.5081 3.5547, -2.0039 -0.5058 3.5521, -2.0 -0.5058 3.5521, -2.0 -0.5035 3.5505, -2.0039 -0.5035 3.5505, -2.0 -0.5007 3.5494, -2.0039 -0.5007 3.5494, -2.0 -0.4977 3.5491, -2.0039 -0.4977 3.5491, -2.0 -0.4931 3.5497, -2.0039 -0.4931 3.5497, -2.0 -0.4905 3.5505, -2.0039 -0.4905 3.5505, -2.0039 -0.4905 3.5393, -2.0 -0.4905 3.5393, -2.0 -0.4958 3.5384, -2.0039 -0.4958 3.5384, -2.0 -0.4986 3.5383, -2.0039 -0.4986 3.5383, -2.0 -0.5037 3.5389, -2.0039 -0.5037 3.5389, -2.0 -0.5081 3.5405, -2.0039 -0.5087 3.5408, -2.0 -0.5087 3.5408, -2.0 -0.5131 3.5438, -2.0039 -0.5131 3.5438, -2.0 -0.514 3.5446, -2.0039 -0.514 3.5446, -2.0 -0.5186 3.5502, -2.0039 -0.5186 3.5502, -2.0 -0.5243 3.5613, -2.0039 -0.5243 3.5613, -2.0 -0.557 3.6443, -2.0039 -0.557 3.6443, -2.0 -0.5283 3.5714, -2.0039 -0.5439 3.6443, -2.0 -0.5439 3.6443, -2.0039 -0.4522 3.5705, -2.0 -0.4522 3.5705, -2.0039 -0.4627 3.5716, -2.0 -0.4601 3.5714, -2.0 -0.4627 3.5716, -2.0 -0.4696 3.5741, -2.0039 -0.4696 3.5741, -2.0 -0.4732 3.5762, -2.0039 -0.4732 3.5762, -2.0 -0.4768 3.5794, -2.0039 -0.4768 3.5794, -2.0 -0.4792 3.5827, -2.0039 -0.4792 3.5827, -2.0 -0.4807 3.5867, -2.0039 -0.4807 3.5867, -2.0 -0.4813 3.5918, -2.0039 -0.4813 3.5918, -2.0 -0.4808 3.5965, -2.0039 -0.4808 3.5965, -2.0 -0.4794 3.6002, -2.0039 -0.4794 3.6002, -2.0 -0.4771 3.6037, -2.0039 -0.4771 3.6037, -2.0 -0.4741 3.6064, -2.0039 -0.4741 3.6064, -2.0 -0.4657 3.6111, -2.0039 -0.4657 3.6111, -2.0 -0.4608 3.6131, -2.0039 -0.4608 3.6131, -2.0 -0.453 3.6165, -2.0039 -0.453 3.6165, -2.0 -0.4485 3.6192, -2.0039 -0.4485 3.6192, -2.0 -0.4473 3.6206, -2.0039 -0.4473 3.6206, -2.0 -0.4464 3.6223, -2.0039 -0.4464 3.6223, -2.0 -0.4459 3.6243, -2.0039 -0.4459 3.6243, -2.0 -0.4458 3.6259, -2.0039 -0.4458 3.6259, -2.0 -0.446 3.628, -2.0039 -0.446 3.628, -2.0 -0.4466 3.6297, -2.0039 -0.4466 3.6297, -2.0 -0.4477 3.6313, -2.0039 -0.4477 3.6313, -2.0 -0.4496 3.633, -2.0039 -0.4496 3.633, -2.0 -0.4524 3.6345, -2.0039 -0.4524 3.6345, -2.0 -0.4558 3.6354, -2.0039 -0.4558 3.6354, -2.0 -0.4595 3.6356, -2.0039 -0.4595 3.6356, -2.0 -0.4685 3.6345, -2.0039 -0.4685 3.6345, -2.0 -0.4756 3.6318, -2.0039 -0.4756 3.6318, -2.0 -0.4779 3.6304, -2.0039 -0.4779 3.6304, -2.0039 -0.4779 3.6427, -2.0 -0.4779 3.6427, -2.0 -0.4688 3.6453, -2.0039 -0.4688 3.6453, -2.0 -0.4608 3.6459, -2.0039 -0.4608 3.6459, -2.0 -0.4511 3.6448, -2.0039 -0.4511 3.6448, -2.0 -0.4442 3.6422, -2.0039 -0.4442 3.6422, -2.0 -0.4408 3.6402, -2.0039 -0.4408 3.6402, -2.0 -0.4385 3.6381, -2.0039 -0.4371 3.6368, -2.0 -0.4371 3.6368, -2.0 -0.4347 3.6334, -2.0039 -0.4347 3.6334, -2.0 -0.4332 3.6293, -2.0039 -0.4332 3.6293, -2.0 -0.4327 3.6248, -2.0039 -0.4327 3.6248, -2.0 -0.4333 3.6199, -2.0039 -0.4333 3.6199, -2.0 -0.4347 3.616, -2.0039 -0.4347 3.616, -2.0 -0.4363 3.6134, -2.0039 -0.4363 3.6134, -2.0 -0.4519 3.6039, -2.0039 -0.4519 3.6039, -2.0039 -0.4443 3.6073, -2.0 -0.4384 3.6113, -2.0039 -0.4384 3.6113, -2.0 -0.4385 3.6112, -2.0 -0.4443 3.6073, -2.0 -0.4602 3.6004, -2.0039 -0.4602 3.6004, -2.0 -0.4651 3.5974, -2.0039 -0.4651 3.5974, -2.0 -0.4667 3.5958, -2.0039 -0.4667 3.5958, -2.0 -0.4676 3.5941, -2.0039 -0.4676 3.5941, -2.0 -0.4682 3.5921, -2.0039 -0.4682 3.5921, -2.0 -0.4683 3.5906, -2.0039 -0.4683 3.5906, -2.0 -0.4681 3.5882, -2.0039 -0.4681 3.5882, -2.0 -0.4674 3.5864, -2.0039 -0.4674 3.5864, -2.0 -0.4663 3.5847, -2.0039 -0.4663 3.5847, -2.0 -0.4649 3.5834, -2.0039 -0.4649 3.5834, -2.0 -0.4637 3.5827, -2.0039 -0.4637 3.5827, -2.0 -0.4605 3.5815, -2.0039 -0.4605 3.5815, -2.0 -0.454 3.5808, -2.0039 -0.454 3.5808, -2.0 -0.4534 3.5808, -2.0039 -0.4534 3.5808, -2.0 -0.4327 3.5878, -2.0039 -0.4327 3.5878, -2.0039 -0.437 3.5851, -2.0 -0.4448 3.5819, -2.0039 -0.4448 3.5819, -2.0 -0.4385 3.5845, -2.0 -0.437 3.5851, -2.0039 -0.4327 3.5747, -2.0 -0.4327 3.5747, -2.0039 -0.4412 3.5717, -2.0 -0.4385 3.5727, -2.0 -0.4443 3.5714, -2.0 -0.4412 3.5717, -2.0039 -0.4029 3.5722, -2.0039 -0.4155 3.5722, -2.0039 -0.4029 3.5833, -2.0039 -0.4155 3.6186, -2.0039 -0.4029 3.618, -2.0039 -0.3755 3.6029, -2.0039 -0.3785 3.6044, -2.0039 -0.4026 3.5833, -2.0039 -0.3959 3.5852, -2.0039 -0.4006 3.5803, -2.0039 -0.3923 3.5828, -2.0039 -0.386 3.6061, -2.0039 -0.4029 3.6084, -2.0039 -0.4029 3.6014, -2.0039 -0.4029 3.6006, -2.0039 -0.4021 3.595, -2.0039 -0.4002 3.5905, -2.0039 -0.3975 3.5867, -2.0039 -0.4025 3.6236, -2.0039 -0.4144 3.6288, -2.0039 -0.4011 3.6281, -2.0039 -0.4124 3.6343, -2.0039 -0.3997 3.6307, -2.0039 -0.4097 3.6383, -2.0039 -0.3978 3.6327, -2.0039 -0.4066 3.6412, -2.0039 -0.3955 3.6342, -2.0039 -0.4024 3.6436, -2.0039 -0.3926 3.6352, -2.0039 -0.3971 3.6452, -2.0039 -0.3883 3.6356, -2.0039 -0.3895 3.6459, -2.0039 -0.3808 3.6349, -2.0039 -0.3785 3.6448, -2.0039 -0.3729 3.6322, -2.0039 -0.3688 3.6415, -2.0039 -0.3647 3.6269, -2.0039 -0.3647 3.6392, -2.0039 -0.373 3.5852, -2.0039 -0.3638 3.5762, -2.0039 -0.3741 3.5841, -2.0039 -0.3681 3.5732, -2.0039 -0.3766 3.5824, -2.0039 -0.3729 3.5714, -2.0039 -0.3795 3.5814, -2.0039 -0.3805 3.5705, -2.0039 -0.3838 3.5809, -2.0039 -0.387 3.5712, -2.0039 -0.3885 3.5814, -2.0039 -0.3921 3.5731, -2.0039 -0.3966 3.576, -2.0039 -0.3815 3.615, -2.0039 -0.3716 3.6125, -2.0039 -0.3738 3.6017, -2.0039 -0.3663 3.6097, -2.0039 -0.3723 3.5998, -2.0039 -0.3625 3.6063, -2.0039 -0.3712 3.5974, -2.0039 -0.3599 3.6022, -2.0039 -0.3706 3.5945, -2.0039 -0.3583 3.5976, -2.0039 -0.3705 3.5925, -2.0039 -0.3576 3.5915, -2.0039 -0.3708 3.5896, -2.0039 -0.3583 3.5858, -2.0039 -0.3716 3.5873, -2.0039 -0.3598 3.5815, -2.0039 -0.3624 3.5776, -2.0 -0.3883 3.6356, -2.0 -0.3926 3.6352, -2.0 -0.3955 3.6342, -2.0 -0.3978 3.6327, -2.0 -0.3997 3.6307, -2.0 -0.4011 3.6281, -2.0 -0.4025 3.6236, -2.0 -0.4029 3.618, -2.0 -0.3815 3.615, -2.0 -0.3716 3.6125, -2.0 -0.3663 3.6097, -2.0 -0.3625 3.6063, -2.0 -0.3599 3.6022, -2.0 -0.3583 3.5976, -2.0 -0.3576 3.5915, -2.0 -0.3583 3.5858, -2.0 -0.3598 3.5815, -2.0 -0.3624 3.5776, -2.0 -0.3638 3.5762, -2.0 -0.3805 3.5705, -2.0 -0.3732 3.5714, -2.0 -0.3729 3.5714, -2.0 -0.3681 3.5732, -2.0 -0.387 3.5712, -2.0 -0.3874 3.5714, -2.0 -0.3921 3.5731, -2.0 -0.3966 3.576, -2.0 -0.4006 3.5803, -2.0 -0.4026 3.5833, -2.0 -0.4029 3.5833, -2.0 -0.4029 3.5722, -2.0 -0.4155 3.5722, -2.0 -0.4155 3.6186, -2.0 -0.4144 3.6288, -2.0 -0.4124 3.6343, -2.0 -0.4097 3.6383, -2.0 -0.4066 3.6412, -2.0 -0.4024 3.6436, -2.0 -0.3971 3.6452, -2.0 -0.3895 3.6459, -2.0 -0.3785 3.6448, -2.0 -0.3688 3.6415, -2.0 -0.3647 3.6392, -2.0 -0.3647 3.6269, -2.0 -0.3729 3.6322, -2.0 -0.3808 3.6349, -2.0 -0.3975 3.5867, -2.0 -0.3959 3.5852, -2.0 -0.3923 3.5828, -2.0 -0.3885 3.5814, -2.0 -0.3838 3.5809, -2.0 -0.4029 3.6014, -2.0 -0.4029 3.6006, -2.0 -0.4021 3.595, -2.0 -0.4002 3.5905, -2.0 -0.4029 3.6084, -2.0 -0.386 3.6061, -2.0 -0.3738 3.6017, -2.0 -0.3755 3.6029, -2.0 -0.3785 3.6044, -2.0 -0.3705 3.5925, -2.0 -0.3706 3.5945, -2.0 -0.3712 3.5974, -2.0 -0.3723 3.5998, -2.0 -0.3741 3.5841, -2.0 -0.373 3.5852, -2.0 -0.3716 3.5873, -2.0 -0.3708 3.5896, -2.0 -0.3795 3.5814, -2.0 -0.3766 3.5824
            ]
        }
        coordIndex [
            0,1,2,-1,0,2,3,-1,3,2,4,-1,3,4,5,-1,6,5,7,-1,7,5,4,-1,8,6,9,-1,9,6,7,-1,10,11,12,-1,12,11,8,-1,12,8,9,-1,13,11,14,-1,14,11,10,-1,15,16,17,-1,17,16,13,-1,17,13,14,-1,18,19,20,-1,20,19,16,-1,20,16,15,-1,19,18,21,-1,19,21,22,-1,22,21,23,-1,22,23,24,-1,23,25,24,-1,24,25,26,-1,24,26,27,-1,27,26,28,-1,27,28,29,-1,29,28,30,-1,29,30,31,-1,31,30,32,-1,31,32,33,-1,33,32,34,-1,33,34,35,-1,36,35,37,-1,37,35,34,-1,36,37,38,-1,36,38,39,-1,39,38,40,-1,39,40,41,-1,41,40,42,-1,41,42,43,-1,43,42,44,-1,43,44,45,-1,44,46,45,-1,45,46,47,-1,45,47,48,-1,48,47,49,-1,48,49,50,-1,50,49,51,-1,50,51,52,-1,52,51,53,-1,52,53,54,-1,55,56,57,-1,57,56,54,-1,57,54,53,-1,58,56,59,-1,59,56,55,-1,0,58,1,-1,1,58,59,-1,3,5,54,-1,56,58,54,-1,54,58,0,-1,54,0,3,-1,11,13,8,-1,8,13,16,-1,8,16,6,-1,52,22,50,-1,50,22,24,-1,35,36,33,-1,33,36,39,-1,33,39,31,-1,31,39,41,-1,31,41,29,-1,29,41,43,-1,29,43,27,-1,27,43,45,-1,27,45,24,-1,24,45,48,-1,24,48,50,-1,5,6,54,-1,54,6,16,-1,54,16,52,-1,52,16,19,-1,52,19,22,-1,60,61,62,-1,62,61,63,-1,63,64,62,-1,62,64,65,-1,62,65,66,-1,66,65,67,-1,66,67,68,-1,68,67,69,-1,68,69,70,-1,70,69,71,-1,70,71,72,-1,72,71,73,-1,72,73,74,-1,74,73,75,-1,74,75,76,-1,76,75,77,-1,76,77,78,-1,78,77,79,-1,78,79,80,-1,80,79,81,-1,80,81,82,-1,82,81,83,-1,82,83,84,-1,84,83,85,-1,84,85,86,-1,86,85,87,-1,86,87,88,-1,88,87,89,-1,88,89,90,-1,90,89,91,-1,90,91,92,-1,92,91,93,-1,92,93,94,-1,94,93,95,-1,94,95,96,-1,96,95,97,-1,96,97,98,-1,98,97,99,-1,98,99,100,-1,100,99,101,-1,100,101,102,-1,102,101,103,-1,102,103,104,-1,104,103,105,-1,104,105,106,-1,106,105,107,-1,106,107,108,-1,108,107,109,-1,108,109,110,-1,110,109,111,-1,110,111,112,-1,112,111,113,-1,112,113,114,-1,114,113,115,-1,114,115,116,-1,116,115,117,-1,116,117,118,-1,118,117,119,-1,118,119,120,-1,121,120,122,-1,122,120,119,-1,121,122,123,-1,121,123,124,-1,124,123,125,-1,124,125,126,-1,126,125,127,-1,126,127,128,-1,128,127,129,-1,128,129,130,-1,130,129,131,-1,130,131,132,-1,131,133,132,-1,132,133,134,-1,133,135,134,-1,134,135,136,-1,134,136,137,-1,137,136,138,-1,137,138,139,-1,139,138,140,-1,139,140,141,-1,141,140,142,-1,141,142,143,-1,143,142,144,-1,143,144,145,-1,145,144,146,-1,145,146,147,-1,148,149,150,-1,147,146,151,-1,147,151,152,-1,152,151,153,-1,152,153,150,-1,150,153,154,-1,150,154,148,-1,149,148,155,-1,149,155,156,-1,156,155,157,-1,156,157,158,-1,158,157,159,-1,158,159,160,-1,160,159,161,-1,160,161,162,-1,162,161,163,-1,162,163,164,-1,164,163,165,-1,164,165,166,-1,166,165,167,-1,166,167,168,-1,168,167,169,-1,168,169,170,-1,170,169,171,-1,170,171,172,-1,172,171,173,-1,172,173,174,-1,174,173,175,-1,174,175,176,-1,176,175,177,-1,176,177,178,-1,178,177,179,-1,178,179,180,-1,180,179,181,-1,180,181,182,-1,183,184,185,-1,182,181,186,-1,182,186,187,-1,187,186,188,-1,187,188,185,-1,185,188,189,-1,185,189,183,-1,190,184,191,-1,191,184,183,-1,190,191,192,-1,192,191,193,-1,61,60,194,-1,194,60,192,-1,194,192,195,-1,195,192,193,-1,106,108,130,-1,130,108,128,-1,156,88,149,-1,149,88,90,-1,60,182,192,-1,192,182,187,-1,192,187,190,-1,190,187,185,-1,190,185,184,-1,108,110,128,-1,128,110,112,-1,128,112,126,-1,126,112,114,-1,126,114,124,-1,124,114,116,-1,124,116,121,-1,121,116,118,-1,121,118,120,-1,66,68,172,-1,172,68,70,-1,172,70,170,-1,170,70,72,-1,170,72,168,-1,168,72,74,-1,168,74,166,-1,166,74,76,-1,166,76,164,-1,164,76,78,-1,164,78,162,-1,162,78,80,-1,162,80,160,-1,160,80,82,-1,160,82,158,-1,158,82,84,-1,158,84,156,-1,156,84,86,-1,156,86,88,-1,172,174,66,-1,66,174,176,-1,66,176,62,-1,62,176,178,-1,62,178,60,-1,60,178,180,-1,60,180,182,-1,130,132,106,-1,106,132,134,-1,106,134,104,-1,104,134,137,-1,104,137,102,-1,102,137,139,-1,102,139,100,-1,100,139,141,-1,100,141,98,-1,98,141,143,-1,98,143,96,-1,96,143,145,-1,96,145,94,-1,94,145,147,-1,94,147,92,-1,92,147,152,-1,92,152,90,-1,90,152,150,-1,90,150,149,-1,196,197,198,-1,198,197,199,-1,200,201,202,-1,203,204,205,-1,205,204,206,-1,207,208,199,-1,199,208,209,-1,209,210,199,-1,199,210,211,-1,199,211,198,-1,198,211,212,-1,198,212,203,-1,203,212,213,-1,203,213,204,-1,202,207,200,-1,200,207,199,-1,200,199,214,-1,214,199,215,-1,214,215,216,-1,216,215,217,-1,216,217,218,-1,218,217,219,-1,218,219,220,-1,220,219,221,-1,220,221,222,-1,222,221,223,-1,222,223,224,-1,224,223,225,-1,224,225,226,-1,226,225,227,-1,226,227,228,-1,228,227,229,-1,228,229,230,-1,230,229,231,-1,230,231,232,-1,232,231,233,-1,234,235,236,-1,236,235,237,-1,236,237,238,-1,238,237,239,-1,238,239,240,-1,240,239,241,-1,240,241,242,-1,242,241,243,-1,242,243,244,-1,244,243,245,-1,244,245,206,-1,206,245,246,-1,206,246,205,-1,200,247,201,-1,201,247,248,-1,201,248,249,-1,249,248,250,-1,249,250,251,-1,251,250,252,-1,251,252,253,-1,253,252,254,-1,253,254,255,-1,255,254,256,-1,255,256,257,-1,257,256,258,-1,257,258,259,-1,259,258,260,-1,259,260,261,-1,261,260,262,-1,261,262,234,-1,234,262,263,-1,234,263,235,-1,226,264,265,-1,226,265,224,-1,224,265,266,-1,224,266,222,-1,222,266,267,-1,222,267,220,-1,220,267,268,-1,220,268,218,-1,218,268,269,-1,218,269,216,-1,216,269,270,-1,216,270,214,-1,214,270,271,-1,214,271,200,-1,247,200,272,-1,272,200,271,-1,247,272,273,-1,247,273,248,-1,248,273,274,-1,248,274,250,-1,250,274,275,-1,250,275,252,-1,252,275,276,-1,252,276,254,-1,254,276,277,-1,254,277,256,-1,256,277,278,-1,256,278,258,-1,258,278,279,-1,258,279,260,-1,260,279,280,-1,260,280,262,-1,262,280,281,-1,262,281,263,-1,263,281,282,-1,263,282,235,-1,283,241,284,-1,284,241,239,-1,284,239,285,-1,285,239,237,-1,285,237,286,-1,286,237,235,-1,286,235,282,-1,241,283,287,-1,241,287,243,-1,243,287,288,-1,243,288,245,-1,288,289,245,-1,245,289,290,-1,245,290,246,-1,246,290,291,-1,246,291,205,-1,205,291,292,-1,205,292,203,-1,198,203,293,-1,293,203,292,-1,196,198,294,-1,294,198,293,-1,197,196,295,-1,295,196,294,-1,199,197,296,-1,296,197,295,-1,199,296,297,-1,199,297,215,-1,215,297,298,-1,215,298,217,-1,217,298,299,-1,217,299,219,-1,219,299,300,-1,219,300,221,-1,221,300,301,-1,221,301,223,-1,223,301,302,-1,223,302,225,-1,225,302,303,-1,225,303,227,-1,227,303,304,-1,227,304,229,-1,229,304,305,-1,229,305,231,-1,231,305,306,-1,231,306,233,-1,232,233,307,-1,307,233,306,-1,232,307,308,-1,232,308,230,-1,230,308,309,-1,230,309,228,-1,228,309,264,-1,228,264,226,-1,213,310,311,-1,213,311,204,-1,204,311,312,-1,204,312,206,-1,206,312,313,-1,206,313,244,-1,244,313,314,-1,244,314,242,-1,209,315,316,-1,209,316,210,-1,210,316,317,-1,210,317,211,-1,211,317,318,-1,211,318,212,-1,212,318,310,-1,212,310,213,-1,209,208,315,-1,315,208,319,-1,208,207,319,-1,319,207,320,-1,249,321,322,-1,249,322,201,-1,201,322,323,-1,201,323,202,-1,202,323,320,-1,202,320,207,-1,257,324,325,-1,257,325,255,-1,255,325,326,-1,255,326,253,-1,253,326,327,-1,253,327,251,-1,251,327,321,-1,251,321,249,-1,236,328,329,-1,236,329,234,-1,234,329,330,-1,234,330,261,-1,261,330,331,-1,261,331,259,-1,259,331,324,-1,259,324,257,-1,242,314,332,-1,242,332,240,-1,240,332,333,-1,240,333,238,-1,238,333,328,-1,238,328,236,-1,
        ]
    }
}
Shape{
    appearance Appearance {
        material  Material 	{
            diffuseColor 0.5019607843137255 1.0 0.5019607843137255
            specularColor 0.25098039215686274 0.5019607843137255 0.25098039215686274
            ambientIntensity 0.7943
            transparency 0.0
            shininess 0.5
        }
    }
    geometry IndexedFaceSet {
        ccw TRUE
        solid FALSE
        coord DEF co Coordinate {
            point [
                -2.0 -0.4029 3.6006, -2.0 -0.4029 3.6014, -2.0 -0.3738 3.6017, -2.0 -0.4029 3.6084, -2.0 -0.386 3.6061, -2.0 -0.3785 3.6044, -2.0 -0.3755 3.6029, -2.0 -0.4021 3.595, -2.0 -0.3723 3.5998, -2.0 -0.4002 3.5905, -2.0 -0.373 3.5852, -2.0 -0.3741 3.5841, -2.0 -0.3959 3.5852, -2.0 -0.3716 3.5873, -2.0 -0.3923 3.5828, -2.0 -0.3885 3.5814, -2.0 -0.3838 3.5809, -2.0 -0.3712 3.5974, -2.0 -0.3706 3.5945, -2.0 -0.3975 3.5867, -2.0 -0.3705 3.5925, -2.0 -0.3708 3.5896, -2.0 -0.3766 3.5824, -2.0 -0.3795 3.5814
            ]
        }
        coordIndex [
            0,1,2,-1,1,3,4,-1,4,5,1,-1,1,5,6,-1,1,6,2,-1,0,2,7,-1,7,2,8,-1,7,8,9,-1,10,11,12,-1,10,12,13,-1,14,12,15,-1,15,12,16,-1,8,17,9,-1,9,17,18,-1,9,18,19,-1,19,18,20,-1,19,20,12,-1,12,20,21,-1,12,21,13,-1,11,22,12,-1,12,22,23,-1,12,23,16,-1,
        ]
    }
}
Shape{
    appearance Appearance {
        material  Material 	{
            diffuseColor 1.0 1.0 1.0
            specularColor 0.8784313725490196 0.8784313725490196 0.8784313725490196
            ambientIntensity 1.0
            transparency 0.0
            shininess 0.5
        }
    }
    geometry IndexedFaceSet {
        ccw TRUE
        solid FALSE
        coord DEF co Coordinate {
            point [
                -2.0039 0.1542 3.5579, -2.0039 0.1435 3.5447, -2.0039 0.1607 3.6213, -2.0039 -0.0789 3.6565, -2.0039 -0.0566 3.6945, -2.0039 0.0395 3.6443, -2.0039 0.088 3.6228, -2.0039 0.0814 3.6205, -2.0039 0.1732 3.7459, -2.0039 0.1572 3.7544, -2.0039 0.161 3.7986, -2.0039 0.1162 3.8006, -2.0039 0.094 3.7483, -2.0039 0.083 3.771, -2.0039 0.1763 3.631, -2.0039 0.1705 3.576, -2.0039 0.1614 3.5733, -2.0039 0.1327 3.8021, -2.0039 0.0756 3.6166, -2.0039 0.071 3.6114, -2.0039 0.0215 3.6034, -2.0039 0.101 3.6226, -2.0039 0.1104 3.6666, -2.0039 0.1073 3.6201, -2.0039 0.1263 3.6605, -2.0039 0.1129 3.6161, -2.0039 0.1409 3.6503, -2.0039 0.1157 3.6131, -2.0039 0.1528 3.6367, -2.0039 0.1194 3.6072, -2.0039 0.1215 3.6005, -2.0039 0.1219 3.5935, -2.0039 0.0673 3.6639, -2.0039 0.0846 3.6682, -2.0039 0.0933 3.6687, -2.0039 -0.1025 3.7275, -2.0039 -0.1083 3.7275, -2.0039 -0.1377 3.7662, -2.0039 -0.1219 3.7258, -2.0039 -0.1412 3.765, -2.0039 -0.1345 3.721, -2.0039 -0.1625 3.7545, -2.0039 -0.182 3.738, -2.0039 0.1015 3.8178, -2.0039 0.0669 3.7902, -2.0039 0.0847 3.8322, -2.0039 0.0477 3.8042, -2.0039 0.0671 3.8431, -2.0039 0.1395 3.7587, -2.0039 0.132 3.759, -2.0039 0.1245 3.8016, -2.0039 0.1151 3.7569, -2.0039 0.099 3.751, -2.0039 0.0678 3.6055, -2.0039 0.0662 3.5989, -2.0039 0.0215 3.5962, -2.0039 0.0662 3.5923, -2.0039 0.0219 3.5887, -2.0039 -0.1821 3.6041, -2.0039 -0.1487 3.6326, -2.0039 -0.1626 3.5876, -2.0039 -0.1382 3.624, -2.0039 -0.1408 3.5769, -2.0039 -0.1255 3.6181, -2.0039 -0.1169 3.5719, -2.0039 -0.1126 3.6156, -2.0039 -0.0746 3.5719, -2.0039 -0.0803 3.6156, -2.0039 -0.0705 3.5725, -2.0039 0.094 3.6235, -2.0039 0.052 3.6557, -2.0039 -0.1456 3.7132, -2.0039 -0.1538 3.704, -2.0039 -0.1966 3.7176, -2.0039 -0.1605 3.6917, -2.0039 -0.2054 3.6957, -2.0039 -0.1639 3.6779, -2.0039 -0.2087 3.6723, -2.0039 -0.1642 3.6715, -2.0039 -0.2054 3.6467, -2.0039 -0.1625 3.6576, -2.0039 -0.1964 3.624, -2.0039 -0.1575 3.6448, -2.0039 -0.1496 3.6336, -2.0039 -0.0989 3.8229, -2.0039 -0.0708 3.79, -2.0039 -0.1228 3.7953, -2.0039 -0.087 3.7707, -2.0039 -0.0981 3.7476, -2.0039 0.2016 3.7047, -2.0039 0.2487 3.6928, -2.0039 0.2037 3.6873, -2.0039 0.2489 3.6859, -2.0039 0.2028 3.6762, -2.0039 0.2454 3.6578, -2.0039 0.1977 3.6586, -2.0039 0.2351 3.6311, -2.0039 0.1892 3.6442, -2.0039 0.2188 3.6077, -2.0039 0.1964 3.5886, -2.0039 0.1206 3.5867, -2.0039 0.1177 3.5807, -2.0039 0.0341 3.8558, -2.0039 0.0243 3.8137, -2.0039 -0.0014 3.8602, -2.0039 -0.0021 3.8171, -2.0039 -0.0316 3.8569, -2.0039 -0.0265 3.8141, -2.0039 -0.0676 3.8441, -2.0039 -0.049 3.8055, -2.0039 -0.0691 3.7915, -2.0039 0.1875 3.7883, -2.0039 0.2104 3.7722, -2.0039 0.1855 3.735, -2.0039 0.2152 3.7677, -2.0039 0.1954 3.7207, -2.0039 0.2324 3.7455, -2.0039 0.2439 3.7197, -2.0039 0.0262 3.571, -2.0039 0.0679 3.5854, -2.0039 0.0347 3.555, -2.0039 0.0712 3.5793, -2.0039 0.0456 3.5428, -2.0039 0.0751 3.5749, -2.0039 0.0599 3.5328, -2.0039 0.0806 3.571, -2.0039 0.0759 3.5267, -2.0039 0.0868 3.5685, -2.0039 0.0933 3.5245, -2.0039 0.094 3.5676, -2.0039 0.096 3.5246, -2.0039 0.0952 3.5676, -2.0039 0.1129 3.5272, -2.0039 0.1016 3.5686, -2.0039 0.1295 3.5341, -2.0039 0.1081 3.5714, -2.0039 0.1136 3.5756, -2.0039 -0.0767 3.6163, -2.0039 -0.0595 3.5794, -2.0039 -0.0611 3.5777, -2.0039 -0.0788 3.6158, -2.0039 -0.0658 3.5744, -2.0039 -0.0538 3.5941, -2.0039 -0.0544 3.5887, -2.0039 -0.0563 3.5839, -2.0039 -0.0704 3.6156, -2.0039 -0.0655 3.6137, -2.0039 -0.0539 3.5969, -2.0039 -0.0611 3.6105, -2.0039 -0.0581 3.6073, -2.0039 -0.0554 3.6024, -2.0039 -0.076 3.6163, -2.0 -0.1867 3.7314, -2.0 -0.1966 3.7176, -2.0 -0.2029 3.7018, -2.0 -0.2054 3.6957, -2.0 -0.2087 3.6723, -2.0 -0.182 3.738, -2.0 -0.1625 3.7545, -2.0 -0.1412 3.765, -2.0 -0.1377 3.7662, -2.0 -0.1228 3.7953, -2.0 -0.0989 3.8229, -2.0 -0.0825 3.834, -2.0 -0.0676 3.8441, -2.0 -0.0316 3.8569, -2.0 -0.0014 3.8602, -2.0 0.0341 3.8558, -2.0 0.0671 3.8431, -2.0 0.0818 3.834, -2.0 0.0847 3.8322, -2.0 0.1015 3.8178, -2.0 0.1162 3.8006, -2.0 0.1245 3.8016, -2.0 0.1327 3.8021, -2.0 0.161 3.7986, -2.0 0.1875 3.7883, -2.0 0.2104 3.7722, -2.0 0.2152 3.7677, -2.0 0.2471 3.7018, -2.0 0.2439 3.7197, -2.0 0.2387 3.7314, -2.0 0.2324 3.7455, -2.0 0.2487 3.6928, -2.0 0.2489 3.6859, -2.0 0.2454 3.6578, -2.0 0.2351 3.6311, -2.0 0.2188 3.6077, -2.0 0.1964 3.5886, -2.0 0.1705 3.576, -2.0 0.1614 3.5733, -2.0 0.1605 3.5714, -2.0 0.1542 3.5579, -2.0 0.1435 3.5447, -2.0 0.1295 3.5341, -2.0 0.1229 3.5314, -2.0 0.1129 3.5272, -2.0 0.096 3.5246, -2.0 0.0933 3.5245, -2.0 0.0215 3.5962, -2.0 0.0759 3.5267, -2.0 0.0636 3.5314, -2.0 0.0599 3.5328, -2.0 0.0456 3.5428, -2.0 0.0347 3.555, -2.0 0.0262 3.571, -2.0 0.0261 3.5714, -2.0 0.0219 3.5887, -2.0 0.0215 3.6034, -2.0 -0.0789 3.6565, -2.0 -0.0566 3.6945, -2.0 0.0395 3.6443, -2.0 0.052 3.6557, -2.0 0.0673 3.6639, -2.0 0.0846 3.6682, -2.0 0.0933 3.6687, -2.0 0.1104 3.6666, -2.0 0.1263 3.6605, -2.0 0.1409 3.6503, -2.0 0.1528 3.6367, -2.0 0.1607 3.6213, -2.0 0.1763 3.631, -2.0 0.1892 3.6442, -2.0 0.1977 3.6586, -2.0 0.2028 3.6762, -2.0 0.2037 3.6873, -2.0 0.2019 3.7018, -2.0 0.2016 3.7047, -2.0 0.1954 3.7207, -2.0 0.188 3.7314, -2.0 0.1855 3.735, -2.0 0.1732 3.7459, -2.0 0.1572 3.7544, -2.0 0.1395 3.7587, -2.0 0.132 3.759, -2.0 0.1151 3.7569, -2.0 0.099 3.751, -2.0 0.094 3.7483, -2.0 0.083 3.771, -2.0 0.0669 3.7902, -2.0 0.0477 3.8042, -2.0 0.0243 3.8137, -2.0 -0.0021 3.8171, -2.0 -0.0265 3.8141, -2.0 -0.049 3.8055, -2.0 -0.0691 3.7915, -2.0 -0.0708 3.79, -2.0 -0.087 3.7707, -2.0 -0.0981 3.7476, -2.0 -0.1017 3.7314, -2.0 -0.1025 3.7275, -2.0 -0.1083 3.7275, -2.0 -0.1219 3.7258, -2.0 -0.1345 3.721, -2.0 -0.1456 3.7132, -2.0 -0.1538 3.704, -2.0 -0.155 3.7018, -2.0 -0.1605 3.6917, -2.0 -0.1639 3.6779, -2.0 -0.1642 3.6715, -2.0 -0.1625 3.6576, -2.0 -0.1575 3.6448, -2.0 -0.1496 3.6336, -2.0 -0.1487 3.6326, -2.0 -0.1382 3.624, -2.0 -0.1255 3.6181, -2.0 -0.1126 3.6156, -2.0 -0.0803 3.6156, -2.0 -0.0788 3.6158, -2.0 -0.0767 3.6163, -2.0 -0.076 3.6163, -2.0 -0.0704 3.6156, -2.0 -0.0655 3.6137, -2.0 -0.0611 3.6105, -2.0 -0.0581 3.6073, -2.0 -0.0554 3.6024, -2.0 -0.0539 3.5969, -2.0 -0.0538 3.5941, -2.0 -0.0544 3.5887, -2.0 -0.0563 3.5839, -2.0 -0.0595 3.5794, -2.0 -0.0611 3.5777, -2.0 -0.0658 3.5744, -2.0 -0.0705 3.5725, -2.0 -0.0746 3.5719, -2.0 -0.1169 3.5719, -2.0 -0.1408 3.5769, -2.0 -0.1626 3.5876, -2.0 -0.1821 3.6041, -2.0 -0.1964 3.624, -2.0 -0.2054 3.6467, -2.0 0.094 3.6235, -2.0 0.088 3.6228, -2.0 0.0814 3.6205, -2.0 0.0756 3.6166, -2.0 0.071 3.6114, -2.0 0.0678 3.6055, -2.0 0.0662 3.5989, -2.0 0.0662 3.5923, -2.0 0.0679 3.5854, -2.0 0.0712 3.5793, -2.0 0.0751 3.5749, -2.0 0.0806 3.571, -2.0 0.0868 3.5685, -2.0 0.094 3.5676, -2.0 0.0952 3.5676, -2.0 0.1016 3.5686, -2.0 0.1081 3.5714, -2.0 0.1136 3.5756, -2.0 0.1177 3.5807, -2.0 0.1206 3.5867, -2.0 0.1219 3.5935, -2.0 0.1215 3.6005, -2.0 0.1194 3.6072, -2.0 0.1157 3.6131, -2.0 0.1129 3.6161, -2.0 0.1073 3.6201, -2.0 0.101 3.6226
            ]
        }
        coordIndex [
            0,1,2,-1,3,4,5,-1,6,7,3,-1,8,9,10,-1,11,12,13,-1,14,15,2,-1,2,15,16,-1,2,16,0,-1,10,9,17,-1,7,18,3,-1,3,18,19,-1,3,19,20,-1,21,22,23,-1,23,22,24,-1,23,24,25,-1,25,24,26,-1,25,26,27,-1,27,26,28,-1,27,28,29,-1,29,28,2,-1,29,2,30,-1,30,2,31,-1,32,33,21,-1,21,33,34,-1,21,34,22,-1,35,36,37,-1,37,36,38,-1,37,38,39,-1,39,38,40,-1,39,40,41,-1,41,40,42,-1,11,13,43,-1,43,13,44,-1,43,44,45,-1,45,44,46,-1,45,46,47,-1,9,48,17,-1,17,48,49,-1,17,49,50,-1,50,49,51,-1,50,51,11,-1,11,51,52,-1,11,52,12,-1,19,53,20,-1,20,53,54,-1,20,54,55,-1,55,54,56,-1,55,56,57,-1,58,59,60,-1,60,59,61,-1,60,61,62,-1,62,61,63,-1,62,63,64,-1,64,63,65,-1,64,65,66,-1,66,65,67,-1,66,67,68,-1,6,3,69,-1,69,3,5,-1,69,5,21,-1,21,5,70,-1,21,70,32,-1,40,71,42,-1,42,71,72,-1,42,72,73,-1,73,72,74,-1,73,74,75,-1,75,74,76,-1,75,76,77,-1,77,76,78,-1,77,78,79,-1,79,78,80,-1,79,80,81,-1,81,80,82,-1,81,82,58,-1,58,82,83,-1,58,83,59,-1,84,85,86,-1,86,85,87,-1,86,87,37,-1,37,87,88,-1,37,88,35,-1,89,90,91,-1,91,90,92,-1,91,92,93,-1,93,92,94,-1,93,94,95,-1,95,94,96,-1,95,96,97,-1,97,96,98,-1,97,98,14,-1,14,98,99,-1,14,99,15,-1,31,2,100,-1,100,2,1,-1,100,1,101,-1,47,46,102,-1,102,46,103,-1,102,103,104,-1,104,103,105,-1,104,105,106,-1,106,105,107,-1,106,107,108,-1,108,107,109,-1,108,109,84,-1,84,109,110,-1,84,110,85,-1,10,111,8,-1,8,111,112,-1,8,112,113,-1,113,112,114,-1,113,114,115,-1,115,114,116,-1,115,116,89,-1,89,116,117,-1,89,117,90,-1,57,56,118,-1,118,56,119,-1,118,119,120,-1,120,119,121,-1,120,121,122,-1,122,121,123,-1,122,123,124,-1,124,123,125,-1,124,125,126,-1,126,125,127,-1,126,127,128,-1,128,127,129,-1,128,129,130,-1,130,129,131,-1,130,131,132,-1,132,131,133,-1,132,133,134,-1,134,133,135,-1,134,135,1,-1,1,135,136,-1,1,136,101,-1,137,138,139,-1,67,140,68,-1,68,140,137,-1,68,137,141,-1,141,137,139,-1,142,143,137,-1,137,143,144,-1,137,144,138,-1,145,146,147,-1,146,148,147,-1,147,148,149,-1,147,149,150,-1,142,137,147,-1,147,137,151,-1,147,151,145,-1,152,42,153,-1,153,42,73,-1,153,73,154,-1,154,73,75,-1,154,75,155,-1,155,75,77,-1,155,77,156,-1,152,157,42,-1,42,157,158,-1,42,158,41,-1,41,158,159,-1,41,159,39,-1,39,159,160,-1,39,160,37,-1,37,160,161,-1,37,161,86,-1,86,161,162,-1,86,162,84,-1,108,84,163,-1,163,84,162,-1,163,164,108,-1,108,164,165,-1,108,165,106,-1,106,165,166,-1,106,166,104,-1,104,166,167,-1,104,167,102,-1,102,167,168,-1,102,168,47,-1,47,168,45,-1,45,168,169,-1,45,169,170,-1,45,170,171,-1,45,171,43,-1,43,171,172,-1,43,172,11,-1,11,172,173,-1,11,173,50,-1,50,173,174,-1,50,174,17,-1,17,174,175,-1,17,175,10,-1,10,175,176,-1,10,176,111,-1,111,176,177,-1,111,177,112,-1,112,177,178,-1,112,178,114,-1,179,90,180,-1,180,90,117,-1,180,117,181,-1,181,117,116,-1,181,116,182,-1,182,116,114,-1,182,114,178,-1,179,183,90,-1,90,183,184,-1,90,184,92,-1,92,184,185,-1,92,185,94,-1,94,185,186,-1,94,186,96,-1,96,186,187,-1,96,187,98,-1,98,187,188,-1,98,188,99,-1,99,188,189,-1,99,189,15,-1,15,189,190,-1,15,190,16,-1,16,190,191,-1,16,191,0,-1,191,192,0,-1,0,192,193,-1,0,193,1,-1,1,193,194,-1,1,194,134,-1,134,194,195,-1,134,195,132,-1,195,196,132,-1,132,196,197,-1,132,197,130,-1,130,197,198,-1,130,198,128,-1,199,55,57,-1,128,198,200,-1,201,124,200,-1,200,124,126,-1,200,126,128,-1,201,202,124,-1,124,202,203,-1,124,203,122,-1,122,203,204,-1,122,204,120,-1,120,204,205,-1,120,205,118,-1,118,205,206,-1,118,206,57,-1,57,206,207,-1,57,207,199,-1,20,55,208,-1,208,55,199,-1,3,20,209,-1,209,20,208,-1,4,3,210,-1,210,3,209,-1,5,4,211,-1,211,4,210,-1,5,211,212,-1,5,212,70,-1,70,212,213,-1,70,213,32,-1,32,213,214,-1,32,214,33,-1,33,214,215,-1,33,215,34,-1,34,215,216,-1,34,216,22,-1,22,216,217,-1,22,217,24,-1,24,217,218,-1,24,218,26,-1,26,218,219,-1,26,219,28,-1,28,219,220,-1,28,220,2,-1,2,220,221,-1,2,221,14,-1,14,221,222,-1,14,222,97,-1,97,222,223,-1,97,223,95,-1,95,223,224,-1,95,224,93,-1,93,224,225,-1,93,225,91,-1,89,91,225,-1,225,226,89,-1,89,226,227,-1,89,227,228,-1,229,113,228,-1,228,113,115,-1,228,115,89,-1,229,230,113,-1,113,230,231,-1,113,231,8,-1,8,231,232,-1,8,232,9,-1,9,232,233,-1,9,233,48,-1,48,233,234,-1,48,234,49,-1,49,234,235,-1,49,235,51,-1,51,235,236,-1,51,236,52,-1,52,236,237,-1,52,237,12,-1,12,237,238,-1,12,238,13,-1,13,238,239,-1,13,239,44,-1,44,239,240,-1,44,240,46,-1,46,240,241,-1,46,241,103,-1,103,241,242,-1,103,242,105,-1,105,242,243,-1,105,243,107,-1,107,243,244,-1,107,244,109,-1,109,244,245,-1,109,245,110,-1,110,245,246,-1,110,246,85,-1,85,246,247,-1,85,247,87,-1,87,247,248,-1,87,248,88,-1,88,248,35,-1,35,248,249,-1,35,249,250,-1,36,35,251,-1,251,35,250,-1,36,251,252,-1,36,252,38,-1,38,252,253,-1,38,253,40,-1,40,253,254,-1,40,254,71,-1,71,254,255,-1,71,255,72,-1,72,255,256,-1,72,256,74,-1,256,257,74,-1,74,257,258,-1,74,258,76,-1,76,258,259,-1,76,259,78,-1,78,259,260,-1,78,260,80,-1,80,260,261,-1,80,261,82,-1,82,261,262,-1,82,262,83,-1,83,262,263,-1,83,263,59,-1,59,263,264,-1,59,264,61,-1,61,264,265,-1,61,265,63,-1,63,265,266,-1,63,266,65,-1,67,65,267,-1,267,65,266,-1,67,267,268,-1,67,268,140,-1,140,268,269,-1,140,269,137,-1,137,269,270,-1,137,270,151,-1,151,270,271,-1,151,271,145,-1,145,271,272,-1,145,272,146,-1,146,272,273,-1,146,273,148,-1,148,273,274,-1,148,274,149,-1,149,274,275,-1,149,275,150,-1,150,275,276,-1,150,276,147,-1,147,276,277,-1,147,277,142,-1,142,277,278,-1,142,278,143,-1,143,278,279,-1,143,279,144,-1,144,279,280,-1,144,280,138,-1,138,280,281,-1,138,281,139,-1,139,281,282,-1,139,282,141,-1,141,282,283,-1,141,283,68,-1,68,283,284,-1,68,284,66,-1,64,66,285,-1,285,66,284,-1,64,285,286,-1,64,286,62,-1,62,286,287,-1,62,287,60,-1,60,287,288,-1,60,288,58,-1,58,288,289,-1,58,289,81,-1,81,289,290,-1,81,290,79,-1,79,290,156,-1,79,156,77,-1,69,291,292,-1,69,292,6,-1,6,292,293,-1,6,293,7,-1,7,293,294,-1,7,294,18,-1,18,294,295,-1,18,295,19,-1,19,295,296,-1,19,296,53,-1,53,296,297,-1,53,297,54,-1,54,297,298,-1,54,298,56,-1,56,298,299,-1,56,299,119,-1,119,299,300,-1,119,300,121,-1,121,300,301,-1,121,301,123,-1,123,301,302,-1,123,302,125,-1,125,302,303,-1,125,303,127,-1,127,303,304,-1,127,304,129,-1,129,304,305,-1,129,305,131,-1,131,305,306,-1,131,306,133,-1,133,306,307,-1,133,307,135,-1,135,307,308,-1,135,308,136,-1,136,308,309,-1,136,309,101,-1,101,309,310,-1,101,310,100,-1,100,310,311,-1,100,311,31,-1,31,311,312,-1,31,312,30,-1,30,312,313,-1,30,313,29,-1,29,313,314,-1,29,314,27,-1,27,314,315,-1,27,315,25,-1,25,315,316,-1,25,316,23,-1,23,316,317,-1,23,317,21,-1,21,317,291,-1,21,291,69,-1,
        ]
    }
}
Shape{
    appearance Appearance {
        material  Material 	{
            diffuseColor 0.5019607843137255 1.0 0.5019607843137255
            specularColor 0.25098039215686274 0.5019607843137255 0.25098039215686274
            ambientIntensity 0.7943
            transparency 0.0
            shininess 0.5
        }
    }
    geometry IndexedFaceSet {
        ccw TRUE
        solid FALSE
        coord DEF co Coordinate {
            point [
                -2.0 0.0952 3.5676, -2.0 0.1129 3.6161, -2.0 0.1157 3.6131, -2.0 0.0868 3.5685, -2.0 0.0806 3.571, -2.0 0.088 3.6228, -2.0 0.094 3.6235, -2.0 0.101 3.6226, -2.0 0.1073 3.6201, -2.0 0.1206 3.5867, -2.0 0.1177 3.5807, -2.0 0.1136 3.5756, -2.0 0.094 3.5676, -2.0 0.1194 3.6072, -2.0 0.1215 3.6005, -2.0 0.1219 3.5935, -2.0 0.1081 3.5714, -2.0 0.1016 3.5686, -2.0 0.0751 3.5749, -2.0 0.0712 3.5793, -2.0 0.0679 3.5854, -2.0 0.0662 3.5923, -2.0 0.0662 3.5989, -2.0 0.0678 3.6055, -2.0 0.071 3.6114, -2.0 0.0756 3.6166, -2.0 0.0814 3.6205
            ]
        }
        coordIndex [
            0,1,2,-1,3,4,5,-1,6,7,0,-1,0,7,8,-1,0,8,1,-1,9,10,2,-1,2,10,11,-1,6,0,5,-1,5,0,12,-1,5,12,3,-1,13,14,2,-1,2,14,15,-1,2,15,9,-1,11,16,2,-1,2,16,17,-1,2,17,0,-1,4,18,5,-1,5,18,19,-1,5,19,20,-1,20,21,5,-1,5,21,22,-1,5,22,23,-1,23,24,5,-1,5,24,25,-1,5,25,26,-1,
        ]
    }
}
Shape{
    appearance Appearance {
        material  Material 	{
            diffuseColor 1.0 1.0 1.0
            specularColor 0.8784313725490196 0.8784313725490196 0.8784313725490196
            ambientIntensity 1.0
            transparency 0.0
            shininess 0.5
        }
    }
    geometry IndexedFaceSet {
        ccw TRUE
        solid FALSE
        coord DEF co Coordinate {
            point [
                -2.0039 -0.5589 3.8201, -2.0039 -0.5487 3.8331, -2.0039 -0.5459 3.8215, -2.0039 -0.5464 3.8331, -2.0039 -0.5307 3.8215, -2.0039 -0.5176 3.8331, -2.0039 -0.5307 3.7437, -2.0039 -0.5176 3.7322, -2.0039 -0.5453 3.7437, -2.0039 -0.5454 3.7322, -2.0039 -0.5591 3.7454, -2.0039 -0.5624 3.7343, -2.0039 -0.5675 3.7486, -2.0039 -0.5739 3.7387, -2.0039 -0.574 3.7531, -2.0039 -0.5846 3.7464, -2.0039 -0.5753 3.7543, -2.0039 -0.5805 3.7608, -2.0039 -0.5913 3.7542, -2.0039 -0.5839 3.7684, -2.0039 -0.5966 3.7645, -2.0039 -0.5858 3.7778, -2.0039 -0.5993 3.7761, -2.0039 -0.5861 3.7836, -2.0039 -0.5998 3.784, -2.0039 -0.585 3.7947, -2.0039 -0.5981 3.7977, -2.0039 -0.5823 3.8025, -2.0039 -0.5944 3.8074, -2.0039 -0.5786 3.8084, -2.0039 -0.5882 3.8162, -2.0039 -0.575 3.812, -2.0039 -0.5846 3.8198, -2.0039 -0.5676 3.8169, -2.0039 -0.5757 3.826, -2.0039 -0.5638 3.8309, -2.0 -0.5846 3.7464, -2.0 -0.5913 3.7542, -2.0 -0.5966 3.7645, -2.0 -0.5993 3.7761, -2.0 -0.5998 3.784, -2.0 -0.5981 3.7977, -2.0 -0.5944 3.8074, -2.0 -0.5882 3.8162, -2.0 -0.5846 3.8198, -2.0 -0.5757 3.826, -2.0 -0.5638 3.8309, -2.0 -0.5487 3.8331, -2.0 -0.5464 3.8331, -2.0 -0.5176 3.8331, -2.0 -0.5176 3.7322, -2.0 -0.5454 3.7322, -2.0 -0.5624 3.7343, -2.0 -0.5739 3.7387, -2.0 -0.575 3.812, -2.0 -0.5786 3.8084, -2.0 -0.5823 3.8025, -2.0 -0.585 3.7947, -2.0 -0.5861 3.7836, -2.0 -0.5459 3.8215, -2.0 -0.5589 3.8201, -2.0 -0.5676 3.8169, -2.0 -0.5307 3.8215, -2.0 -0.5307 3.7437, -2.0 -0.5453 3.7437, -2.0 -0.5753 3.7543, -2.0 -0.574 3.7531, -2.0 -0.5675 3.7486, -2.0 -0.5591 3.7454, -2.0 -0.5858 3.7778, -2.0 -0.5839 3.7684, -2.0 -0.5805 3.7608
            ]
        }
        coordIndex [
            0,1,2,-1,2,1,3,-1,2,3,4,-1,4,3,5,-1,4,5,6,-1,6,5,7,-1,6,7,8,-1,8,7,9,-1,8,9,10,-1,10,9,11,-1,10,11,12,-1,12,11,13,-1,12,13,14,-1,14,13,15,-1,14,15,16,-1,16,15,17,-1,17,15,18,-1,17,18,19,-1,19,18,20,-1,19,20,21,-1,21,20,22,-1,21,22,23,-1,23,22,24,-1,23,24,25,-1,25,24,26,-1,25,26,27,-1,27,26,28,-1,27,28,29,-1,29,28,30,-1,29,30,31,-1,31,30,32,-1,31,32,33,-1,33,32,34,-1,33,34,0,-1,0,34,35,-1,0,35,1,-1,15,36,37,-1,15,37,18,-1,18,37,38,-1,18,38,20,-1,20,38,39,-1,20,39,22,-1,22,39,40,-1,22,40,24,-1,24,40,41,-1,24,41,26,-1,26,41,42,-1,26,42,28,-1,28,42,43,-1,28,43,30,-1,30,43,44,-1,30,44,32,-1,32,44,45,-1,32,45,34,-1,34,45,46,-1,34,46,35,-1,35,46,47,-1,35,47,1,-1,1,47,48,-1,1,48,3,-1,5,3,49,-1,49,3,48,-1,7,5,50,-1,50,5,49,-1,9,7,51,-1,51,7,50,-1,9,51,52,-1,9,52,11,-1,11,52,53,-1,11,53,13,-1,13,53,36,-1,13,36,15,-1,31,54,55,-1,31,55,29,-1,29,55,56,-1,29,56,27,-1,27,56,57,-1,27,57,25,-1,25,57,58,-1,25,58,23,-1,2,59,60,-1,2,60,0,-1,0,60,61,-1,0,61,33,-1,33,61,54,-1,33,54,31,-1,2,4,59,-1,59,4,62,-1,4,6,62,-1,62,6,63,-1,6,8,63,-1,63,8,64,-1,16,65,66,-1,16,66,14,-1,14,66,67,-1,14,67,12,-1,12,67,68,-1,12,68,10,-1,10,68,64,-1,10,64,8,-1,23,58,69,-1,23,69,21,-1,21,69,70,-1,21,70,19,-1,19,70,71,-1,19,71,17,-1,17,71,65,-1,17,65,16,-1,
        ]
    }
}
Shape{
    appearance Appearance {
        material  Material 	{
            diffuseColor 0.5019607843137255 1.0 0.5019607843137255
            specularColor 0.25098039215686274 0.5019607843137255 0.25098039215686274
            ambientIntensity 0.7943
            transparency 0.0
            shininess 0.5
        }
    }
    geometry IndexedFaceSet {
        ccw TRUE
        solid FALSE
        coord DEF co Coordinate {
            point [
                -2.0 -0.5307 3.8215, -2.0 -0.5307 3.7437, -2.0 -0.5459 3.8215, -2.0 -0.5453 3.7437, -2.0 -0.5591 3.7454, -2.0 -0.5675 3.7486, -2.0 -0.574 3.7531, -2.0 -0.5753 3.7543, -2.0 -0.5858 3.7778, -2.0 -0.5861 3.7836, -2.0 -0.585 3.7947, -2.0 -0.5823 3.8025, -2.0 -0.5786 3.8084, -2.0 -0.575 3.812, -2.0 -0.5589 3.8201, -2.0 -0.5676 3.8169, -2.0 -0.5805 3.7608, -2.0 -0.5839 3.7684
            ]
        }
        coordIndex [
            0,1,2,-1,2,1,3,-1,2,3,4,-1,4,5,2,-1,2,5,6,-1,2,6,7,-1,8,9,2,-1,2,9,10,-1,2,10,11,-1,11,12,2,-1,2,12,13,-1,2,13,14,-1,14,13,15,-1,7,16,2,-1,2,16,17,-1,2,17,8,-1,
        ]
    }
}
Shape{
    appearance Appearance {
        material  Material 	{
            diffuseColor 1.0 1.0 1.0
            specularColor 0.8784313725490196 0.8784313725490196 0.8784313725490196
            ambientIntensity 1.0
            transparency 0.0
            shininess 0.5
        }
    }
    geometry IndexedFaceSet {
        ccw TRUE
        solid FALSE
        coord DEF co Coordinate {
            point [
                -2.0039 -0.3981 3.7421, -2.0 -0.3981 3.7421, -2.0 -0.3884 3.7432, -2.0039 -0.3884 3.7432, -2.0 -0.3811 3.7459, -2.0039 -0.3811 3.7459, -2.0 -0.3745 3.7505, -2.0039 -0.3745 3.7505, -2.0 -0.3722 3.7528, -2.0039 -0.3722 3.7528, -2.0 -0.3672 3.7598, -2.0039 -0.3672 3.7598, -2.0 -0.3639 3.7679, -2.0039 -0.3639 3.7679, -2.0 -0.3623 3.7802, -2.0039 -0.3623 3.7802, -2.0 -0.3623 3.7815, -2.0039 -0.3623 3.7815, -2.0 -0.3639 3.7952, -2.0039 -0.3639 3.7952, -2.0 -0.3673 3.804, -2.0039 -0.3673 3.804, -2.0 -0.3721 3.811, -2.0039 -0.3721 3.811, -2.0 -0.3729 3.8119, -2.0039 -0.3729 3.8119, -2.0 -0.3798 3.8176, -2.0039 -0.3798 3.8176, -2.0 -0.3877 3.8212, -2.0039 -0.3877 3.8212, -2.0 -0.3965 3.8229, -2.0039 -0.3965 3.8229, -2.0 -0.4004 3.8231, -2.0039 -0.4004 3.8231, -2.0 -0.4241 3.8171, -2.0039 -0.4241 3.8171, -2.0039 -0.4217 3.8183, -2.0 -0.4113 3.8219, -2.0039 -0.4113 3.8219, -2.0 -0.4198 3.819, -2.0 -0.4217 3.8183, -2.0039 -0.4241 3.8307, -2.0 -0.4241 3.8307, -2.0 -0.4002 3.8348, -2.0039 -0.4002 3.8348, -2.0039 -0.402 3.8348, -2.0 -0.4198 3.832, -2.0039 -0.4149 3.8335, -2.0 -0.4149 3.8335, -2.0 -0.4103 3.834, -2.0 -0.402 3.8348, -2.0 -0.3932 3.834, -2.0039 -0.3858 3.8331, -2.0 -0.3858 3.8331, -2.0 -0.3752 3.829, -2.0039 -0.3752 3.829, -2.0 -0.3654 3.8221, -2.0039 -0.3654 3.8221, -2.0 -0.3632 3.82, -2.0039 -0.3632 3.82, -2.0 -0.3567 3.8117, -2.0 -0.3531 3.8041, -2.0039 -0.3516 3.8008, -2.0039 -0.3567 3.8117, -2.0 -0.3516 3.8008, -2.0 -0.349 3.7879, -2.0039 -0.349 3.7879, -2.0 -0.3486 3.7808, -2.0039 -0.3486 3.7808, -2.0 -0.3506 3.7645, -2.0 -0.3531 3.7579, -2.0039 -0.3546 3.7539, -2.0039 -0.3506 3.7645, -2.0 -0.3546 3.7539, -2.0 -0.3606 3.7453, -2.0039 -0.3606 3.7453, -2.0 -0.3616 3.7443, -2.0039 -0.3616 3.7443, -2.0 -0.3962 3.7305, -2.0039 -0.3962 3.7305, -2.0039 -0.3892 3.7309, -2.0 -0.369 3.738, -2.0039 -0.369 3.738, -2.0 -0.3785 3.7333, -2.0039 -0.3785 3.7333, -2.0 -0.3871 3.7314, -2.0 -0.3892 3.7309, -2.0039 -0.4116 3.732, -2.0 -0.4051 3.7314, -2.0 -0.4116 3.732, -2.0039 -0.4224 3.7356, -2.0 -0.4198 3.7347, -2.0 -0.4224 3.7356, -2.0 -0.4241 3.7364, -2.0039 -0.4241 3.7364, -2.0039 -0.4241 3.7489, -2.0 -0.4241 3.7489, -2.0 -0.4198 3.7469, -2.0039 -0.4152 3.7448, -2.0 -0.4152 3.7448, -2.0 -0.404 3.7424, -2.0039 -0.404 3.7424, -2.0039 -0.7599 3.6112, -2.0039 -0.775 3.6531, -2.0039 -0.7701 3.6731, -2.0039 -0.7317 3.5722, -2.0039 -0.7461 3.5722, -2.0039 -0.7558 3.5998, -2.0039 -0.7759 3.6561, -2.0039 -0.7766 3.6602, -2.0039 -0.784 3.6731, -2.0039 -0.7769 3.6602, -2.0039 -0.7778 3.6559, -2.0039 -0.7785 3.6531, -2.0039 -0.7938 3.6112, -2.0039 -0.8225 3.5722, -2.0039 -0.8081 3.5722, -2.0039 -0.7978 3.5998, -2.0 -0.7701 3.6731, -2.0 -0.784 3.6731, -2.0 -0.7317 3.5722, -2.0 -0.7461 3.5722, -2.0 -0.7558 3.5998, -2.0 -0.7978 3.5998, -2.0 -0.8081 3.5722, -2.0 -0.8225 3.5722, -2.0 -0.775 3.6531, -2.0 -0.7759 3.6561, -2.0 -0.7766 3.6602, -2.0 -0.7599 3.6112, -2.0 -0.7938 3.6112, -2.0 -0.7785 3.6531, -2.0 -0.7769 3.6602, -2.0 -0.7778 3.6559
            ]
        }
        coordIndex [
            0,1,2,-1,0,2,3,-1,3,2,4,-1,3,4,5,-1,5,4,6,-1,5,6,7,-1,7,6,8,-1,7,8,9,-1,9,8,10,-1,9,10,11,-1,11,10,12,-1,11,12,13,-1,13,12,14,-1,13,14,15,-1,15,14,16,-1,15,16,17,-1,17,16,18,-1,17,18,19,-1,19,18,20,-1,19,20,21,-1,21,20,22,-1,21,22,23,-1,23,22,24,-1,23,24,25,-1,25,24,26,-1,25,26,27,-1,27,26,28,-1,27,28,29,-1,29,28,30,-1,29,30,31,-1,31,30,32,-1,31,32,33,-1,34,35,36,-1,33,32,37,-1,33,37,38,-1,38,37,39,-1,38,39,36,-1,36,39,40,-1,36,40,34,-1,41,35,42,-1,42,35,34,-1,43,44,45,-1,41,42,46,-1,41,46,47,-1,46,48,47,-1,47,48,49,-1,47,49,45,-1,45,49,50,-1,45,50,43,-1,44,43,51,-1,44,51,52,-1,51,53,52,-1,52,53,54,-1,52,54,55,-1,55,54,56,-1,55,56,57,-1,57,56,58,-1,57,58,59,-1,59,58,60,-1,61,62,60,-1,60,62,63,-1,60,63,59,-1,61,64,62,-1,62,64,65,-1,62,65,66,-1,66,65,67,-1,66,67,68,-1,68,67,69,-1,70,71,69,-1,69,71,72,-1,69,72,68,-1,70,73,71,-1,71,73,74,-1,71,74,75,-1,75,74,76,-1,75,76,77,-1,78,79,80,-1,77,76,81,-1,77,81,82,-1,82,81,83,-1,82,83,84,-1,84,83,85,-1,84,85,80,-1,80,85,86,-1,80,86,78,-1,87,79,78,-1,78,88,87,-1,87,88,89,-1,87,89,90,-1,90,89,91,-1,91,92,90,-1,90,92,93,-1,90,93,94,-1,95,94,96,-1,96,94,93,-1,95,96,97,-1,95,97,98,-1,97,99,98,-1,98,99,100,-1,98,100,101,-1,101,100,1,-1,101,1,0,-1,36,35,41,-1,27,29,52,-1,19,21,63,-1,52,29,44,-1,63,21,59,-1,36,41,38,-1,52,55,27,-1,27,55,57,-1,27,57,25,-1,25,57,59,-1,25,59,23,-1,23,59,21,-1,29,31,44,-1,44,31,33,-1,44,33,45,-1,45,33,38,-1,45,38,47,-1,47,38,41,-1,68,17,66,-1,66,17,19,-1,66,19,62,-1,62,19,63,-1,94,95,90,-1,90,95,98,-1,90,98,87,-1,87,98,101,-1,87,101,79,-1,79,101,0,-1,79,0,80,-1,80,0,3,-1,80,3,84,-1,84,3,5,-1,84,5,82,-1,82,5,7,-1,82,7,77,-1,77,7,9,-1,77,9,75,-1,75,9,11,-1,75,11,71,-1,71,11,72,-1,72,11,13,-1,72,13,68,-1,68,13,15,-1,68,15,17,-1,102,103,104,-1,105,106,107,-1,103,108,104,-1,104,108,109,-1,104,109,110,-1,110,109,111,-1,110,111,112,-1,112,113,110,-1,110,113,114,-1,110,114,115,-1,116,115,117,-1,117,115,114,-1,117,114,107,-1,107,114,102,-1,107,102,105,-1,105,102,104,-1,104,110,118,-1,118,110,119,-1,105,104,120,-1,120,104,118,-1,106,105,121,-1,121,105,120,-1,107,106,122,-1,122,106,121,-1,117,107,123,-1,123,107,122,-1,116,117,124,-1,124,117,123,-1,115,116,125,-1,125,116,124,-1,110,115,119,-1,119,115,125,-1,103,126,127,-1,103,127,108,-1,108,127,128,-1,108,128,109,-1,103,102,126,-1,126,102,129,-1,102,114,129,-1,129,114,130,-1,114,113,130,-1,130,113,131,-1,111,132,133,-1,111,133,112,-1,112,133,131,-1,112,131,113,-1,111,109,132,-1,132,109,128,-1,
        ]
    }
}
Shape{
    appearance Appearance {
        material  Material 	{
            diffuseColor 0.5019607843137255 1.0 0.5019607843137255
            specularColor 0.25098039215686274 0.5019607843137255 0.25098039215686274
            ambientIntensity 0.7943
            transparency 0.0
            shininess 0.5
        }
    }
    geometry IndexedFaceSet {
        ccw TRUE
        solid FALSE
        coord DEF co Coordinate {
            point [
                -2.0 -0.7769 3.6602, -2.0 -0.7766 3.6602, -2.0 -0.7778 3.6559, -2.0 -0.7759 3.6561, -2.0 -0.7785 3.6531, -2.0 -0.775 3.6531, -2.0 -0.7938 3.6112, -2.0 -0.7599 3.6112
            ]
        }
        coordIndex [
            0,1,2,-1,2,1,3,-1,2,3,4,-1,4,3,5,-1,4,5,6,-1,6,5,7,-1,
        ]
    }
}
Shape{
    appearance Appearance {
        material  Material 	{
            diffuseColor 1.0 1.0 1.0
            specularColor 0.8784313725490196 0.8784313725490196 0.8784313725490196
            ambientIntensity 1.0
            transparency 0.0
            shininess 0.5
        }
    }
    geometry IndexedFaceSet {
        ccw TRUE
        solid FALSE
        coord DEF co Coordinate {
            point [
                -2.0 -0.5837 3.5837, -2.0039 -0.5837 3.5837, -2.0 -0.6026 3.5837, -2.0039 -0.6249 3.5837, -2.0 -0.6249 3.5837, -2.0039 -0.5837 3.6176, -2.0 -0.5837 3.6176, -2.0 -0.6198 3.6176, -2.0039 -0.6198 3.6176, -2.0 -0.6026 3.6176, -2.0039 -0.6198 3.6292, -2.0 -0.6198 3.6292, -2.0 -0.5837 3.6292, -2.0039 -0.5837 3.6292, -2.0 -0.6026 3.6292, -2.0039 -0.5837 3.6615, -2.0 -0.5837 3.6615, -2.0 -0.6226 3.6615, -2.0039 -0.6226 3.6615, -2.0 -0.6026 3.6615, -2.0039 -0.6226 3.6731, -2.0 -0.6226 3.6731, -2.0 -0.5707 3.6731, -2.0039 -0.5707 3.6731, -2.0 -0.6026 3.6731, -2.0039 -0.5707 3.5722, -2.0 -0.5707 3.5722, -2.0 -0.6249 3.5722, -2.0039 -0.6249 3.5722, -2.0 -0.6026 3.5722, -2.0039 -0.3043 3.5837, -2.0039 -0.3455 3.5837, -2.0 -0.3043 3.5837, -2.0 -0.3455 3.5837, -2.0039 -0.3043 3.6176, -2.0 -0.3043 3.6176, -2.0039 -0.3404 3.6176, -2.0 -0.3404 3.6176, -2.0039 -0.3404 3.6292, -2.0 -0.3404 3.6292, -2.0039 -0.3043 3.6292, -2.0 -0.3043 3.6292, -2.0039 -0.3043 3.6615, -2.0 -0.3043 3.6615, -2.0039 -0.3433 3.6615, -2.0 -0.3433 3.6615, -2.0039 -0.3433 3.6731, -2.0 -0.3433 3.6731, -2.0039 -0.2913 3.6731, -2.0 -0.2913 3.6731, -2.0039 -0.2913 3.5722, -2.0 -0.2913 3.5722, -2.0039 -0.3455 3.5722, -2.0 -0.3455 3.5722, -2.0039 -0.6336 3.7712, -2.0039 -0.6487 3.8132, -2.0039 -0.6438 3.8331, -2.0039 -0.6054 3.7322, -2.0039 -0.6198 3.7322, -2.0039 -0.6295 3.7598, -2.0039 -0.6495 3.8162, -2.0039 -0.6503 3.8202, -2.0039 -0.6577 3.8331, -2.0039 -0.6506 3.8202, -2.0039 -0.6514 3.8159, -2.0039 -0.6522 3.8132, -2.0039 -0.6674 3.7712, -2.0039 -0.6961 3.7322, -2.0039 -0.6817 3.7322, -2.0039 -0.6715 3.7598, -2.0 -0.6438 3.8331, -2.0 -0.6577 3.8331, -2.0 -0.6054 3.7322, -2.0 -0.6344 3.8086, -2.0 -0.6198 3.7322, -2.0 -0.6295 3.7598, -2.0 -0.6715 3.7598, -2.0 -0.6344 3.7598, -2.0 -0.6817 3.7322, -2.0 -0.6961 3.7322, -2.0 -0.6487 3.8132, -2.0 -0.6495 3.8162, -2.0 -0.6503 3.8202, -2.0 -0.6336 3.7712, -2.0 -0.6674 3.7712, -2.0 -0.6522 3.8132, -2.0 -0.6506 3.8202, -2.0 -0.6514 3.8159
            ]
        }
        coordIndex [
            0,1,2,-1,2,1,3,-1,2,3,4,-1,5,1,6,-1,6,1,0,-1,7,8,9,-1,9,8,5,-1,9,5,6,-1,10,8,11,-1,11,8,7,-1,12,13,14,-1,14,13,10,-1,14,10,11,-1,15,13,16,-1,16,13,12,-1,17,18,19,-1,19,18,15,-1,19,15,16,-1,20,18,21,-1,21,18,17,-1,22,23,24,-1,24,23,20,-1,24,20,21,-1,25,23,26,-1,26,23,22,-1,27,28,29,-1,29,28,25,-1,29,25,26,-1,3,28,4,-1,4,28,27,-1,25,28,3,-1,3,1,25,-1,25,1,5,-1,25,5,23,-1,18,20,15,-1,15,20,23,-1,15,23,13,-1,13,23,5,-1,13,5,10,-1,10,5,8,-1,30,31,32,-1,32,31,33,-1,34,30,35,-1,35,30,32,-1,36,34,37,-1,37,34,35,-1,38,36,39,-1,39,36,37,-1,40,38,41,-1,41,38,39,-1,42,40,43,-1,43,40,41,-1,44,42,45,-1,45,42,43,-1,46,44,47,-1,47,44,45,-1,48,46,49,-1,49,46,47,-1,50,48,51,-1,51,48,49,-1,52,50,53,-1,53,50,51,-1,31,52,33,-1,33,52,53,-1,50,52,31,-1,31,30,50,-1,50,30,34,-1,50,34,48,-1,44,46,42,-1,42,46,48,-1,42,48,40,-1,40,48,34,-1,40,34,38,-1,38,34,36,-1,54,55,56,-1,57,58,59,-1,55,60,56,-1,56,60,61,-1,56,61,62,-1,62,61,63,-1,62,63,64,-1,64,65,62,-1,62,65,66,-1,62,66,67,-1,68,67,69,-1,69,67,66,-1,69,66,59,-1,59,66,54,-1,59,54,57,-1,57,54,56,-1,56,62,70,-1,70,62,71,-1,72,57,73,-1,73,57,56,-1,73,56,70,-1,58,57,74,-1,74,57,72,-1,59,58,75,-1,75,58,74,-1,76,69,77,-1,77,69,59,-1,77,59,75,-1,68,69,78,-1,78,69,76,-1,67,68,79,-1,79,68,78,-1,62,67,71,-1,71,67,79,-1,55,80,81,-1,55,81,60,-1,60,81,82,-1,60,82,61,-1,55,54,80,-1,80,54,83,-1,54,66,83,-1,83,66,84,-1,66,65,84,-1,84,65,85,-1,63,86,87,-1,63,87,64,-1,64,87,85,-1,64,85,65,-1,63,61,86,-1,86,61,82,-1,
        ]
    }
}
Shape{
    appearance Appearance {
        material  Material 	{
            diffuseColor 0.5019607843137255 1.0 0.5019607843137255
            specularColor 0.25098039215686274 0.5019607843137255 0.25098039215686274
            ambientIntensity 0.7943
            transparency 0.0
            shininess 0.5
        }
    }
    geometry IndexedFaceSet {
        ccw TRUE
        solid FALSE
        coord DEF co Coordinate {
            point [
                -2.0 -0.6506 3.8202, -2.0 -0.6503 3.8202, -2.0 -0.6514 3.8159, -2.0 -0.6495 3.8162, -2.0 -0.6522 3.8132, -2.0 -0.6487 3.8132, -2.0 -0.6674 3.7712, -2.0 -0.6336 3.7712
            ]
        }
        coordIndex [
            0,1,2,-1,2,1,3,-1,2,3,4,-1,4,3,5,-1,4,5,6,-1,6,5,7,-1,
        ]
    }
}
Shape{
    appearance Appearance {
        material  Material 	{
            diffuseColor 1.0 1.0 1.0
            specularColor 0.8784313725490196 0.8784313725490196 0.8784313725490196
            ambientIntensity 1.0
            transparency 0.0
            shininess 0.5
        }
    }
    geometry IndexedFaceSet {
        ccw TRUE
        solid FALSE
        coord DEF co Coordinate {
            point [
                -2.0 -0.4574 3.7437, -2.0039 -0.4574 3.7437, -2.0 -0.4846 3.7437, -2.0039 -0.4986 3.7437, -2.0 -0.4986 3.7437, -2.0039 -0.4574 3.7777, -2.0 -0.4574 3.7777, -2.0039 -0.4934 3.7777, -2.0 -0.4846 3.7777, -2.0 -0.4934 3.7777, -2.0039 -0.4934 3.7892, -2.0 -0.4934 3.7892, -2.0 -0.4574 3.7892, -2.0039 -0.4574 3.7892, -2.0 -0.4846 3.7892, -2.0039 -0.4574 3.8215, -2.0 -0.4574 3.8215, -2.0039 -0.4963 3.8215, -2.0 -0.4846 3.8215, -2.0 -0.4963 3.8215, -2.0039 -0.4963 3.8331, -2.0 -0.4963 3.8331, -2.0 -0.4443 3.8331, -2.0039 -0.4443 3.8331, -2.0 -0.4846 3.8331, -2.0039 -0.4443 3.7322, -2.0 -0.4443 3.7322, -2.0 -0.4986 3.7322, -2.0039 -0.4986 3.7322, -2.0 -0.4846 3.7322, -2.0039 -0.3043 3.7437, -2.0039 -0.3445 3.7437, -2.0 -0.3043 3.7437, -2.0 -0.3445 3.7437, -2.0039 -0.3043 3.8331, -2.0 -0.3043 3.8331, -2.0039 -0.2913 3.8331, -2.0 -0.2913 3.8331, -2.0039 -0.2913 3.7322, -2.0 -0.2913 3.7322, -2.0039 -0.3445 3.7322, -2.0 -0.3445 3.7322
            ]
        }
        coordIndex [
            0,1,2,-1,2,1,3,-1,2,3,4,-1,5,1,6,-1,6,1,0,-1,5,6,7,-1,7,6,8,-1,7,8,9,-1,10,7,11,-1,11,7,9,-1,12,13,14,-1,14,13,10,-1,14,10,11,-1,15,13,16,-1,16,13,12,-1,15,16,17,-1,17,16,18,-1,17,18,19,-1,20,17,21,-1,21,17,19,-1,22,23,24,-1,24,23,20,-1,24,20,21,-1,25,23,26,-1,26,23,22,-1,27,28,29,-1,29,28,25,-1,29,25,26,-1,3,28,4,-1,4,28,27,-1,25,28,3,-1,3,1,25,-1,25,1,5,-1,25,5,23,-1,17,20,15,-1,15,20,23,-1,15,23,13,-1,13,23,5,-1,13,5,10,-1,10,5,7,-1,30,31,32,-1,32,31,33,-1,34,30,35,-1,35,30,32,-1,36,34,37,-1,37,34,35,-1,38,36,39,-1,39,36,37,-1,40,38,41,-1,41,38,39,-1,31,40,33,-1,33,40,41,-1,34,36,30,-1,30,36,38,-1,30,38,31,-1,31,38,40,-1,
        ]
    }
}