#VRML V2.0 utf8
# 3D model generated by easyeda2kicad.py (https://github.com/uPesy/easyeda2kicad.py)

Shape{
    appearance Appearance {
        material  Material 	{
            diffuseColor 0.2235294117647059 0.2235294117647059 0.2235294117647059
            specularColor 0.11372549019607843 0.11372549019607843 0.11372549019607843
            ambientIntensity 0.2235
            transparency 0.0
            shininess 0.5
        }
    }
    geometry IndexedFaceSet {
        ccw TRUE
        solid FALSE
        coord DEF co Coordinate {
            point [
                1.9978 -1.4548 0.3842, 1.9978 -1.452 0.3873, 1.9978 -1.452 0.4072, 1.9978 -1.5068 0.4073, 1.9978 -1.5084 0.4072, 1.9978 -1.48 0.4072, 1.9978 -2.0748 1.9764, 1.9978 -2.0748 1.7697, 1.9978 -1.7593 1.7697, 1.9978 -0.4646 1.1496, 1.9978 -0.6392 1.1496, 1.9978 -0.6392 0.7198, 1.9978 -1.6346 0.6245, 1.9978 -1.6365 0.6292, 1.9978 -1.6365 0.5977, 1.9978 -1.8228 0.5813, 1.9978 -1.8153 0.5625, 1.9978 -1.7593 0.5625, 1.9978 -1.8403 0.6056, 1.9978 -1.8346 0.5977, 1.9978 -1.7593 0.5977, 1.9978 -1.7593 0.7198, 1.9978 -1.9391 0.7066, 1.9978 -1.9105 0.6734, 1.9978 -1.893 0.6392, 1.9978 -1.8888 0.6378, 1.9978 -1.8634 0.6252, 1.9978 -2.0748 1.3169, 1.9978 -2.0748 1.1102, 1.9978 -2.1543 0.7198, 1.9978 -2.135 0.7317, 1.9978 -2.0955 0.7463, 1.9978 -2.0553 0.751, 1.9978 -2.0165 0.7466, 1.9978 -1.974 0.7306, 1.9978 -1.9583 0.7198, 1.9978 -2.8543 1.1102, 1.9978 -2.8543 0.7198, 1.9978 -2.1577 0.7177, 1.9978 -2.8543 0.5977, 1.9978 -2.3412 0.5977, 1.9978 -2.3337 0.6146, 1.9978 -2.3132 0.6409, 1.9978 -2.2486 0.6777, 1.9978 -2.2149 0.6819, 1.9978 -2.1778 0.7006, 1.9978 -2.2051 0.6813, 1.9978 -2.1953 0.6802, 1.9978 -2.3074 0.6463, 1.9978 -2.2802 0.6654, 1.9978 -2.2908 0.4277, 1.9978 -2.3174 0.4505, 1.9978 -2.8543 0.4072, 1.9978 -2.2599 0.4127, 1.9978 -2.3369 0.4783, 1.9978 -2.3492 0.5101, 1.9978 -2.8543 0.5625, 1.9978 -2.3533 0.5435, 1.9978 -2.353 0.5517, 1.9978 -2.3511 0.5625, 1.9978 -2.3473 0.5838, 1.9978 -2.2491 0.4095, 1.9978 -2.248 0.4072, 1.9978 -2.2405 0.3911, 1.9978 -2.8543 0.3596, 1.9978 -2.2278 0.3755, 1.9978 -2.2111 0.3629, 1.9978 -2.8543 -0.0079, 1.9978 -2.1914 0.3546, 1.9978 -2.2033 0.3596, 1.9978 -2.1326 0.3596, 1.9978 -2.1473 0.354, 1.9978 -1.7593 -0.0079, 1.9978 -2.168 0.3514, 1.9978 -2.1713 0.3515, 1.9978 -2.088 0.4072, 1.9978 -2.0881 0.4068, 1.9978 -1.7593 0.3596, 1.9978 -2.0982 0.3878, 1.9978 -2.1113 0.3731, 1.9978 -2.1283 0.3613, 1.9978 -1.9789 0.4575, 1.9978 -1.9731 0.4599, 1.9978 -1.963 0.5085, 1.9978 -2.1039 0.494, 1.9978 -1.9895 0.5538, 1.9978 -2.1189 0.5076, 1.9978 -2.137 0.5173, 1.9978 -1.9842 0.4538, 1.9978 -1.8231 0.4698, 1.9978 -1.8401 0.4462, 1.9978 -1.7593 0.4072, 1.9978 -1.8618 0.534, 1.9978 -1.8659 0.5504, 1.9978 -1.8724 0.5625, 1.9978 -2.2974 0.5625, 1.9978 -1.8124 0.5552, 1.9978 -1.8085 0.5273, 1.9978 -1.8124 0.4968, 1.9978 -1.9665 0.4607, 1.9978 -1.9656 0.4606, 1.9978 -1.9631 0.4601, 1.9978 -2.2923 0.5112, 1.9978 -2.2822 0.4939, 1.9978 -2.2388 0.485, 1.9978 -2.2669 0.4782, 1.9978 -2.2483 0.4667, 1.9978 -2.2072 0.5133, 1.9978 -2.2247 0.5012, 1.9978 -2.2995 0.5452, 1.9978 -2.2985 0.5321, 1.9978 -2.1884 0.5205, 1.9978 -2.168 0.523, 1.9978 -2.1576 0.5224, 1.9978 -1.8633 0.4265, 1.9978 -1.8894 0.4138, 1.9978 -1.9178 0.4078, 1.9978 -1.9929 0.4342, 1.9978 -1.9927 0.4376, 1.9978 -2.0826 0.4453, 1.9978 -1.991 0.4441, 1.9978 -1.9877 0.4499, 1.9978 -1.8788 0.4813, 1.9978 -1.8694 0.4946, 1.9978 -1.8635 0.5098, 1.9978 -1.8614 0.5265, 1.9978 -1.9682 0.4078, 1.9978 -1.973 0.4085, 1.9978 -1.9786 0.4108, 1.9978 -1.9842 0.4147, 1.9978 -1.9861 0.4167, 1.9978 -1.9899 0.4221, 1.9978 -1.9921 0.4279, 1.9978 -2.0831 0.4279, 1.9978 -2.0826 0.4368, 1.9978 -1.9613 0.4599, 1.9978 -1.9229 0.4599, 1.9978 -1.9076 0.4628, 1.9978 -1.8925 0.4698, 1.9978 -1.8799 0.4801, 1.9978 -1.9349 0.5931, 1.9978 -2.2896 0.585, 1.9978 -2.2969 0.5659, 1.9978 -1.928 0.5931, 1.9978 -1.8738 0.5651, 1.9978 -1.8836 0.5761, 1.9978 -1.8969 0.5853, 1.9978 -1.9118 0.5911, 1.9978 -1.9533 0.6444, 1.9978 -1.9726 0.6674, 1.9978 -2.1688 0.6178, 1.9978 -1.9747 0.6693, 1.9978 -1.9987 0.686, 1.9978 -2.1558 0.6448, 1.9978 -2.2808 0.5977, 1.9978 -2.1749 0.6211, 1.9978 -1.9359 0.5977, 1.9978 -1.9401 0.6169, 1.9978 -2.194 0.6282, 1.9978 -2.2141 0.6306, 1.9978 -2.223 0.6302, 1.9978 -2.1366 0.6677, 1.9978 -2.0254 0.6962, 1.9978 -2.1137 0.6845, 1.9978 -2.0544 0.6998, 1.9978 -2.0859 0.6958, 1.9978 -2.2441 0.6252, 1.9978 -2.2631 0.6151, 1.9978 -2.2778 0.602, 1.9978 -1.1891 0.5977, 1.9978 -1.2281 0.5987, 1.9978 -1.2452 0.5987, 1.9978 -1.2738 0.7188, 1.9978 -1.1891 0.7198, 1.9978 -1.3016 0.7198, 1.9978 -1.319 0.5987, 1.9978 -1.3362 0.5987, 1.9978 -1.3395 0.5977, 1.9978 -1.3016 0.5977, 1.9978 -1.3016 0.6316, 1.9978 -1.3075 0.6316, 1.9978 -1.3395 0.7198, 1.9978 -1.3016 0.6896, 1.9978 -1.2904 0.7188, 1.9978 -1.48 0.7198, 1.9978 -1.48 0.7188, 1.9978 -1.466 0.7188, 1.9978 -1.452 0.7198, 1.9978 -1.466 0.705, 1.9978 -1.452 0.5977, 1.9978 -1.5124 0.705, 1.9978 -1.5124 0.6666, 1.9978 -1.48 0.705, 1.9978 -1.48 0.6666, 1.9978 -1.4694 0.6666, 1.9978 -1.4694 0.6528, 1.9978 -1.5279 0.5987, 1.9978 -1.5349 0.5977, 1.9978 -1.48 0.5977, 1.9978 -1.5124 0.6528, 1.9978 -1.5124 0.6124, 1.9978 -1.48 0.6528, 1.9978 -1.48 0.6124, 1.9978 -1.4633 0.6124, 1.9978 -1.4633 0.5987, 1.9978 -1.48 0.5987, 1.9978 -1.5279 0.7188, 1.9978 -1.5349 0.7198, 1.9978 -1.5802 0.7068, 1.9978 -1.5855 0.7066, 1.9978 -1.5571 0.6161, 1.9978 -1.5655 0.7051, 1.9978 -1.5519 0.6997, 1.9978 -1.5519 0.6185, 1.9978 -1.5533 0.7004, 1.9978 -1.5571 0.7019, 1.9978 -1.5959 0.7045, 1.9978 -1.6053 0.7, 1.9978 -1.613 0.6935, 1.9978 -1.6138 0.6926, 1.9978 -1.6196 0.6842, 1.9978 -1.6236 0.6738, 1.9978 -1.6256 0.6574, 1.9978 -1.6254 0.6525, 1.9978 -1.5619 0.6139, 1.9978 -1.5751 0.6109, 1.9978 -1.583 0.6105, 1.9978 -1.6234 0.6406, 1.9978 -1.6195 0.631, 1.9978 -1.6138 0.6232, 1.9978 -1.6107 0.6201, 1.9978 -1.5939 0.6117, 1.9978 -1.6026 0.6148, 1.9978 -1.5675 0.7198, 1.9978 -1.5647 0.7196, 1.9978 -1.5571 0.7198, 1.9978 -1.5571 0.7174, 1.9978 -1.5519 0.7159, 1.9978 -1.5804 0.7208, 1.9978 -1.5571 1.3169, 1.9978 -1.5888 0.7198, 1.9978 -1.6365 1.3169, 1.9978 -1.6365 0.7198, 1.9978 -1.6332 0.6918, 1.9978 -1.6245 0.7032, 1.9978 -1.6215 0.706, 1.9978 -1.6103 0.7139, 1.9978 -1.5977 0.7188, 1.9978 -1.6437 0.5977, 1.9978 -1.6395 0.637, 1.9978 -1.6419 0.6565, 1.9978 -1.6417 0.6628, 1.9978 -1.6437 0.7198, 1.9978 -1.6389 0.6784, 1.9978 -1.6365 0.6841, 1.9978 -1.5963 0.5977, 1.9978 -1.607 0.6002, 1.9978 -1.6181 0.6059, 1.9978 -1.6265 0.6131, 1.9978 -1.6275 0.6142, 1.9978 -1.5852 0.5967, 1.9978 -1.5943 0.5972, 1.9978 -1.6365 0.5625, 1.9978 -1.5746 0.5977, 1.9978 -1.5571 0.5625, 1.9978 -1.5519 0.6037, 1.9978 -1.554 0.6027, 1.9978 -1.5571 0.5977, 1.9978 -1.5571 0.6017, 1.9978 -1.5669 0.5984, 1.9978 -0.4646 0.7198, 1.9978 -0.6392 0.5977, 1.9978 -0.4646 0.5977, 1.9978 -0.6392 0.5625, 1.9978 -0.4646 0.5625, 1.9978 -0.2008 0.4072, 1.9978 -0.2008 0.4488, 1.9978 -0.4646 0.4488, 1.9978 -0.6392 0.4072, 1.9978 -1.6437 1.3169, 1.9978 -1.7593 1.3169, 1.9978 -1.5349 1.3169, 1.9978 -1.48 1.3169, 1.9978 -1.452 1.3169, 1.9978 -1.3395 1.3169, 1.9978 -1.3016 1.3169, 1.9978 -1.1891 1.3169, 1.9978 -1.0905 1.3169, 1.9978 -0.7008 1.1496, 1.9978 -1.0905 1.7697, 1.9978 -0.7008 1.937, 1.9978 -0.6392 2.8937, 1.9978 -1.1891 2.8937, 1.9978 -1.7593 2.8937, 1.9978 -2.8543 2.8937, 1.9978 -2.8543 1.9764, 1.9978 -1.6437 2.8937, 1.9978 -1.6437 1.7697, 1.9978 -1.6365 2.8937, 1.9978 -1.6365 1.7697, 1.9978 -1.5571 2.8937, 1.9978 -1.5571 1.7697, 1.9978 -1.5349 2.8937, 1.9978 -1.5349 1.7697, 1.9978 -1.48 2.8937, 1.9978 -1.48 1.7697, 1.9978 -1.452 2.8937, 1.9978 -1.452 1.7697, 1.9978 -1.3395 2.8937, 1.9978 -1.3395 1.7697, 1.9978 -1.3016 2.8937, 1.9978 -1.3016 1.7697, 1.9978 -1.1891 1.7697, 1.9978 -0.6392 1.937, 1.9978 -0.4646 1.937, 1.9978 -0.4646 2.1732, 1.9978 -0.2008 2.1732, 1.9978 -0.2008 2.8937, 1.9978 -1.628 0.4448, 1.9978 -1.625 0.4491, 1.9978 -1.6227 0.4733, 1.9978 -1.5571 0.4072, 1.9978 -1.5622 0.4082, 1.9978 -1.5772 0.4082, 1.9978 -1.6187 0.4094, 1.9978 -1.6365 0.4072, 1.9978 -1.6129 0.4072, 1.9978 -1.6126 0.4072, 1.9978 -1.6286 0.4192, 1.9978 -1.6304 0.4243, 1.9978 -1.6311 0.4311, 1.9978 -1.5728 0.4904, 1.9978 -1.5688 0.4865, 1.9978 -1.6204 0.4531, 1.9978 -1.6139 0.4564, 1.9978 -1.6135 0.4793, 1.9978 -1.6027 0.4591, 1.9978 -1.5895 0.4832, 1.9978 -1.5946 0.4837, 1.9978 -1.6041 0.4827, 1.9978 -1.6238 0.4129, 1.9978 -1.6254 0.4146, 1.9978 -1.5772 0.4214, 1.9978 -1.5776 0.4214, 1.9978 -1.5801 0.4178, 1.9978 -1.5848 0.4127, 1.9978 -1.6311 0.4331, 1.9978 -1.6301 0.4395, 1.9978 -1.6084 0.4941, 1.9978 -1.5932 0.4959, 1.9978 -1.5842 0.4951, 1.9978 -1.5778 0.4932, 1.9978 -1.6227 0.4879, 1.9978 -1.6196 0.4898, 1.9978 -1.5657 0.4817, 1.9978 -1.5634 0.4749, 1.9978 -1.5622 0.4634, 1.9978 -1.5772 0.4627, 1.9978 -1.5778 0.4694, 1.9978 -1.5793 0.4747, 1.9978 -1.5811 0.4778, 1.9978 -1.5834 0.4802, 1.9978 -1.586 0.482, 1.9978 -1.6039 0.4062, 1.9978 -1.6365 0.3596, 1.9978 -1.5961 0.407, 1.9978 -1.5571 0.3596, 1.9978 -1.5957 0.4072, 1.9978 -1.5417 0.4708, 1.9978 -1.5411 0.4762, 1.9978 -1.5394 0.4604, 1.9978 -1.5411 0.465, 1.9978 -1.5418 0.4267, 1.9978 -1.5361 0.4232, 1.9978 -1.5349 0.4227, 1.9978 -1.5349 0.4546, 1.9978 -1.5375 0.4572, 1.9978 -1.535 0.4547, 1.9978 -1.5275 0.4072, 1.9978 -1.5322 0.4077, 1.9978 -1.5349 0.4072, 1.9978 -1.5349 0.4087, 1.9978 -1.5418 0.4112, 1.9978 -1.488 0.4921, 1.9978 -1.488 0.4775, 1.9978 -1.5321 0.4891, 1.9978 -1.5275 0.4918, 1.9978 -1.5349 0.5625, 1.9978 -1.4846 0.4255, 1.9978 -1.4864 0.4207, 1.9978 -1.4892 0.4167, 1.9978 -1.5393 0.481, 1.9978 -1.5365 0.4851, 1.9978 -1.5349 0.4866, 1.9978 -1.5192 0.4948, 1.9978 -1.5083 0.4959, 1.9978 -1.48 0.5625, 1.9978 -1.4982 0.4951, 1.9978 -1.4889 0.4457, 1.9978 -1.4861 0.4416, 1.9978 -1.4845 0.4371, 1.9978 -1.4839 0.4315, 1.9978 -1.4935 0.413, 1.9978 -1.4984 0.4101, 1.9978 -1.5098 0.4837, 1.9978 -1.5142 0.4834, 1.9978 -1.5262 0.4722, 1.9978 -1.5183 0.4823, 1.9978 -1.5216 0.4805, 1.9978 -1.5261 0.4702, 1.9978 -1.5255 0.4678, 1.9978 -1.5244 0.4658, 1.9978 -1.5229 0.4642, 1.9978 -1.5176 0.4609, 1.9978 -1.4998 0.4826, 1.9978 -1.5083 0.4568, 1.9978 -1.4913 0.4794, 1.9978 -1.5025 0.4545, 1.9978 -1.4925 0.4489, 1.9978 -1.5239 0.4785, 1.9978 -1.5252 0.4766, 1.9978 -1.5259 0.4746, 1.9978 -1.5267 0.4196, 1.9978 -1.5189 0.4459, 1.9978 -1.5279 0.45, 1.9978 -1.5171 0.4184, 1.9978 -1.5164 0.4184, 1.9978 -1.5091 0.4417, 1.9978 -1.5087 0.4193, 1.9978 -1.4993 0.43, 1.9978 -1.4995 0.4319, 1.9978 -1.5048 0.4207, 1.9978 -1.5034 0.4216, 1.9978 -1.5017 0.4231, 1.9978 -1.5004 0.425, 1.9978 -1.4996 0.4272, 1.9978 -1.5002 0.4343, 1.9978 -1.5013 0.4363, 1.9978 -1.5032 0.4382, 1.9978 -1.3775 0.5283, 1.9978 -1.3395 0.5283, 1.9978 -1.3395 0.5625, 1.9978 -1.4368 0.4295, 1.9978 -1.435 0.4224, 1.9978 -1.4346 0.4224, 1.9978 -1.3937 0.494, 1.9978 -1.452 0.5625, 1.9978 -1.4093 0.494, 1.9978 -1.452 0.4731, 1.9978 -1.4327 0.4294, 1.9978 -1.4339 0.4254, 1.9978 -1.452 0.4327, 1.9978 -1.476 0.494, 1.9978 -1.4592 0.494, 1.9978 -1.4424 0.4084, 1.9978 -1.4429 0.4072, 1.9978 -1.449 0.3928, 1.9978 -1.48 0.3596, 1.9978 -1.4729 0.369, 1.9978 -1.4729 0.3824, 1.9978 -1.5185 0.4062, 1.9978 -1.5349 0.3596, 1.9978 -1.4699 0.3814, 1.9978 -1.4644 0.3807, 1.9978 -1.452 0.3705, 1.9978 -1.4572 0.3685, 1.9978 -1.452 0.3596, 1.9978 -1.4632 0.3678, 1.9978 -1.4666 0.3679, 1.9978 -1.4607 0.3811, 1.9978 -1.4574 0.3824, 1.9978 -1.4326 0.3952, 1.9978 -1.4394 0.382, 1.9978 -1.3395 0.3596, 1.9978 -1.4279 0.4072, 1.9978 -1.445 0.3754, 1.9978 -1.446 0.3744, 1.9978 -1.4512 0.3707, 1.9978 -1.3156 0.5283, 1.9978 -1.3156 0.5145, 1.9978 -1.3016 0.5625, 1.9978 -1.3129 0.4219, 1.9978 -1.3016 0.4072, 1.9978 -1.3129 0.4082, 1.9978 -1.3395 0.4072, 1.9978 -1.3395 0.4082, 1.9978 -1.3775 0.4082, 1.9978 -1.362 0.5145, 1.9978 -1.362 0.476, 1.9978 -1.3395 0.5145, 1.9978 -1.3395 0.476, 1.9978 -1.319 0.476, 1.9978 -1.319 0.4623, 1.9978 -1.3395 0.4219, 1.9978 -1.3395 0.4623, 1.9978 -1.362 0.4219, 1.9978 -1.362 0.4623, 1.9978 -1.7101 0.5987, 1.9978 -1.6468 0.5987, 1.9978 -1.6468 0.6124, 1.9978 -1.7101 0.7188, 1.9978 -1.6946 0.7188, 1.9978 -1.6946 0.6124, 1.9978 -1.6455 0.4219, 1.9978 -1.6455 0.4082, 1.9978 -1.6437 0.4072, 1.9978 -1.7101 0.4082, 1.9978 -1.7101 0.5283, 1.9978 -1.6437 0.5625, 1.9978 -1.6483 0.5145, 1.9978 -1.6946 0.5145, 1.9978 -1.6946 0.476, 1.9978 -1.6517 0.476, 1.9978 -1.6483 0.5283, 1.9978 -1.6946 0.4623, 1.9978 -1.6946 0.4219, 1.9978 -1.6517 0.4623, 1.9978 -1.6437 0.3596, 1.9978 -1.59 0.4092, 1.9978 -1.388 0.7168, 1.9978 -1.3735 0.7115, 1.9978 -1.3461 0.6386, 1.9978 -1.352 0.6262, 1.9978 -1.3609 0.6155, 1.9978 -1.3736 0.6065, 1.9978 -1.4064 0.7188, 1.9978 -1.3873 0.6012, 1.9978 -1.4076 0.5987, 1.9978 -1.4406 0.5987, 1.9978 -1.4406 0.7188, 1.9978 -1.3609 0.7029, 1.9978 -1.3567 0.6987, 1.9978 -1.3492 0.6882, 1.9978 -1.3448 0.6768, 1.9978 -1.3428 0.6603, 1.9978 -1.3432 0.6526, 1.9978 -1.2376 0.5263, 1.9978 -1.2231 0.521, 1.9978 -1.1891 0.5625, 1.9978 -1.1957 0.448, 1.9978 -1.2016 0.4356, 1.9978 -1.1891 0.4072, 1.9978 -1.2105 0.425, 1.9978 -1.2232 0.416, 1.9978 -1.2369 0.4106, 1.9978 -1.2572 0.4082, 1.9978 -1.2902 0.4082, 1.9978 -1.2902 0.5283, 1.9978 -1.2559 0.5283, 1.9978 -1.2575 0.6316, 1.9978 -1.2105 0.5124, 1.9978 -1.2063 0.5082, 1.9978 -1.1988 0.4977, 1.9978 -1.1944 0.4862, 1.9978 -1.1924 0.4698, 1.9978 -1.1928 0.4621, 1.9978 -1.1686 0.4082, 1.9978 -1.1858 0.4082, 1.9978 -1.0948 0.4082, 1.9978 -1.1071 0.441, 1.9978 -1.1571 0.441, 1.9978 -1.14 0.5283, 1.9978 -1.1234 0.5283, 1.9978 -1.0777 0.4082, 1.9978 -1.3016 0.3596, 1.9978 -1.1891 0.3596, 1.9978 -0.6392 0.3596, 1.9978 -0.2008 0.3596, 1.9978 -1.6437 -0.0079, 1.9978 -1.6365 -0.0079, 1.9978 -1.5571 -0.0079, 1.9978 -1.5349 -0.0079, 1.9978 -1.48 -0.0079, 1.9978 -1.452 -0.0079, 1.9978 -1.3395 -0.0079, 1.9978 -1.3016 -0.0079, 1.9978 -1.1891 -0.0079, 1.9978 -0.6392 -0.0079, 1.9978 -0.2008 -0.0079, -0.7167 -0.4646 0.4488, -1.9982 -0.4646 0.4488, -1.9982 -0.4646 1.1496, 1.5057 -0.4646 1.1496, -1.9982 -0.4646 1.937, -1.9982 -0.4646 2.1732, -1.5061 -0.4646 1.937, -0.7167 -0.4646 2.1732, -0.7167 -0.4646 2.1689, -1.5061 -0.4646 1.1496, -0.7167 -0.4646 1.0787, -0.4648 -0.4646 0.4488, -0.4648 -0.4646 1.0787, 0.4644 -0.4646 0.4488, 0.4644 -0.4646 1.0787, 0.7163 -0.4646 1.0787, 0.7163 -0.4646 0.4488, -0.7167 -0.4646 1.9169, -0.7167 -0.4646 1.6693, -0.7167 -0.4646 1.4173, 1.5057 -0.4646 1.937, -0.4648 -0.4646 2.1732, 0.4644 -0.4646 2.1732, -0.4648 -0.4646 2.1689, 0.4644 -0.4646 2.1689, -0.4648 -0.4646 1.9169, 0.4644 -0.4646 1.9169, -0.4648 -0.4646 1.6693, 0.4644 -0.4646 1.6693, -0.4648 -0.4646 1.4173, 0.4644 -0.4646 1.4173, 0.7163 -0.4646 1.4173, 0.7163 -0.4646 1.6693, 0.7163 -0.4646 1.9169, 0.7163 -0.4646 2.1689, 0.7163 -0.4646 2.1732
            ]
        }
        coordIndex [
            0,1,2,-1,3,4,5,-1,6,7,8,-1,9,10,11,-1,12,13,14,-1,15,16,17,-1,18,19,20,-1,21,22,23,-1,23,24,21,-1,21,24,25,-1,21,25,26,-1,27,28,21,-1,29,30,28,-1,28,30,31,-1,28,31,32,-1,32,33,28,-1,28,33,34,-1,28,34,21,-1,21,34,35,-1,21,35,22,-1,28,36,29,-1,29,36,37,-1,29,37,38,-1,39,40,37,-1,37,40,41,-1,37,41,42,-1,37,43,38,-1,38,43,44,-1,38,44,45,-1,45,44,46,-1,45,46,47,-1,42,48,37,-1,37,48,49,-1,37,49,43,-1,50,51,52,-1,50,52,53,-1,51,54,52,-1,52,54,55,-1,52,55,56,-1,56,55,57,-1,57,58,56,-1,56,58,59,-1,56,59,39,-1,39,59,60,-1,39,60,40,-1,61,53,62,-1,62,53,52,-1,62,52,63,-1,63,52,64,-1,63,64,65,-1,65,64,66,-1,67,68,64,-1,64,68,69,-1,64,69,66,-1,70,71,72,-1,72,71,73,-1,72,73,67,-1,67,73,74,-1,67,74,68,-1,75,76,77,-1,76,78,77,-1,77,78,79,-1,77,79,80,-1,81,82,83,-1,84,85,86,-1,86,85,87,-1,81,83,88,-1,89,90,91,-1,92,93,85,-1,85,93,94,-1,85,94,95,-1,16,96,17,-1,17,96,97,-1,17,97,91,-1,91,97,98,-1,91,98,89,-1,82,99,83,-1,83,99,100,-1,83,100,101,-1,102,103,104,-1,104,103,105,-1,104,105,106,-1,107,95,108,-1,108,95,109,-1,108,109,104,-1,104,109,110,-1,104,110,102,-1,107,111,95,-1,95,111,112,-1,95,112,85,-1,85,112,113,-1,85,113,87,-1,90,114,91,-1,91,114,115,-1,91,115,116,-1,117,118,119,-1,119,118,120,-1,119,120,83,-1,83,120,121,-1,83,121,88,-1,122,123,83,-1,83,123,124,-1,83,124,85,-1,85,124,125,-1,85,125,92,-1,126,127,75,-1,127,128,75,-1,75,128,129,-1,75,129,130,-1,130,131,75,-1,75,131,132,-1,75,132,133,-1,133,132,117,-1,133,117,134,-1,134,117,119,-1,101,135,83,-1,83,135,136,-1,83,136,137,-1,137,138,83,-1,83,138,139,-1,83,139,122,-1,140,141,142,-1,142,95,140,-1,140,95,94,-1,140,94,143,-1,143,94,144,-1,144,145,143,-1,143,145,146,-1,143,146,147,-1,148,149,150,-1,149,151,150,-1,150,151,152,-1,150,152,153,-1,154,150,155,-1,141,140,154,-1,154,140,156,-1,154,156,150,-1,150,156,157,-1,150,157,148,-1,155,158,154,-1,154,158,159,-1,154,159,160,-1,153,152,161,-1,161,152,162,-1,161,162,163,-1,163,162,164,-1,163,164,165,-1,166,167,160,-1,160,167,168,-1,160,168,154,-1,169,170,171,-1,170,169,172,-1,172,169,173,-1,172,173,174,-1,175,176,177,-1,178,179,180,-1,177,176,181,-1,181,176,182,-1,181,182,174,-1,174,182,183,-1,174,183,172,-1,184,185,186,-1,184,186,187,-1,187,186,188,-1,187,188,189,-1,190,191,192,-1,192,191,193,-1,192,193,188,-1,188,193,194,-1,188,194,189,-1,189,194,195,-1,196,197,198,-1,199,200,201,-1,201,200,202,-1,201,202,195,-1,195,202,203,-1,195,203,189,-1,189,203,204,-1,189,204,198,-1,198,204,205,-1,198,205,196,-1,185,184,206,-1,206,184,207,-1,206,207,196,-1,208,209,210,-1,208,210,211,-1,196,207,197,-1,197,207,212,-1,197,212,213,-1,213,212,214,-1,213,214,210,-1,210,214,215,-1,210,215,211,-1,209,216,210,-1,210,216,217,-1,210,217,218,-1,218,219,210,-1,210,219,220,-1,210,220,221,-1,221,222,210,-1,210,222,223,-1,210,223,224,-1,224,223,225,-1,225,223,226,-1,226,223,227,-1,226,227,228,-1,228,229,226,-1,226,229,230,-1,226,230,231,-1,231,230,232,-1,233,234,235,-1,235,234,236,-1,235,236,207,-1,207,236,237,-1,207,237,212,-1,238,239,240,-1,240,239,241,-1,242,243,244,-1,244,245,242,-1,242,245,246,-1,242,246,247,-1,14,13,248,-1,248,13,249,-1,248,249,250,-1,250,251,252,-1,252,251,253,-1,252,253,242,-1,242,253,254,-1,242,254,243,-1,255,256,14,-1,14,256,257,-1,257,258,14,-1,14,258,259,-1,14,259,12,-1,260,261,262,-1,263,260,264,-1,213,265,197,-1,197,265,266,-1,197,266,267,-1,267,266,268,-1,267,268,269,-1,9,11,270,-1,270,11,271,-1,270,271,272,-1,272,271,273,-1,272,273,274,-1,275,276,277,-1,274,273,277,-1,277,273,278,-1,277,278,275,-1,247,240,242,-1,242,240,241,-1,242,241,252,-1,252,241,279,-1,252,279,21,-1,21,279,280,-1,21,280,27,-1,238,233,239,-1,239,233,235,-1,239,235,281,-1,281,235,207,-1,281,207,282,-1,282,207,184,-1,282,184,283,-1,283,184,187,-1,283,187,284,-1,284,181,285,-1,285,181,174,-1,285,174,286,-1,286,174,173,-1,286,173,287,-1,287,173,288,-1,287,288,289,-1,288,290,289,-1,289,290,291,-1,289,291,292,-1,293,294,295,-1,295,6,293,-1,293,6,8,-1,293,8,296,-1,296,8,297,-1,296,297,298,-1,298,297,299,-1,298,299,300,-1,300,299,301,-1,300,301,302,-1,302,301,303,-1,302,303,304,-1,304,303,305,-1,304,305,306,-1,306,305,307,-1,306,307,308,-1,308,307,309,-1,308,309,310,-1,310,309,311,-1,310,311,292,-1,292,311,312,-1,292,312,289,-1,313,314,315,-1,316,317,315,-1,315,317,291,-1,315,291,313,-1,313,291,290,-1,318,319,320,-1,321,322,323,-1,324,325,326,-1,326,325,327,-1,328,329,325,-1,325,329,330,-1,264,331,332,-1,319,333,320,-1,320,333,334,-1,320,334,335,-1,335,334,336,-1,337,338,336,-1,336,338,339,-1,336,339,335,-1,324,340,325,-1,325,340,341,-1,325,341,328,-1,342,343,323,-1,323,343,344,-1,323,344,345,-1,262,346,347,-1,260,262,264,-1,264,262,348,-1,264,348,349,-1,349,350,264,-1,264,350,351,-1,264,351,331,-1,318,320,347,-1,347,320,352,-1,347,352,262,-1,262,352,353,-1,262,353,348,-1,332,354,264,-1,264,354,355,-1,264,355,356,-1,357,358,336,-1,336,358,359,-1,336,359,360,-1,360,361,336,-1,336,361,362,-1,336,362,337,-1,363,364,365,-1,365,364,366,-1,365,366,367,-1,368,369,264,-1,370,371,372,-1,373,374,375,-1,370,372,376,-1,371,368,372,-1,372,368,264,-1,372,264,321,-1,321,264,356,-1,321,356,322,-1,373,375,372,-1,372,375,377,-1,372,377,376,-1,378,379,380,-1,380,379,381,-1,380,381,321,-1,321,381,382,-1,321,382,372,-1,383,384,5,-1,385,386,387,-1,388,389,5,-1,5,389,390,-1,369,391,264,-1,264,391,392,-1,264,392,387,-1,387,392,393,-1,387,393,385,-1,386,394,387,-1,387,394,395,-1,387,395,396,-1,396,395,397,-1,396,397,383,-1,398,399,384,-1,384,399,400,-1,384,400,5,-1,5,400,401,-1,5,401,388,-1,390,402,5,-1,5,402,403,-1,5,403,3,-1,404,405,406,-1,406,405,407,-1,406,407,408,-1,406,409,404,-1,404,409,410,-1,404,410,411,-1,411,412,404,-1,404,412,413,-1,404,413,414,-1,414,413,415,-1,414,415,416,-1,416,415,417,-1,416,417,384,-1,384,417,418,-1,384,418,398,-1,419,420,408,-1,408,420,421,-1,408,421,406,-1,422,423,374,-1,374,423,424,-1,374,424,375,-1,422,425,423,-1,423,425,426,-1,423,426,427,-1,427,426,428,-1,427,429,430,-1,428,431,427,-1,427,431,432,-1,427,432,433,-1,433,434,427,-1,427,434,435,-1,427,435,429,-1,430,436,427,-1,427,436,437,-1,427,437,438,-1,439,440,441,-1,442,443,444,-1,445,446,447,-1,447,446,448,-1,447,448,449,-1,449,448,442,-1,449,442,450,-1,450,442,444,-1,2,451,5,-1,5,451,452,-1,383,5,396,-1,396,5,452,-1,396,452,446,-1,446,452,453,-1,446,453,448,-1,454,451,455,-1,455,451,2,-1,455,2,456,-1,456,2,1,-1,457,458,459,-1,460,461,4,-1,4,461,457,-1,4,457,5,-1,5,457,459,-1,5,459,2,-1,2,459,462,-1,2,462,463,-1,464,465,466,-1,466,465,467,-1,466,467,457,-1,457,467,468,-1,457,468,458,-1,463,469,2,-1,2,469,470,-1,2,470,0,-1,471,472,473,-1,471,473,474,-1,472,475,473,-1,473,475,476,-1,473,476,466,-1,466,476,477,-1,466,477,464,-1,478,479,480,-1,480,479,481,-1,480,481,482,-1,482,481,483,-1,482,483,484,-1,484,483,485,-1,484,485,486,-1,487,488,489,-1,489,488,490,-1,489,490,479,-1,479,490,491,-1,479,491,481,-1,481,491,492,-1,481,492,493,-1,493,492,494,-1,493,494,495,-1,495,494,496,-1,26,18,21,-1,21,18,20,-1,21,20,497,-1,497,20,248,-1,497,248,498,-1,250,252,248,-1,248,252,499,-1,248,499,498,-1,497,500,21,-1,21,500,501,-1,21,501,252,-1,252,501,502,-1,252,502,499,-1,503,504,505,-1,505,504,506,-1,505,506,91,-1,91,506,17,-1,17,506,507,-1,17,507,508,-1,509,510,511,-1,511,512,509,-1,509,512,508,-1,509,508,513,-1,513,508,507,-1,514,515,516,-1,516,515,503,-1,19,15,20,-1,20,15,17,-1,20,17,248,-1,248,17,508,-1,248,508,14,-1,14,508,262,-1,14,262,255,-1,255,262,261,-1,330,346,325,-1,325,346,262,-1,325,262,505,-1,505,262,508,-1,505,508,503,-1,503,508,512,-1,503,512,516,-1,363,327,364,-1,364,327,325,-1,364,325,517,-1,517,325,505,-1,517,505,77,-1,77,505,91,-1,77,91,75,-1,75,91,116,-1,75,116,126,-1,345,518,323,-1,323,518,367,-1,323,367,321,-1,321,367,366,-1,321,366,380,-1,380,366,461,-1,380,461,378,-1,378,461,460,-1,269,263,267,-1,267,263,264,-1,267,264,197,-1,197,264,387,-1,197,387,198,-1,198,387,396,-1,198,396,189,-1,189,396,446,-1,189,446,177,-1,519,520,181,-1,521,522,177,-1,177,522,523,-1,177,523,524,-1,284,187,181,-1,181,187,525,-1,181,525,519,-1,524,526,177,-1,177,526,527,-1,177,527,189,-1,189,527,528,-1,189,528,187,-1,187,528,529,-1,187,529,525,-1,520,530,181,-1,181,530,531,-1,181,531,532,-1,532,533,181,-1,181,533,534,-1,181,534,177,-1,177,534,535,-1,177,535,521,-1,178,441,480,-1,480,441,440,-1,480,440,478,-1,536,537,538,-1,539,540,541,-1,541,540,542,-1,541,542,543,-1,543,544,541,-1,541,544,545,-1,541,545,482,-1,482,545,546,-1,482,546,480,-1,480,546,547,-1,480,547,548,-1,549,179,171,-1,171,179,178,-1,171,178,169,-1,169,178,480,-1,169,480,538,-1,538,480,548,-1,538,548,536,-1,537,550,538,-1,538,550,551,-1,538,551,552,-1,552,553,538,-1,538,553,554,-1,538,554,541,-1,541,554,555,-1,541,555,539,-1,556,557,541,-1,558,559,560,-1,541,557,538,-1,538,557,561,-1,538,561,562,-1,560,556,558,-1,558,556,541,-1,558,541,563,-1,563,541,278,-1,563,278,562,-1,562,278,273,-1,562,273,538,-1,538,273,271,-1,538,271,169,-1,169,271,11,-1,169,11,173,-1,173,11,10,-1,173,10,288,-1,180,175,178,-1,178,175,177,-1,178,177,441,-1,441,177,446,-1,441,446,439,-1,439,446,445,-1,439,445,486,-1,486,445,474,-1,486,474,484,-1,484,474,473,-1,484,473,482,-1,482,473,564,-1,482,564,541,-1,541,564,565,-1,541,565,278,-1,278,565,566,-1,278,566,275,-1,275,566,567,-1,80,70,77,-1,77,70,72,-1,77,72,517,-1,517,72,568,-1,517,568,364,-1,364,568,569,-1,364,569,366,-1,366,569,570,-1,366,570,461,-1,461,570,571,-1,461,571,457,-1,457,571,572,-1,457,572,466,-1,466,572,573,-1,466,573,473,-1,473,573,574,-1,473,574,564,-1,564,574,575,-1,564,575,565,-1,565,575,576,-1,565,576,566,-1,566,576,577,-1,566,577,567,-1,567,577,578,-1,579,580,581,-1,582,9,277,-1,583,584,585,-1,585,584,586,-1,585,586,587,-1,581,588,579,-1,579,588,589,-1,579,589,590,-1,590,589,591,-1,590,591,592,-1,593,594,595,-1,595,594,277,-1,587,596,585,-1,585,596,597,-1,585,597,588,-1,588,597,598,-1,588,598,589,-1,315,314,599,-1,600,601,602,-1,602,601,603,-1,602,603,604,-1,604,603,605,-1,604,605,606,-1,606,605,607,-1,606,607,608,-1,608,607,609,-1,608,609,591,-1,591,609,593,-1,591,593,592,-1,592,593,595,-1,277,594,582,-1,582,594,610,-1,582,610,599,-1,599,610,611,-1,599,611,612,-1,612,613,599,-1,599,613,614,-1,599,614,315,-1,
        ]
    }
}
Shape{
    appearance Appearance {
        material  Material 	{
            diffuseColor 0.8509803921568627 0.8509803921568627 0.8509803921568627
            specularColor 0.4235294117647059 0.4235294117647059 0.4235294117647059
            ambientIntensity 0.851
            transparency 0.0
            shininess 0.5
        }
    }
    geometry IndexedFaceSet {
        ccw TRUE
        solid FALSE
        coord DEF co Coordinate {
            point [
                0.7163 -0.4646 -0.8661, 0.4644 -0.4646 -0.8661, 0.7163 -0.4646 0.1929, 0.4644 -0.4646 0.1929, 0.7163 -0.4646 0.4488, 0.4644 -0.4646 0.4488
            ]
        }
        coordIndex [
            0,1,2,-1,2,1,3,-1,2,3,4,-1,4,3,5,-1,
        ]
    }
}
Shape{
    appearance Appearance {
        material  Material 	{
            diffuseColor 0.2235294117647059 0.2235294117647059 0.2235294117647059
            specularColor 0.11372549019607843 0.11372549019607843 0.11372549019607843
            ambientIntensity 0.2235
            transparency 0.0
            shininess 0.5
        }
    }
    geometry IndexedFaceSet {
        ccw TRUE
        solid FALSE
        coord DEF co Coordinate {
            point [
                1.8797 -2.7835 0.6181, 1.8994 -2.7835 0.6181, 1.8797 -2.7835 0.6772, 1.8994 -2.7835 0.6772, 1.8797 -3.1755 0.6181, 1.8797 -3.2559 0.6772, 1.8797 -3.2559 0.6181, 1.8797 -3.1855 0.5591, 1.8797 -3.1051 0.5591, 1.8994 -3.2559 0.6772, 1.8994 -3.2559 0.6181, 1.8994 -3.1855 0.5591, 1.8994 -3.1051 0.5591, 1.8994 -3.1755 0.6181, 1.8994 -2.8543 0.6181, 1.8994 -2.8543 0.6772, -1.9982 -2.0748 1.3169, -1.9982 -2.0748 1.1102, -1.3547 -2.0748 1.3169, -1.3547 -2.0748 1.1102, -1.5061 -0.7008 1.937, -1.5061 -0.4646 1.937, -1.5061 -0.7008 1.1496, -1.5061 -0.4646 1.1496, -1.9982 -0.7008 1.1496, -1.9982 -0.4646 1.1496, -1.9982 -0.7008 1.937, -1.9982 -0.4646 1.937, 0.2369 -2.4947 -1.2598, 0.1868 -2.5008 -1.2598, 0.1868 -2.0818 -1.2598, 0.2369 -2.0879 -1.2598, 0.2842 -2.1058 -1.2598, 0.3257 -2.4481 -1.2598, 0.2842 -2.4768 -1.2598, 0.3827 -2.3656 -1.2598, 0.3592 -2.1723 -1.2598, 0.3948 -2.3166 -1.2598, 0.3827 -2.217 -1.2598, 0.3948 -2.2661 -1.2598, 0.3257 -2.1345 -1.2598, 0.3592 -2.4103 -1.2598, 0.2629 -2.0073 -1.2106, 0.3238 -2.0304 -1.2106, 0.3165 -2.0442 -1.231, 0.3335 -2.0371 -1.2106, 0.3823 -2.0707 -1.2106, 0.3719 -2.0824 -1.231, 0.394 -2.084 -1.2106, 0.4294 -2.1239 -1.2106, 0.4165 -2.1328 -1.231, 0.4404 -2.1449 -1.2106, 0.4624 -2.1868 -1.2106, 0.4478 -2.1924 -1.231, 0.4404 -2.4378 -1.2106, 0.4294 -2.4588 -1.2106, 0.4165 -2.4499 -1.231, 0.394 -2.4987 -1.2106, 0.3823 -2.5119 -1.2106, 0.3719 -2.5002 -1.231, 0.3335 -2.5456 -1.2106, 0.3238 -2.5523 -1.2106, 0.3165 -2.5385 -1.231, 0.2629 -2.5754 -1.2106, 0.2573 -2.5775 -1.2106, 0.2536 -2.5623 -1.231, 0.4065 -2.3747 -1.2565, 0.3802 -2.4248 -1.2565, 0.3997 -2.4383 -1.2467, 0.3426 -2.4672 -1.2565, 0.3584 -2.485 -1.2467, 0.4436 -2.3225 -1.2467, 0.4639 -2.325 -1.231, 0.4478 -2.3903 -1.231, 0.1868 -2.5263 -1.2565, 0.243 -2.5195 -1.2565, 0.1868 -2.55 -1.2467, 0.2487 -2.5425 -1.2467, 0.1868 -2.5704 -1.231, 0.1868 -2.5861 -1.2106, 0.307 -2.5204 -1.2467, 0.296 -2.4994 -1.2565, 0.4201 -2.3197 -1.2565, 0.4287 -2.3831 -1.2467, 0.4624 -2.3959 -1.2106, 0.4695 -2.2156 -1.2106, 0.4794 -2.2558 -1.2106, 0.4639 -2.2577 -1.231, 0.4436 -2.2602 -1.2467, 0.4201 -2.263 -1.2565, 0.4794 -2.2913 -1.2106, 0.4794 -2.3269 -1.2106, 0.4695 -2.3671 -1.2106, 0.4287 -2.1996 -1.2467, 0.4065 -2.208 -1.2565, 0.3997 -2.1444 -1.2467, 0.3802 -2.1579 -1.2565, 0.3584 -2.0977 -1.2467, 0.3426 -2.1155 -1.2565, 0.307 -2.0623 -1.2467, 0.296 -2.0833 -1.2565, 0.2573 -2.0052 -1.2106, 0.2536 -2.0204 -1.231, 0.2487 -2.0401 -1.2467, 0.243 -2.0632 -1.2565, 0.1868 -2.0564 -1.2565, 0.1868 -2.0326 -1.2467, 0.1868 -2.0122 -1.231, 0.1868 -1.9966 -1.2106, -1.5061 -0.2008 0.1929, -1.5061 -0.8307 0.1929, -1.5061 -0.2008 -0.0079, -1.5061 -0.8307 -0.0079, 1.5057 -0.7008 1.1496, 1.5057 -0.7008 1.937, 1.9978 -0.7008 1.1496, 1.9978 -0.7008 1.937, 1.9978 -0.4646 1.1496, 1.5057 -0.4646 1.1496, 1.5057 -0.4646 1.937, 1.9978 -0.4646 1.937, -1.3093 -0.8898 2.7933, -1.3093 -0.8898 2.8937, 1.3089 -0.8898 2.7933, 1.3089 -0.8898 2.8937, 1.3089 -0.2008 2.8937, 1.3089 -0.2008 2.7933
            ]
        }
        coordIndex [
            0,1,2,-1,2,1,3,-1,0,2,4,-1,4,2,5,-1,5,6,4,-1,4,6,7,-1,4,7,8,-1,5,9,6,-1,6,9,10,-1,6,10,7,-1,7,10,11,-1,7,11,8,-1,8,11,12,-1,8,12,4,-1,4,12,13,-1,1,0,14,-1,14,0,4,-1,14,4,13,-1,1,14,3,-1,3,14,15,-1,9,5,15,-1,15,5,2,-1,15,2,3,-1,16,17,18,-1,18,17,19,-1,20,21,22,-1,22,21,23,-1,22,23,24,-1,24,23,25,-1,24,26,22,-1,22,26,20,-1,26,27,20,-1,20,27,21,-1,28,29,30,-1,31,32,33,-1,31,33,30,-1,30,33,34,-1,30,34,28,-1,35,36,37,-1,37,36,38,-1,37,38,39,-1,32,40,33,-1,33,40,36,-1,33,36,41,-1,41,36,35,-1,42,43,44,-1,45,46,47,-1,48,49,50,-1,51,52,53,-1,54,55,56,-1,57,58,59,-1,60,61,62,-1,63,64,65,-1,66,35,37,-1,41,35,67,-1,67,35,66,-1,67,66,68,-1,33,41,69,-1,69,41,67,-1,69,67,70,-1,70,67,68,-1,70,68,59,-1,71,72,73,-1,29,28,74,-1,74,28,75,-1,74,75,76,-1,76,75,77,-1,76,77,78,-1,78,77,65,-1,78,65,79,-1,79,65,64,-1,61,63,62,-1,62,63,65,-1,62,65,80,-1,80,65,77,-1,80,77,81,-1,81,77,75,-1,81,75,34,-1,34,75,28,-1,58,60,59,-1,59,60,62,-1,59,62,70,-1,70,62,80,-1,70,80,69,-1,69,80,81,-1,69,81,33,-1,33,81,34,-1,37,82,66,-1,66,82,83,-1,66,83,68,-1,68,83,56,-1,68,56,59,-1,59,56,55,-1,59,55,57,-1,82,71,83,-1,83,71,73,-1,83,73,56,-1,56,73,84,-1,56,84,54,-1,85,86,87,-1,87,86,72,-1,87,72,88,-1,88,72,71,-1,88,71,89,-1,89,71,82,-1,89,82,39,-1,39,82,37,-1,86,90,72,-1,72,90,91,-1,72,91,73,-1,73,91,92,-1,73,92,84,-1,52,85,53,-1,53,85,87,-1,53,87,93,-1,93,87,88,-1,93,88,94,-1,94,88,89,-1,94,89,38,-1,38,89,39,-1,49,51,50,-1,50,51,53,-1,50,53,95,-1,95,53,93,-1,95,93,96,-1,96,93,94,-1,96,94,36,-1,36,94,38,-1,46,48,47,-1,47,48,50,-1,47,50,97,-1,97,50,95,-1,97,95,98,-1,98,95,96,-1,98,96,40,-1,40,96,36,-1,43,45,44,-1,44,45,47,-1,44,47,99,-1,99,47,97,-1,99,97,100,-1,100,97,98,-1,100,98,32,-1,32,98,40,-1,101,42,102,-1,102,42,44,-1,102,44,103,-1,103,44,99,-1,103,99,104,-1,104,99,100,-1,104,100,31,-1,31,100,32,-1,31,30,104,-1,104,30,105,-1,104,105,103,-1,103,105,106,-1,103,106,102,-1,102,106,107,-1,102,107,101,-1,101,107,108,-1,109,110,111,-1,111,110,112,-1,113,114,115,-1,115,114,116,-1,115,117,113,-1,113,117,118,-1,118,119,113,-1,113,119,114,-1,114,119,116,-1,116,119,120,-1,121,122,123,-1,123,122,124,-1,124,125,123,-1,123,125,126,-1,
        ]
    }
}
Shape{
    appearance Appearance {
        material  Material 	{
            diffuseColor 0.8509803921568627 0.8509803921568627 0.8509803921568627
            specularColor 0.4235294117647059 0.4235294117647059 0.4235294117647059
            ambientIntensity 0.851
            transparency 0.0
            shininess 0.5
        }
    }
    geometry IndexedFaceSet {
        ccw TRUE
        solid FALSE
        coord DEF co Coordinate {
            point [
                -0.7167 -0.4646 -0.8661, -0.4648 -0.4646 -0.8661, -0.6459 -0.5354 -1.2598, -0.5356 -0.5354 -1.2598, -0.5356 -0.6457 -1.2598, -0.6459 -0.6457 -1.2598, -0.4648 -0.7165 -0.8661
            ]
        }
        coordIndex [
            0,1,2,-1,2,1,3,-1,4,5,3,-1,3,5,2,-1,6,4,1,-1,1,4,3,-1,
        ]
    }
}
Shape{
    appearance Appearance {
        material  Material 	{
            diffuseColor 0.2235294117647059 0.2235294117647059 0.2235294117647059
            specularColor 0.11372549019607843 0.11372549019607843 0.11372549019607843
            ambientIntensity 0.2235
            transparency 0.0
            shininess 0.5
        }
    }
    geometry IndexedFaceSet {
        ccw TRUE
        solid FALSE
        coord DEF co Coordinate {
            point [
                -0.2929 -1.8976 -1.0137, -0.1872 -1.8976 -0.6968, -0.2449 -1.8976 -1.0319, -0.1872 -1.8976 -1.0392, -0.5142 -1.8976 -0.8346, -0.5142 -1.8976 -0.6968, -0.4158 -1.8976 -0.9308, -0.3064 -1.8976 -1.0086, -0.4013 -1.8976 -0.9449, 0.2445 -1.8976 -1.0319, 0.1868 -1.8976 -1.0392, 0.1868 -1.8976 -0.6968, 0.5138 -1.8976 -0.6968, 0.5138 -1.8976 -0.8346, 0.4154 -1.8976 -0.9308, 0.4009 -1.8976 -0.9449, 0.306 -1.8976 -1.0086, 0.2925 -1.8976 -1.0137, -0.1872 -2.5008 -1.2598, -0.2373 -2.4947 -1.2598, -0.1872 -2.0818 -1.2598, -0.2846 -2.4768 -1.2598, -0.3261 -2.4481 -1.2598, -0.3596 -2.4103 -1.2598, -0.3831 -2.3656 -1.2598, -0.3952 -2.3166 -1.2598, -0.3952 -2.2661 -1.2598, -0.3831 -2.217 -1.2598, -0.3596 -2.1723 -1.2598, -0.3261 -2.1345 -1.2598, -0.2846 -2.1058 -1.2598, -0.2373 -2.0879 -1.2598, -0.1872 -2.5263 -1.2565, -0.2434 -2.5195 -1.2565, -0.1872 -2.55 -1.2467, -0.2491 -2.5425 -1.2467, -0.1872 -2.5704 -1.231, -0.254 -2.5623 -1.231, -0.1872 -2.5861 -1.2106, -0.2577 -2.5775 -1.2106, -0.2633 -2.5754 -1.2106, -0.3169 -2.5385 -1.231, -0.3242 -2.5523 -1.2106, -0.3339 -2.5456 -1.2106, -0.3723 -2.5002 -1.231, -0.3827 -2.5119 -1.2106, -0.3944 -2.4987 -1.2106, -0.4169 -2.4499 -1.231, -0.4298 -2.4588 -1.2106, -0.4408 -2.4378 -1.2106, -0.4482 -2.3903 -1.231, -0.4628 -2.3959 -1.2106, -0.4699 -2.3671 -1.2106, -0.4643 -2.325 -1.231, -0.4798 -2.3269 -1.2106, -0.4643 -2.2577 -1.231, -0.4798 -2.2913 -1.2106, -0.4798 -2.2558 -1.2106, -0.4482 -2.1924 -1.231, -0.4699 -2.2156 -1.2106, -0.4628 -2.1868 -1.2106, -0.4169 -2.1328 -1.231, -0.4408 -2.1449 -1.2106, -0.4298 -2.1239 -1.2106, -0.3723 -2.0824 -1.231, -0.3944 -2.084 -1.2106, -0.3827 -2.0707 -1.2106, -0.3339 -2.0371 -1.2106, -0.3169 -2.0442 -1.231, -0.3242 -2.0304 -1.2106, -0.2633 -2.0073 -1.2106, -0.254 -2.0204 -1.231, -0.2577 -2.0052 -1.2106, -0.1872 -1.9966 -1.2106, -0.1872 -2.0122 -1.231, -0.3074 -2.5204 -1.2467, -0.3588 -2.485 -1.2467, -0.4001 -2.4383 -1.2467, -0.4291 -2.3831 -1.2467, -0.444 -2.3225 -1.2467, -0.444 -2.2602 -1.2467, -0.4291 -2.1996 -1.2467, -0.4001 -2.1444 -1.2467, -0.3588 -2.0977 -1.2467, -0.3074 -2.0623 -1.2467, -0.2491 -2.0401 -1.2467, -0.1872 -2.0326 -1.2467, -0.2964 -2.4994 -1.2565, -0.343 -2.4672 -1.2565, -0.3806 -2.4248 -1.2565, -0.4069 -2.3747 -1.2565, -0.4205 -2.3197 -1.2565, -0.4205 -2.263 -1.2565, -0.4069 -2.208 -1.2565, -0.3806 -2.1579 -1.2565, -0.343 -2.1155 -1.2565, -0.2964 -2.0833 -1.2565, -0.2434 -2.0632 -1.2565, -0.1872 -2.0564 -1.2565, -0.1872 -2.685 -1.0392, -0.2386 -2.685 -1.0334, -0.2929 -2.685 -1.0141, -0.302 -2.685 -1.0108, -0.2449 -1.8976 -1.0319, -0.3902 -2.685 -0.9539, -0.4168 -2.685 -0.9284, -0.5142 -2.685 -0.8346, -0.5491 -2.6532 -0.8346, -0.5984 -2.589 -0.8346, -0.6304 -2.5472 -0.8346, -0.6593 -2.4777 -0.8346, -0.6816 -2.4238 -0.8346, -0.6907 -2.3548 -0.8346, -0.699 -2.2913 -0.8346, -0.6907 -2.2279 -0.8346, -0.6816 -2.1589 -0.8346, -0.6593 -2.105 -0.8346, -0.6304 -2.0354 -0.8346, -0.5984 -1.9936 -0.8346, -0.5491 -1.9294 -0.8346, -0.5142 -2.685 -0.6968, -0.6017 -2.5916 -0.6968, -0.6632 -2.4793 -0.6968, -0.695 -2.3553 -0.6968, -0.695 -2.2273 -0.6968, -0.6632 -2.1033 -0.6968, -0.6017 -1.9911 -0.6968, -0.1872 -2.685 -0.6968, -0.2891 -2.6716 -0.6968, -0.4656 -2.0129 -0.6968, -0.3841 -1.9504 -0.6968, -0.2891 -1.911 -0.6968, -0.3841 -2.6323 -0.6968, -0.4656 -2.5697 -0.6968, -0.5282 -2.4882 -0.6968, -0.5675 -2.3932 -0.6968, -0.5809 -2.2913 -0.6968, -0.5282 -2.0945 -0.6968, -0.5675 -2.1894 -0.6968, -0.1872 -2.685 -0.0079, -0.2891 -2.6716 -0.0079, -0.3841 -2.6323 -0.0079, -0.4656 -2.5697 -0.0079, -0.5282 -2.4882 -0.0079, -0.5675 -2.3932 -0.0079, -0.5809 -2.2913 -0.0079, -0.5675 -2.1894 -0.0079, -0.5282 -2.0945 -0.0079, -0.4656 -2.0129 -0.0079, -0.3841 -1.9504 -0.0079, -0.2891 -1.911 -0.0079, -0.1872 -1.8976 -0.0079, -0.5809 -3.5472 -0.0079, -0.1872 -3.5472 -0.0079, -0.5809 -3.5472 0.1929, -0.1872 -3.5472 0.1929, -0.5809 -0.7165 0.1929, -0.5809 -0.7165 -0.0079, -0.4648 -0.7126 0.1929, -0.1872 -0.7126 0.1929, -0.4648 -0.7126 -0.0079, -0.1872 -0.7126 -0.0079, -0.4648 -0.7165 -0.0079
            ]
        }
        coordIndex [
            0,1,2,-1,2,1,3,-1,4,5,6,-1,6,5,1,-1,0,7,1,-1,1,7,8,-1,1,8,6,-1,9,10,11,-1,12,13,11,-1,11,13,14,-1,11,14,15,-1,15,16,11,-1,11,16,17,-1,11,17,9,-1,18,19,20,-1,20,19,21,-1,20,21,22,-1,22,23,20,-1,20,23,24,-1,20,24,25,-1,25,26,20,-1,20,26,27,-1,20,27,28,-1,28,29,20,-1,20,29,30,-1,20,30,31,-1,18,32,33,-1,32,34,35,-1,34,36,37,-1,36,38,39,-1,36,39,37,-1,37,39,40,-1,37,40,41,-1,40,42,41,-1,41,42,43,-1,41,43,44,-1,43,45,44,-1,44,45,46,-1,44,46,47,-1,46,48,47,-1,47,48,49,-1,47,49,50,-1,49,51,50,-1,50,51,52,-1,50,52,53,-1,53,52,54,-1,53,54,55,-1,54,56,55,-1,55,56,57,-1,55,57,58,-1,57,59,58,-1,58,59,60,-1,58,60,61,-1,60,62,61,-1,61,62,63,-1,61,63,64,-1,64,63,65,-1,65,66,64,-1,64,66,67,-1,64,67,68,-1,67,69,68,-1,68,69,70,-1,68,70,71,-1,70,72,71,-1,71,72,73,-1,71,73,74,-1,34,37,35,-1,35,37,41,-1,35,41,75,-1,75,41,44,-1,75,44,76,-1,76,44,47,-1,76,47,77,-1,77,47,50,-1,77,50,78,-1,78,50,53,-1,78,53,79,-1,79,53,55,-1,79,55,80,-1,80,55,58,-1,80,58,81,-1,81,58,61,-1,81,61,82,-1,82,61,64,-1,82,64,83,-1,83,64,68,-1,83,68,84,-1,84,68,71,-1,84,71,85,-1,85,71,74,-1,85,74,86,-1,32,35,33,-1,33,35,75,-1,33,75,87,-1,87,75,76,-1,87,76,88,-1,88,76,77,-1,88,77,89,-1,89,77,78,-1,89,78,90,-1,90,78,79,-1,90,79,91,-1,91,79,80,-1,91,80,92,-1,92,80,81,-1,92,81,93,-1,93,81,82,-1,93,82,94,-1,94,82,83,-1,94,83,95,-1,95,83,84,-1,95,84,96,-1,96,84,85,-1,96,85,97,-1,97,85,86,-1,97,86,98,-1,18,33,19,-1,19,33,87,-1,19,87,21,-1,21,87,88,-1,21,88,22,-1,22,88,89,-1,22,89,23,-1,23,89,90,-1,23,90,24,-1,24,90,91,-1,24,91,25,-1,25,91,92,-1,25,92,26,-1,26,92,93,-1,26,93,27,-1,27,93,94,-1,27,94,28,-1,28,94,95,-1,28,95,29,-1,29,95,96,-1,29,96,30,-1,30,96,97,-1,30,97,31,-1,31,97,98,-1,31,98,20,-1,38,99,39,-1,39,99,100,-1,39,100,40,-1,40,100,101,-1,40,101,42,-1,42,101,102,-1,42,102,43,-1,70,0,103,-1,3,73,103,-1,103,73,72,-1,103,72,70,-1,8,7,67,-1,0,70,7,-1,7,70,69,-1,7,69,67,-1,102,104,43,-1,43,104,105,-1,43,105,45,-1,45,105,106,-1,45,106,46,-1,46,106,107,-1,46,107,48,-1,48,107,108,-1,48,108,49,-1,49,108,109,-1,49,109,51,-1,51,109,110,-1,51,110,52,-1,52,110,111,-1,52,111,54,-1,54,111,112,-1,54,112,56,-1,56,112,113,-1,56,113,57,-1,57,113,114,-1,57,114,59,-1,59,114,115,-1,59,115,60,-1,60,115,116,-1,60,116,62,-1,62,116,117,-1,62,117,63,-1,63,117,118,-1,63,118,65,-1,65,118,119,-1,65,119,66,-1,66,119,4,-1,66,4,67,-1,67,4,6,-1,67,6,8,-1,106,120,107,-1,107,120,121,-1,107,121,108,-1,108,121,109,-1,109,121,122,-1,109,122,110,-1,110,122,111,-1,111,122,123,-1,111,123,112,-1,112,123,113,-1,113,123,124,-1,113,124,114,-1,114,124,115,-1,115,124,125,-1,115,125,116,-1,116,125,117,-1,117,125,126,-1,117,126,118,-1,118,126,119,-1,119,126,5,-1,119,5,4,-1,120,127,128,-1,129,130,5,-1,5,130,131,-1,5,131,1,-1,128,132,120,-1,120,132,133,-1,120,133,121,-1,121,133,134,-1,121,134,122,-1,122,134,135,-1,122,135,123,-1,123,135,136,-1,129,5,137,-1,137,5,126,-1,137,126,138,-1,138,126,125,-1,138,125,136,-1,136,125,124,-1,136,124,123,-1,127,139,140,-1,127,140,128,-1,128,140,141,-1,128,141,132,-1,132,141,142,-1,132,142,133,-1,133,142,143,-1,133,143,134,-1,134,143,144,-1,134,144,135,-1,135,144,145,-1,135,145,136,-1,136,145,146,-1,136,146,138,-1,138,146,147,-1,138,147,137,-1,137,147,148,-1,137,148,129,-1,129,148,149,-1,129,149,130,-1,130,149,150,-1,130,150,131,-1,131,150,151,-1,131,151,1,-1,152,153,154,-1,154,153,155,-1,152,154,145,-1,145,154,156,-1,145,156,157,-1,158,159,160,-1,160,159,161,-1,145,144,152,-1,152,144,143,-1,152,143,142,-1,139,153,140,-1,140,153,152,-1,140,152,141,-1,141,152,142,-1,157,149,148,-1,160,161,162,-1,162,161,151,-1,162,151,157,-1,157,151,150,-1,157,150,149,-1,148,147,157,-1,157,147,146,-1,157,146,145,-1,
        ]
    }
}
Shape{
    appearance Appearance {
        material  Material 	{
            diffuseColor 0.8509803921568627 0.8509803921568627 0.8509803921568627
            specularColor 0.4235294117647059 0.4235294117647059 0.4235294117647059
            ambientIntensity 0.851
            transparency 0.0
            shininess 0.5
        }
    }
    geometry IndexedFaceSet {
        ccw TRUE
        solid FALSE
        coord DEF co Coordinate {
            point [
                -0.5809 -0.7165 0.1929, -0.7167 -0.7165 0.1929, -0.5809 -0.7165 -0.0079, -0.7167 -0.7165 -0.8661, -0.4648 -0.7165 -0.0079, -0.4648 -0.7165 -0.8661, -0.5356 -0.6457 -1.2598, -0.6459 -0.6457 -1.2598, -0.6459 -0.5354 -1.2598, -0.7167 -0.4646 -0.8661, -0.4648 0.7165 2.1689, -0.4648 0.7165 -0.8661, -0.7167 0.7165 2.1689, -0.7167 0.7165 -0.8661, -0.5356 0.6457 -1.2598, -0.6459 0.6457 -1.2598, -0.6459 0.5354 -1.2598, -0.5356 0.5354 -1.2598, -0.4648 0.4646 -0.8661
            ]
        }
        coordIndex [
            0,1,2,-1,2,1,3,-1,2,3,4,-1,4,3,5,-1,6,5,7,-1,7,5,3,-1,7,3,8,-1,8,3,9,-1,10,11,12,-1,12,11,13,-1,11,14,13,-1,13,14,15,-1,16,15,17,-1,17,15,14,-1,18,17,11,-1,11,17,14,-1,
        ]
    }
}
Shape{
    appearance Appearance {
        material  Material 	{
            diffuseColor 0.2235294117647059 0.2235294117647059 0.2235294117647059
            specularColor 0.11372549019607843 0.11372549019607843 0.11372549019607843
            ambientIntensity 0.2235
            transparency 0.0
            shininess 0.5
        }
    }
    geometry IndexedFaceSet {
        ccw TRUE
        solid FALSE
        coord DEF co Coordinate {
            point [
                -0.4648 -0.7126 1.9169, -0.7167 -0.7126 1.9169, -0.4648 -0.4646 1.9169, -0.7167 -0.4646 1.9169, -0.4648 0.4646 1.9169, -0.7167 0.4646 1.9169
            ]
        }
        coordIndex [
            0,1,2,-1,2,1,3,-1,2,3,4,-1,4,3,5,-1,
        ]
    }
}
Shape{
    appearance Appearance {
        material  Material 	{
            diffuseColor 0.8509803921568627 0.8509803921568627 0.8509803921568627
            specularColor 0.4235294117647059 0.4235294117647059 0.4235294117647059
            ambientIntensity 0.851
            transparency 0.0
            shininess 0.5
        }
    }
    geometry IndexedFaceSet {
        ccw TRUE
        solid FALSE
        coord DEF co Coordinate {
            point [
                -0.7167 0.4646 1.9169, -0.7167 0.4646 -0.8661, -0.4648 0.4646 1.9169, -0.4648 0.4646 -0.8661, -0.5356 0.5354 -1.2598, -0.6459 0.5354 -1.2598, -0.6459 0.6457 -1.2598, -0.7167 0.7165 -0.8661, -0.7167 -1.5039 2.2598, -0.7167 -2.7638 2.2598, -0.4648 -1.5039 2.2598, -0.4648 -2.7638 2.2598, -0.4648 -2.7638 1.0787, -0.5356 -3.1575 1.0079, -0.4648 -2.7638 0.8268, -0.5356 -3.1575 0.8976, -0.6459 -3.1575 1.0079, -0.7167 -2.7638 1.0787, -0.6459 -3.1575 0.8976, -0.7167 -2.7638 0.8268, -0.4648 -1.5039 0.8268, -0.7167 -1.5039 0.8268
            ]
        }
        coordIndex [
            0,1,2,-1,2,1,3,-1,4,3,5,-1,5,3,1,-1,5,1,6,-1,6,1,7,-1,8,9,10,-1,10,9,11,-1,12,13,14,-1,14,13,15,-1,13,12,16,-1,16,12,17,-1,16,17,18,-1,18,17,19,-1,16,18,13,-1,13,18,15,-1,14,15,19,-1,19,15,18,-1,20,14,21,-1,21,14,19,-1,
        ]
    }
}
Shape{
    appearance Appearance {
        material  Material 	{
            diffuseColor 0.2235294117647059 0.2235294117647059 0.2235294117647059
            specularColor 0.11372549019607843 0.11372549019607843 0.11372549019607843
            ambientIntensity 0.2235
            transparency 0.0
            shininess 0.5
        }
    }
    geometry IndexedFaceSet {
        ccw TRUE
        solid FALSE
        coord DEF co Coordinate {
            point [
                0.4644 -0.4646 2.1732, -0.4648 -0.4646 2.1732, 0.4644 -0.2008 2.1732, -0.4648 -0.2008 2.1732, -1.9982 -0.2008 2.1732, -0.7167 -0.2008 2.1732, -1.9982 -0.4646 2.1732, -0.7167 -0.4646 2.1732, 1.9978 -0.4646 2.1732, 0.7163 -0.4646 2.1732, 1.9978 -0.2008 2.1732, 0.7163 -0.2008 2.1732, 0.4644 -0.7126 -0.0079, 0.1868 -0.7126 -0.0079, 0.4644 -0.7126 0.1929, 0.1868 -0.7126 0.1929
            ]
        }
        coordIndex [
            0,1,2,-1,2,1,3,-1,4,5,6,-1,6,5,7,-1,8,9,10,-1,10,9,11,-1,12,13,14,-1,14,13,15,-1,
        ]
    }
}
Shape{
    appearance Appearance {
        material  Material 	{
            diffuseColor 0.8509803921568627 0.8509803921568627 0.8509803921568627
            specularColor 0.4235294117647059 0.4235294117647059 0.4235294117647059
            ambientIntensity 0.851
            transparency 0.0
            shininess 0.5
        }
    }
    geometry IndexedFaceSet {
        ccw TRUE
        solid FALSE
        coord DEF co Coordinate {
            point [
                0.4644 -0.4646 -0.8661, 0.7163 -0.4646 -0.8661, 0.5352 -0.5354 -1.2598, 0.6455 -0.5354 -1.2598, 0.6455 -0.6457 -1.2598, 0.5352 -0.6457 -1.2598, 0.7163 -0.7165 -0.8661, 0.4644 -0.7165 -0.8661, 0.7163 0.7165 2.1689, 0.7163 0.7165 -0.8661, 0.4644 0.7165 2.1689, 0.4644 0.7165 -0.8661, 0.6455 0.6457 -1.2598, 0.5352 0.6457 -1.2598, 0.5352 0.5354 -1.2598, 0.6455 0.5354 -1.2598, 0.7163 0.4646 -0.8661
            ]
        }
        coordIndex [
            0,1,2,-1,2,1,3,-1,4,5,3,-1,3,5,2,-1,6,4,1,-1,1,4,3,-1,4,6,5,-1,5,6,7,-1,5,7,2,-1,2,7,0,-1,8,9,10,-1,10,9,11,-1,9,12,11,-1,11,12,13,-1,14,13,15,-1,15,13,12,-1,16,15,9,-1,9,15,12,-1,
        ]
    }
}
Shape{
    appearance Appearance {
        material  Material 	{
            diffuseColor 0.2235294117647059 0.2235294117647059 0.2235294117647059
            specularColor 0.11372549019607843 0.11372549019607843 0.11372549019607843
            ambientIntensity 0.2235
            transparency 0.0
            shininess 0.5
        }
    }
    geometry IndexedFaceSet {
        ccw TRUE
        solid FALSE
        coord DEF co Coordinate {
            point [
                0.7163 -0.7126 1.9169, 0.4644 -0.7126 1.9169, 0.7163 -0.4646 1.9169, 0.4644 -0.4646 1.9169, 0.7163 0.4646 1.9169, 0.4644 0.4646 1.9169
            ]
        }
        coordIndex [
            0,1,2,-1,2,1,3,-1,2,3,4,-1,4,3,5,-1,
        ]
    }
}
Shape{
    appearance Appearance {
        material  Material 	{
            diffuseColor 0.8509803921568627 0.8509803921568627 0.8509803921568627
            specularColor 0.4235294117647059 0.4235294117647059 0.4235294117647059
            ambientIntensity 0.851
            transparency 0.0
            shininess 0.5
        }
    }
    geometry IndexedFaceSet {
        ccw TRUE
        solid FALSE
        coord DEF co Coordinate {
            point [
                0.4644 0.4646 1.9169, 0.4644 0.4646 -0.8661, 0.7163 0.4646 1.9169, 0.7163 0.4646 -0.8661, 0.6455 0.5354 -1.2598, 0.5352 0.5354 -1.2598, 0.5352 0.6457 -1.2598, 0.4644 0.7165 -0.8661, 0.7163 -1.5039 0.8268, 0.7163 -2.7638 0.8268, 0.4644 -1.5039 0.8268, 0.4644 -2.7638 0.8268, 0.6455 -3.1575 0.8976, 0.5352 -3.1575 0.8976, 0.5352 -3.1575 1.0079, 0.6455 -3.1575 1.0079, 0.7163 -2.7638 1.0787, 0.4644 -2.7638 1.0787, 0.4644 -1.5039 2.2598, 0.4644 -2.7638 2.2598, 0.7163 -1.5039 2.2598, 0.7163 -2.7638 2.2598, 0.7163 -1.5039 2.0079, 0.7163 -2.7638 2.0079, 0.4644 -1.5039 2.0079, 0.4644 -2.7638 2.0079, 0.6455 -3.1575 2.0787, 0.5352 -3.1575 2.0787, 0.5352 -3.1575 2.189, 0.6455 -3.1575 2.189, 0.4644 -0.2008 1.6693, 0.7163 -0.2008 1.6693, 0.4644 -0.2008 1.4173, 0.7163 -0.2008 1.4173, 0.4644 -0.4646 1.4173, 0.7163 -0.4646 1.4173, 0.4644 -0.7126 1.4173, 0.7163 -0.7126 1.4173, 0.4644 -0.7126 0.1929, 0.4644 -0.4646 0.1929, 0.4644 -0.7126 -0.0079, 0.4644 -0.4646 -0.8661, 0.4644 -0.7165 -0.0079, 0.4644 -0.7165 -0.8661, 0.4644 -0.4646 1.9169, 0.4644 -0.4646 2.1689, 0.4644 0.7165 2.1689, 0.4644 -1.5039 1.0787, 0.4644 -0.4646 1.6693, 0.7163 0.7165 2.1689, 0.7163 -0.4646 2.1689, 0.7163 -0.7126 2.1689, 0.4644 -0.7126 2.1689
            ]
        }
        coordIndex [
            0,1,2,-1,2,1,3,-1,4,3,5,-1,5,3,1,-1,5,1,6,-1,6,1,7,-1,8,9,10,-1,10,9,11,-1,9,12,11,-1,11,12,13,-1,14,13,15,-1,15,13,12,-1,16,15,9,-1,9,15,12,-1,15,16,14,-1,14,16,17,-1,14,17,13,-1,13,17,11,-1,18,19,20,-1,20,19,21,-1,22,23,24,-1,24,23,25,-1,23,26,25,-1,25,26,27,-1,28,27,29,-1,29,27,26,-1,21,29,23,-1,23,29,26,-1,28,29,19,-1,19,29,21,-1,28,19,27,-1,27,19,25,-1,30,31,32,-1,32,31,33,-1,32,33,34,-1,34,33,35,-1,34,35,36,-1,36,35,37,-1,38,39,40,-1,40,39,41,-1,40,41,42,-1,42,41,43,-1,44,45,0,-1,0,45,46,-1,0,46,1,-1,1,46,7,-1,10,11,47,-1,47,11,17,-1,24,25,18,-1,18,25,19,-1,32,34,30,-1,30,34,48,-1,49,46,50,-1,50,46,45,-1,50,45,51,-1,51,45,52,-1,
        ]
    }
}
Shape{
    appearance Appearance {
        material  Material 	{
            diffuseColor 0.2235294117647059 0.2235294117647059 0.2235294117647059
            specularColor 0.11372549019607843 0.11372549019607843 0.11372549019607843
            ambientIntensity 0.2235
            transparency 0.0
            shininess 0.5
        }
    }
    geometry IndexedFaceSet {
        ccw TRUE
        solid FALSE
        coord DEF co Coordinate {
            point [
                0.4644 -0.7126 1.0787, 0.4644 -0.7126 1.4173, 0.7163 -0.7126 1.0787, 0.7163 -0.7126 1.4173, 0.7163 -0.7126 1.6693, 0.4644 -0.7126 1.6693, 0.7163 -0.7126 1.9169, 0.4644 -0.7126 1.9169, 0.7163 -0.7126 2.1689, 0.4644 -0.7126 2.1689, 0.7163 -0.7126 2.7933, 0.4644 -0.7126 2.7933, 0.4644 -0.4646 1.0787, 0.4644 -0.4646 1.4173, 0.4644 -0.4646 1.9169, 0.4644 -0.4646 1.6693, 0.4644 -0.2008 2.1732, 0.4644 -0.2008 2.7933, 0.4644 -0.4646 2.1732, 0.4644 -0.4646 2.1689, 0.4644 -0.2008 0.1929, 0.4644 -0.2008 0.4488, 0.4644 -0.4646 0.1929, 0.4644 -0.4646 0.4488
            ]
        }
        coordIndex [
            0,1,2,-1,2,1,3,-1,4,5,6,-1,6,5,7,-1,8,9,10,-1,10,9,11,-1,0,12,1,-1,1,12,13,-1,14,7,15,-1,15,7,5,-1,16,17,18,-1,18,17,11,-1,18,11,19,-1,19,11,9,-1,20,21,22,-1,22,21,23,-1,
        ]
    }
}
Shape{
    appearance Appearance {
        material  Material 	{
            diffuseColor 0.8509803921568627 0.8509803921568627 0.8509803921568627
            specularColor 0.4235294117647059 0.4235294117647059 0.4235294117647059
            ambientIntensity 0.851
            transparency 0.0
            shininess 0.5
        }
    }
    geometry IndexedFaceSet {
        ccw TRUE
        solid FALSE
        coord DEF co Coordinate {
            point [
                0.4644 -1.5039 1.0787, 0.4644 -2.7638 1.0787, 0.7163 -1.5039 1.0787, 0.7163 -2.7638 1.0787
            ]
        }
        coordIndex [
            0,1,2,-1,2,1,3,-1,
        ]
    }
}
Shape{
    appearance Appearance {
        material  Material 	{
            diffuseColor 0.2235294117647059 0.2235294117647059 0.2235294117647059
            specularColor 0.11372549019607843 0.11372549019607843 0.11372549019607843
            ambientIntensity 0.2235
            transparency 0.0
            shininess 0.5
        }
    }
    geometry IndexedFaceSet {
        ccw TRUE
        solid FALSE
        coord DEF co Coordinate {
            point [
                0.7163 -0.4646 1.0787, 0.4644 -0.4646 1.0787, 0.7163 -0.7126 1.0787, 0.4644 -0.7126 1.0787, -0.3663 -1.5039 1.6339, -0.3663 -4.1024 1.6339, -0.0907 -1.5039 1.9095, -0.0907 -4.1024 1.9095, -0.0907 -1.5039 2.6339, -0.0907 -4.1024 2.6339, -1.0907 -1.5039 2.6339, -1.0907 -4.1024 2.6339, -1.0907 -1.5039 1.6339, -1.0907 -4.1024 1.6339, -1.0907 -1.5039 0.7283, -1.0907 -4.1024 0.7283, -0.8152 -1.5039 0.4528, -0.8152 -4.1024 0.4528, -0.0907 -1.5039 0.4528, -0.0907 -4.1024 0.4528, -0.0907 -1.5039 1.4528, -0.0907 -4.1024 1.4528, -1.0907 -1.5039 1.4528, -1.0907 -4.1024 1.4528, 0.0904 -1.5039 1.4528, 0.0904 -4.1024 1.4528, 0.0904 -1.5039 0.4528, 0.0904 -4.1024 0.4528, 0.8148 -1.5039 0.4528, 0.8148 -4.1024 0.4528, 1.0904 -1.5039 0.7283, 1.0904 -4.1024 0.7283, 1.0904 -1.5039 1.4528, 1.0904 -4.1024 1.4528, 1.0904 -1.5039 2.6339, 1.0904 -4.1024 2.6339, 0.0904 -1.5039 2.6339, 0.0904 -4.1024 2.6339, 1.0904 -1.5039 1.6339, 1.0904 -4.1024 1.6339, 0.0904 -1.5039 1.9095, 0.0904 -4.1024 1.9095, 0.3659 -1.5039 1.6339, 0.3659 -4.1024 1.6339, 1.4978 -0.8307 0.1929, 1.8994 -0.8307 0.3425, 1.4978 -3.9313 0.1929, 1.8994 -2.8543 0.3425, 1.8994 -3.4528 0.3425, -1.8998 -0.8307 0.3425, -1.4982 -0.8307 0.1929, -1.8998 -2.8543 0.3425, -1.4982 -3.9313 0.1929, -1.8998 -3.4528 0.3425, -1.9982 -2.0748 1.9764, -1.9982 -2.0748 1.7697, -1.3547 -2.0748 1.9764, -1.3547 -2.0748 1.7697, -1.9982 -2.8543 1.9764, -1.8998 -2.8543 1.9764, -1.8998 -3.4528 1.9764, -1.3547 -3.4528 1.9764, -1.8998 -3.4528 2.5984, -1.3547 -3.4528 2.5984, -1.3547 -3.4528 0.5945, -1.3547 -3.4528 1.1102, -1.8998 -3.4528 0.5945, -1.8998 -3.4528 1.1102, -1.3547 -4.1024 0.5945, 1.3543 -3.4528 0.5945, 1.3543 -4.1024 0.5945, 1.8994 -3.4528 0.5945, -1.3547 -4.1024 0.1929, -1.8998 -3.4528 2.8937, -1.3547 -4.1024 2.8937, -1.3547 -4.1024 2.5984, 1.3543 -3.4528 2.5984, 1.8994 -3.4528 2.5984, 1.3543 -4.1024 2.5984, 1.3543 -4.1024 0.1929, 1.3543 -4.1024 2.8937, 1.8994 -3.4528 2.8937, -0.4648 -1.5039 2.0079, -0.4648 -1.5039 2.2598, -0.7167 -1.5039 2.2598, -0.7167 -1.5039 2.0079, -0.7167 -1.5039 0.8268, -0.4648 -1.5039 0.8268, -0.4648 -1.5039 1.0787, -0.7167 -1.5039 1.0787, 0.7163 -1.5039 0.8268, 0.7163 -1.5039 1.0787, 0.4644 -1.5039 1.0787, 0.4644 -1.5039 0.8268, 0.4644 -1.5039 2.0079, 0.7163 -1.5039 2.0079, 0.7163 -1.5039 2.2598, 0.4644 -1.5039 2.2598
            ]
        }
        coordIndex [
            0,1,2,-1,2,1,3,-1,4,5,6,-1,6,5,7,-1,6,7,8,-1,8,7,9,-1,8,9,10,-1,10,9,11,-1,10,11,12,-1,12,11,13,-1,12,13,4,-1,4,13,5,-1,14,15,16,-1,16,15,17,-1,16,17,18,-1,18,17,19,-1,18,19,20,-1,20,19,21,-1,20,21,22,-1,22,21,23,-1,22,23,14,-1,14,23,15,-1,24,25,26,-1,26,25,27,-1,26,27,28,-1,28,27,29,-1,28,29,30,-1,30,29,31,-1,30,31,32,-1,32,31,33,-1,32,33,24,-1,24,33,25,-1,34,35,36,-1,36,35,37,-1,38,39,34,-1,34,39,35,-1,40,41,42,-1,42,41,43,-1,42,43,38,-1,38,43,39,-1,44,45,46,-1,46,45,47,-1,46,47,48,-1,49,50,51,-1,51,50,52,-1,51,52,53,-1,54,55,56,-1,56,55,57,-1,58,54,59,-1,59,54,56,-1,59,56,60,-1,60,56,61,-1,62,60,63,-1,63,60,61,-1,64,65,66,-1,66,65,67,-1,64,66,68,-1,69,70,71,-1,72,68,52,-1,52,68,66,-1,52,66,53,-1,73,62,74,-1,74,62,75,-1,63,75,62,-1,76,77,78,-1,48,71,46,-1,46,71,70,-1,46,70,79,-1,80,78,81,-1,81,78,77,-1,23,75,68,-1,21,19,27,-1,29,27,79,-1,79,27,19,-1,79,19,72,-1,72,19,17,-1,72,17,68,-1,68,17,15,-1,68,15,23,-1,25,7,5,-1,27,25,21,-1,21,25,5,-1,21,5,23,-1,23,5,13,-1,23,13,75,-1,75,13,11,-1,75,11,74,-1,74,11,9,-1,74,9,80,-1,29,79,31,-1,31,79,70,-1,31,70,33,-1,33,70,39,-1,33,39,25,-1,25,39,43,-1,25,43,7,-1,7,43,41,-1,7,41,9,-1,9,41,37,-1,9,37,80,-1,80,37,35,-1,80,35,78,-1,78,35,39,-1,78,39,70,-1,36,37,40,-1,40,37,41,-1,12,4,82,-1,82,4,6,-1,82,6,83,-1,83,6,8,-1,83,8,84,-1,84,8,10,-1,84,10,85,-1,85,10,12,-1,85,12,82,-1,22,14,86,-1,86,14,16,-1,86,16,87,-1,87,16,18,-1,87,18,88,-1,88,18,20,-1,88,20,89,-1,89,20,22,-1,89,22,86,-1,90,30,91,-1,91,30,32,-1,91,32,92,-1,92,32,24,-1,92,24,93,-1,93,24,26,-1,93,26,90,-1,90,26,28,-1,90,28,30,-1,36,40,94,-1,94,40,42,-1,94,42,95,-1,95,42,38,-1,95,38,96,-1,96,38,34,-1,96,34,97,-1,97,34,36,-1,97,36,94,-1,
        ]
    }
}
Shape{
    appearance Appearance {
        material  Material 	{
            diffuseColor 0.8509803921568627 0.8509803921568627 0.8509803921568627
            specularColor 0.4235294117647059 0.4235294117647059 0.4235294117647059
            ambientIntensity 0.851
            transparency 0.0
            shininess 0.5
        }
    }
    geometry IndexedFaceSet {
        ccw TRUE
        solid FALSE
        coord DEF co Coordinate {
            point [
                -0.4648 -1.5039 2.0079, -0.4648 -2.7638 2.0079, -0.7167 -1.5039 2.0079, -0.7167 -2.7638 2.0079, -0.5356 -3.1575 2.0787, -0.6459 -3.1575 2.0787, -0.6459 -3.1575 2.189, -0.5356 -3.1575 2.189, -0.4648 -2.7638 2.2598, -0.7167 -2.7638 2.2598, -0.7167 -0.2008 1.6693, -0.4648 -0.2008 1.6693, -0.7167 -0.2008 1.4173, -0.4648 -0.2008 1.4173, -0.7167 -0.4646 1.4173, -0.4648 -0.4646 1.4173, -0.7167 -0.7126 1.4173, -0.4648 -0.7126 1.4173, -0.7167 -0.4646 0.1929, -0.7167 -0.4646 -0.8661, -0.7167 -0.7165 0.1929, -0.7167 -0.7165 -0.8661, -0.7167 -0.4646 1.9169, -0.7167 -0.4646 2.1689, -0.7167 0.4646 1.9169, -0.7167 0.7165 2.1689, -0.7167 0.4646 -0.8661, -0.7167 0.7165 -0.8661, -0.7167 -1.5039 0.8268, -0.7167 -2.7638 0.8268, -0.7167 -1.5039 1.0787, -0.7167 -2.7638 1.0787, -0.7167 -1.5039 2.2598, -0.7167 -0.4646 1.6693, -0.4648 0.7165 2.1689, -0.4648 -0.4646 2.1689, -0.4648 -0.7126 2.1689, -0.7167 -0.7126 2.1689
            ]
        }
        coordIndex [
            0,1,2,-1,2,1,3,-1,1,4,3,-1,3,4,5,-1,6,5,7,-1,7,5,4,-1,8,7,1,-1,1,7,4,-1,6,7,9,-1,9,7,8,-1,6,9,5,-1,5,9,3,-1,10,11,12,-1,12,11,13,-1,12,13,14,-1,14,13,15,-1,14,15,16,-1,16,15,17,-1,18,19,20,-1,20,19,21,-1,22,23,24,-1,24,23,25,-1,24,25,26,-1,26,25,27,-1,28,29,30,-1,30,29,31,-1,2,3,32,-1,32,3,9,-1,12,14,10,-1,10,14,33,-1,34,25,35,-1,35,25,23,-1,35,23,36,-1,36,23,37,-1,
        ]
    }
}
Shape{
    appearance Appearance {
        material  Material 	{
            diffuseColor 0.2235294117647059 0.2235294117647059 0.2235294117647059
            specularColor 0.11372549019607843 0.11372549019607843 0.11372549019607843
            ambientIntensity 0.2235
            transparency 0.0
            shininess 0.5
        }
    }
    geometry IndexedFaceSet {
        ccw TRUE
        solid FALSE
        coord DEF co Coordinate {
            point [
                -0.7167 -0.7126 1.0787, -0.7167 -0.7126 1.4173, -0.4648 -0.7126 1.0787, -0.4648 -0.7126 1.4173, -0.4648 -0.7126 1.6693, -0.7167 -0.7126 1.6693, -0.4648 -0.7126 1.9169, -0.7167 -0.7126 1.9169, -0.4648 -0.7126 2.1689, -0.7167 -0.7126 2.1689, -0.4648 -0.7126 2.7933, -0.7167 -0.7126 2.7933
            ]
        }
        coordIndex [
            0,1,2,-1,2,1,3,-1,4,5,6,-1,6,5,7,-1,8,9,10,-1,10,9,11,-1,
        ]
    }
}
Shape{
    appearance Appearance {
        material  Material 	{
            diffuseColor 0.8509803921568627 0.8509803921568627 0.8509803921568627
            specularColor 0.4235294117647059 0.4235294117647059 0.4235294117647059
            ambientIntensity 0.851
            transparency 0.0
            shininess 0.5
        }
    }
    geometry IndexedFaceSet {
        ccw TRUE
        solid FALSE
        coord DEF co Coordinate {
            point [
                -0.7167 -1.5039 1.0787, -0.7167 -2.7638 1.0787, -0.4648 -1.5039 1.0787, -0.4648 -2.7638 1.0787
            ]
        }
        coordIndex [
            0,1,2,-1,2,1,3,-1,
        ]
    }
}
Shape{
    appearance Appearance {
        material  Material 	{
            diffuseColor 0.2235294117647059 0.2235294117647059 0.2235294117647059
            specularColor 0.11372549019607843 0.11372549019607843 0.11372549019607843
            ambientIntensity 0.2235
            transparency 0.0
            shininess 0.5
        }
    }
    geometry IndexedFaceSet {
        ccw TRUE
        solid FALSE
        coord DEF co Coordinate {
            point [
                -0.4648 -0.4646 1.0787, -0.7167 -0.4646 1.0787, -0.4648 -0.7126 1.0787, -0.7167 -0.7126 1.0787, -0.7167 -0.4646 1.9169, -0.7167 -0.7126 1.9169, -0.7167 -0.4646 1.6693, -0.7167 -0.7126 1.6693, -0.7167 -0.2008 2.1732, -0.7167 -0.2008 2.7933, -0.7167 -0.4646 2.1732, -0.7167 -0.7126 2.7933, -0.7167 -0.4646 2.1689, -0.7167 -0.7126 2.1689, -0.7167 -0.7126 1.4173, -0.7167 -0.4646 1.4173, -0.7167 -0.2008 0.4488, -0.7167 -0.4646 0.4488, -0.7167 -0.2008 0.1929, -0.7167 -0.4646 0.1929, 1.3089 -0.8898 2.7933, 1.3089 -0.2008 2.7933, 0.7163 -0.2008 2.7933, 0.7163 -0.7126 2.7933, 0.4644 -0.7126 2.7933, -1.3093 -0.8898 2.7933, -1.3093 -0.2008 2.7933, -0.4648 -0.7126 2.7933, -0.4648 -0.2008 2.7933, 0.4644 -0.2008 2.7933, -1.3093 -0.8898 2.8937, -1.3093 -0.2008 2.8937, 0.2754 -2.9409 3.189, -0.2758 -2.9409 3.189, 0.2754 -2.9409 3.4449, -0.2758 -2.9409 3.4449, 0.2754 -3.2362 3.4449, -0.2758 -3.2362 3.4449, -0.2758 -3.8898 2.8937, 0.2754 -3.8898 2.8937, 0.2754 -2.6457 2.8937, 0.2754 -2.7221 2.9038, 0.2754 -2.7933 2.9333, 0.2754 -2.8545 2.9802, 0.2754 -2.9014 3.0413, 0.2754 -2.9309 3.1126, -0.2758 -2.9309 3.1126, -0.2758 -2.9014 3.0413, -0.2758 -2.8545 2.9802, -0.2758 -2.7933 2.9333, -0.2758 -2.7221 2.9038, -0.2758 -2.6457 2.8937, 1.3089 -0.8898 2.8937, 1.9978 -0.2008 2.8937, 1.3089 -0.2008 2.8937, 1.9978 -2.8543 2.8937, 1.8994 -2.8543 2.8937, 1.8994 -3.4528 2.8937, -1.9982 -0.2008 2.8937, -1.9982 -2.8543 2.8937, -1.8998 -2.8543 2.8937, -1.8998 -3.4528 2.8937, -1.3547 -4.1024 2.8937, 1.3543 -4.1024 2.8937, 1.3543 -2.0748 1.9764, 1.3543 -2.0748 1.7697, 1.9978 -2.0748 1.9764, 1.9978 -2.0748 1.7697, 1.3543 -2.0748 1.3169, 1.3543 -2.0748 1.1102, 1.9978 -2.0748 1.3169, 1.9978 -2.0748 1.1102, 0.4644 -0.2008 2.1732, -0.4648 -0.2008 2.1732, -1.9982 -0.2008 2.1732, 0.4644 -0.2008 0.1929, -0.4648 -0.2008 0.1929, 0.4644 -0.2008 0.4488, -0.4648 -0.2008 0.4488, -1.5061 -0.2008 -0.0079, -1.9982 -0.2008 -0.0079, -1.5061 -0.2008 0.1929, -1.9982 -0.2008 0.4488, 1.9978 -0.2008 2.1732, 0.7163 -0.2008 2.1732, 0.7163 -0.2008 0.1929, 0.7163 -0.2008 0.4488, 1.4978 -0.2008 0.1929, 1.9978 -0.2008 0.4488, 1.4978 -0.2008 -0.0079, 1.9978 -0.2008 -0.0079, 0.4644 -0.4646 0.4488, -0.4648 -0.4646 0.4488, -1.9982 -0.4646 0.4488, 1.9978 -0.4646 0.4488, 0.7163 -0.4646 0.4488, 0.7163 -0.7126 1.4173, 0.7163 -0.4646 1.4173, 0.7163 -0.7126 1.0787, 0.7163 -0.4646 1.0787, 0.7163 -0.4646 1.6693, 0.7163 -0.7126 1.6693, 0.7163 -0.4646 1.9169, 0.7163 -0.7126 1.9169, 0.7163 -0.4646 2.1689, 0.7163 -0.7126 2.1689, 0.7163 -0.4646 2.1732, 0.7163 -0.4646 0.1929
            ]
        }
        coordIndex [
            0,1,2,-1,2,1,3,-1,4,5,6,-1,6,5,7,-1,8,9,10,-1,10,9,11,-1,10,11,12,-1,12,11,13,-1,3,1,14,-1,14,1,15,-1,16,17,18,-1,18,17,19,-1,20,21,22,-1,22,23,20,-1,20,23,24,-1,20,24,25,-1,9,26,11,-1,11,26,25,-1,11,25,27,-1,27,25,24,-1,27,24,28,-1,28,24,29,-1,25,26,30,-1,30,26,31,-1,32,33,34,-1,34,33,35,-1,34,35,36,-1,36,35,37,-1,37,38,36,-1,36,38,39,-1,39,40,41,-1,41,42,39,-1,39,42,43,-1,39,43,44,-1,34,36,32,-1,32,36,39,-1,32,39,45,-1,45,39,44,-1,33,32,46,-1,46,32,45,-1,46,45,47,-1,47,45,44,-1,47,44,48,-1,48,44,43,-1,48,43,49,-1,49,43,42,-1,49,42,50,-1,50,42,41,-1,50,41,51,-1,51,41,40,-1,50,51,38,-1,38,46,47,-1,37,35,38,-1,38,35,33,-1,38,33,46,-1,47,48,38,-1,38,48,49,-1,38,49,50,-1,51,40,52,-1,52,40,53,-1,52,53,54,-1,55,53,56,-1,56,53,40,-1,56,40,57,-1,57,40,39,-1,31,58,30,-1,30,58,59,-1,30,59,52,-1,52,59,60,-1,52,60,51,-1,51,60,61,-1,51,61,38,-1,38,61,62,-1,38,62,39,-1,39,62,63,-1,39,63,57,-1,64,65,66,-1,66,65,67,-1,68,69,70,-1,70,69,71,-1,72,73,29,-1,29,73,28,-1,9,8,26,-1,26,8,74,-1,26,74,31,-1,31,74,58,-1,75,76,77,-1,77,76,78,-1,79,80,81,-1,81,80,82,-1,81,82,18,-1,18,82,16,-1,54,53,21,-1,21,53,83,-1,21,83,22,-1,22,83,84,-1,85,86,87,-1,87,86,88,-1,87,88,89,-1,89,88,90,-1,77,78,91,-1,91,78,92,-1,93,17,82,-1,82,17,16,-1,88,86,94,-1,94,86,95,-1,96,97,98,-1,98,97,99,-1,100,101,102,-1,102,101,103,-1,104,105,106,-1,106,105,23,-1,106,23,84,-1,84,23,22,-1,107,95,85,-1,85,95,86,-1,
        ]
    }
}
Shape{
    appearance Appearance {
        material  Material 	{
            diffuseColor 0.8509803921568627 0.8509803921568627 0.8509803921568627
            specularColor 0.4235294117647059 0.4235294117647059 0.4235294117647059
            ambientIntensity 0.851
            transparency 0.0
            shininess 0.5
        }
    }
    geometry IndexedFaceSet {
        ccw TRUE
        solid FALSE
        coord DEF co Coordinate {
            point [
                0.4644 -0.7126 1.6693, 0.7163 -0.7126 1.6693, 0.4644 -0.4646 1.6693, 0.7163 -0.4646 1.6693, 0.4644 -0.2008 1.6693, 0.7163 -0.2008 1.6693, 0.7163 -0.7165 0.1929, 0.7163 -0.7165 -0.8661, 0.7163 -0.4646 0.1929, 0.7163 -0.4646 -0.8661, 0.7163 0.4646 -0.8661, 0.7163 0.7165 -0.8661, 0.7163 0.4646 1.9169, 0.7163 0.7165 2.1689, 0.7163 -0.4646 1.9169, 0.7163 -0.4646 2.1689, 0.7163 -1.5039 1.0787, 0.7163 -2.7638 1.0787, 0.7163 -1.5039 0.8268, 0.7163 -2.7638 0.8268, 0.7163 -1.5039 2.2598, 0.7163 -2.7638 2.2598, 0.7163 -1.5039 2.0079, 0.7163 -2.7638 2.0079, 0.7163 -0.2008 1.4173, 0.7163 -0.4646 1.4173, 0.5805 -0.7165 0.1929, 0.5805 -0.7165 -0.0079, 0.4644 -0.7165 -0.0079, 0.4644 -0.7165 -0.8661
            ]
        }
        coordIndex [
            0,1,2,-1,2,1,3,-1,2,3,4,-1,4,3,5,-1,6,7,8,-1,8,7,9,-1,10,11,12,-1,12,11,13,-1,12,13,14,-1,14,13,15,-1,16,17,18,-1,18,17,19,-1,20,21,22,-1,22,21,23,-1,5,3,24,-1,24,3,25,-1,6,26,27,-1,28,29,27,-1,27,29,7,-1,27,7,6,-1,
        ]
    }
}
Shape{
    appearance Appearance {
        material  Material 	{
            diffuseColor 0.2235294117647059 0.2235294117647059 0.2235294117647059
            specularColor 0.11372549019607843 0.11372549019607843 0.11372549019607843
            ambientIntensity 0.2235
            transparency 0.0
            shininess 0.5
        }
    }
    geometry IndexedFaceSet {
        ccw TRUE
        solid FALSE
        coord DEF co Coordinate {
            point [
                0.5805 -3.5472 -0.0079, 0.5805 -3.5472 0.1929, 0.1868 -3.5472 -0.0079, 0.1868 -3.5472 0.1929, 0.5805 -0.7165 -0.0079, 0.5805 -0.7165 0.1929, 0.5805 -2.2913 -0.0079, 0.3837 -2.6323 -0.0079, 0.4652 -2.5697 -0.0079, 0.5278 -2.4882 -0.0079, 0.5671 -2.3932 -0.0079, 0.1868 -2.685 -0.0079, 0.2887 -2.6716 -0.0079, 0.1868 -0.7126 -0.0079, 0.4644 -0.7126 -0.0079, 0.4644 -0.7165 -0.0079, 0.5671 -2.1894 -0.0079, 0.5278 -2.0945 -0.0079, 0.4652 -2.0129 -0.0079, 0.3837 -1.9504 -0.0079, 0.2887 -1.911 -0.0079, 0.1868 -1.8976 -0.0079, 0.1868 -2.685 -0.6968, 0.2887 -2.6716 -0.6968, 0.3837 -2.6323 -0.6968, 0.4652 -2.5697 -0.6968, 0.5278 -2.4882 -0.6968, 0.5671 -2.3932 -0.6968, 0.5805 -2.2913 -0.6968, 0.5671 -2.1894 -0.6968, 0.5278 -2.0945 -0.6968, 0.4652 -2.0129 -0.6968, 0.3837 -1.9504 -0.6968, 0.2887 -1.911 -0.6968, 0.1868 -1.8976 -0.6968, 0.5138 -1.8976 -0.6968, 0.5138 -2.685 -0.6968, 0.6013 -2.5916 -0.6968, 0.6628 -2.4793 -0.6968, 0.6013 -1.9911 -0.6968, 0.6628 -2.1033 -0.6968, 0.6946 -2.2273 -0.6968, 0.6946 -2.3553 -0.6968, 0.5138 -2.685 -0.8346, 0.5487 -2.6532 -0.8346, 0.598 -2.589 -0.8346, 0.6301 -2.5472 -0.8346, 0.6589 -2.4777 -0.8346, 0.6812 -2.4238 -0.8346, 0.6903 -2.3548 -0.8346, 0.6986 -2.2913 -0.8346, 0.6903 -2.2279 -0.8346, 0.6812 -2.1589 -0.8346, 0.6589 -2.105 -0.8346, 0.6301 -2.0354 -0.8346, 0.5138 -1.8976 -0.8346, 0.5487 -1.9294 -0.8346, 0.598 -1.9936 -0.8346, 0.2629 -2.5754 -1.2106, 0.2925 -2.685 -1.0141, 0.2382 -2.685 -1.0334, 0.1868 -2.685 -1.0392, 0.1868 -2.5861 -1.2106, 0.2573 -2.5775 -1.2106, 0.3898 -2.685 -0.9539, 0.3016 -2.685 -1.0108, 0.3335 -2.5456 -1.2106, 0.3238 -2.5523 -1.2106, 0.1868 -1.9966 -1.2106, 0.1868 -1.8976 -1.0392, 0.2573 -2.0052 -1.2106, 0.2445 -1.8976 -1.0319, 0.2629 -2.0073 -1.2106, 0.2925 -1.8976 -1.0137, 0.3238 -2.0304 -1.2106, 0.306 -1.8976 -1.0086, 0.3335 -2.0371 -1.2106, 0.4009 -1.8976 -0.9449, 0.4154 -1.8976 -0.9308, 0.3823 -2.0707 -1.2106, 0.394 -2.084 -1.2106, 0.4294 -2.1239 -1.2106, 0.4404 -2.1449 -1.2106, 0.4624 -2.1868 -1.2106, 0.4695 -2.2156 -1.2106, 0.4794 -2.2558 -1.2106, 0.4794 -2.2913 -1.2106, 0.4794 -2.3269 -1.2106, 0.4695 -2.3671 -1.2106, 0.4624 -2.3959 -1.2106, 0.4404 -2.4378 -1.2106, 0.4294 -2.4588 -1.2106, 0.394 -2.4987 -1.2106, 0.3823 -2.5119 -1.2106, 0.4164 -2.685 -0.9284, 0.1868 -0.7126 0.1929, 0.1868 -2.0122 -1.231, 0.1868 -2.0326 -1.2467, 0.1868 -2.0564 -1.2565, 0.1868 -2.0818 -1.2598, 0.1868 -2.5008 -1.2598, 0.1868 -2.5704 -1.231, 0.1868 -2.5263 -1.2565, 0.1868 -2.55 -1.2467, -0.2386 -2.685 -1.0334, -0.1872 -2.685 -1.0392, -0.1872 -2.685 -0.6968, -0.5142 -2.685 -0.6968, -0.5142 -2.685 -0.8346, -0.4168 -2.685 -0.9284, -0.3902 -2.685 -0.9539, -0.302 -2.685 -1.0108, -0.2929 -2.685 -1.0141, 0.2382 -2.685 -1.0334, 0.3016 -2.685 -1.0108, -0.1872 -1.8976 -0.0079, -0.1872 -0.7126 -0.0079, -0.1872 -0.7126 0.1929, -0.1872 -3.5472 0.1929, -0.1872 -3.5472 -0.0079, -0.1872 -2.685 -0.0079, -0.1872 -1.8976 -0.6968, -0.1872 -1.8976 -1.0392, -0.1872 -1.9966 -1.2106, -0.1872 -2.0818 -1.2598, -0.1872 -2.5861 -1.2106, -0.1872 -2.5704 -1.231, -0.1872 -2.55 -1.2467, -0.1872 -2.5263 -1.2565, -0.1872 -2.5008 -1.2598, -0.1872 -2.0564 -1.2565, -0.1872 -2.0326 -1.2467, -0.1872 -2.0122 -1.231, -0.4648 -0.2008 0.1929, 0.4644 -0.2008 0.1929, 0.4644 -0.4646 0.1929, -1.5061 -0.8307 0.1929, -1.5061 -0.2008 0.1929, -1.4982 -0.8307 0.1929, -0.7167 -0.2008 0.1929, 1.3543 -4.1024 0.1929, 1.4978 -3.9313 0.1929, -0.7167 -0.4646 0.1929, -0.7167 -0.7165 0.1929, -1.4982 -3.9313 0.1929, 0.7163 -0.7165 0.1929, 1.4978 -0.8307 0.1929, 0.7163 -0.4646 0.1929, 1.4978 -0.2008 0.1929, 0.7163 -0.2008 0.1929, -0.5809 -0.7165 0.1929, -0.5809 -3.5472 0.1929, -1.3547 -4.1024 0.1929, -0.4648 -0.7126 0.1929, -0.4648 -0.4646 0.1929, 0.4644 -0.7126 0.1929, -0.4648 -0.4646 1.6693, -0.4648 -0.7126 1.6693, -0.4648 -0.4646 1.9169, -0.4648 -0.7126 1.9169, -0.4648 -0.4646 2.1689, -0.4648 -0.7126 2.1689, -0.4648 -0.4646 2.1732, -0.4648 -0.7126 2.7933, -0.4648 -0.2008 2.1732, -0.4648 -0.2008 2.7933, -0.4648 -0.7126 1.4173, -0.4648 -0.4646 1.4173, -0.4648 -0.7126 1.0787, -0.4648 -0.4646 1.0787, -0.4648 -0.2008 0.4488, -0.4648 -0.4646 0.4488
            ]
        }
        coordIndex [
            0,1,2,-1,2,1,3,-1,4,5,6,-1,6,5,1,-1,6,1,0,-1,7,8,0,-1,8,9,0,-1,0,9,10,-1,0,10,6,-1,2,11,0,-1,0,11,12,-1,0,12,7,-1,13,14,15,-1,6,16,4,-1,4,16,17,-1,4,17,18,-1,18,19,4,-1,4,19,20,-1,4,20,15,-1,15,20,21,-1,15,21,13,-1,11,22,23,-1,11,23,12,-1,12,23,24,-1,12,24,7,-1,7,24,25,-1,7,25,8,-1,8,25,26,-1,8,26,9,-1,9,26,27,-1,9,27,10,-1,10,27,28,-1,10,28,6,-1,6,28,29,-1,6,29,16,-1,16,29,30,-1,16,30,17,-1,17,30,31,-1,17,31,18,-1,18,31,32,-1,18,32,19,-1,19,32,33,-1,19,33,20,-1,20,33,34,-1,20,34,21,-1,35,34,33,-1,25,24,36,-1,36,24,23,-1,36,23,22,-1,25,36,26,-1,26,36,37,-1,26,37,27,-1,27,37,38,-1,27,38,28,-1,33,32,35,-1,35,32,31,-1,35,31,39,-1,39,31,30,-1,39,30,40,-1,40,30,29,-1,40,29,41,-1,41,29,28,-1,41,28,42,-1,42,28,38,-1,36,43,44,-1,36,44,37,-1,44,45,37,-1,37,45,46,-1,37,46,38,-1,46,47,38,-1,38,47,48,-1,38,48,42,-1,48,49,42,-1,42,49,50,-1,42,50,41,-1,50,51,41,-1,41,51,52,-1,41,52,40,-1,52,53,40,-1,40,53,54,-1,40,54,39,-1,55,35,56,-1,56,35,39,-1,56,39,57,-1,57,39,54,-1,58,59,60,-1,61,62,60,-1,60,62,63,-1,60,63,58,-1,64,65,66,-1,59,58,65,-1,65,58,67,-1,65,67,66,-1,68,69,70,-1,70,69,71,-1,70,71,72,-1,72,71,73,-1,72,73,74,-1,74,73,75,-1,74,75,76,-1,75,77,76,-1,76,77,78,-1,76,78,79,-1,79,78,55,-1,79,55,80,-1,80,55,56,-1,80,56,81,-1,81,56,57,-1,81,57,82,-1,82,57,54,-1,82,54,83,-1,83,54,53,-1,83,53,84,-1,84,53,52,-1,84,52,85,-1,85,52,51,-1,85,51,86,-1,86,51,50,-1,86,50,87,-1,87,50,49,-1,87,49,88,-1,88,49,48,-1,88,48,89,-1,89,48,47,-1,89,47,90,-1,90,47,46,-1,90,46,91,-1,91,46,45,-1,91,45,92,-1,92,45,44,-1,92,44,93,-1,93,44,43,-1,93,43,66,-1,66,43,94,-1,66,94,64,-1,11,2,3,-1,95,13,21,-1,3,95,11,-1,11,95,21,-1,11,21,22,-1,22,21,34,-1,22,34,69,-1,69,68,22,-1,22,68,96,-1,22,96,97,-1,97,98,22,-1,22,98,99,-1,22,99,100,-1,61,22,62,-1,62,22,100,-1,62,100,101,-1,101,100,102,-1,101,102,103,-1,104,105,106,-1,107,108,106,-1,106,108,109,-1,106,109,110,-1,110,111,106,-1,106,111,112,-1,106,112,104,-1,59,22,113,-1,113,22,61,-1,43,36,94,-1,94,36,22,-1,59,114,22,-1,22,114,64,-1,22,64,94,-1,115,116,117,-1,118,119,120,-1,117,118,115,-1,115,118,120,-1,115,120,121,-1,121,120,106,-1,121,106,105,-1,122,121,123,-1,123,121,124,-1,105,125,121,-1,121,125,126,-1,121,126,127,-1,127,128,121,-1,121,128,129,-1,121,129,124,-1,130,131,124,-1,124,131,132,-1,124,132,123,-1,133,134,135,-1,136,137,138,-1,138,137,139,-1,3,1,140,-1,140,1,141,-1,139,142,138,-1,138,142,143,-1,138,143,144,-1,1,5,141,-1,141,5,145,-1,141,145,146,-1,146,145,147,-1,146,147,148,-1,148,147,149,-1,143,150,144,-1,144,150,151,-1,144,151,152,-1,152,151,118,-1,140,152,3,-1,3,152,118,-1,3,118,95,-1,95,118,117,-1,153,154,117,-1,117,154,133,-1,117,133,95,-1,95,133,135,-1,95,135,155,-1,156,157,158,-1,158,157,159,-1,160,161,162,-1,162,161,163,-1,162,163,164,-1,164,163,165,-1,166,167,168,-1,168,167,169,-1,133,154,170,-1,170,154,171,-1,
        ]
    }
}
Shape{
    appearance Appearance {
        material  Material 	{
            diffuseColor 0.8509803921568627 0.8509803921568627 0.8509803921568627
            specularColor 0.4235294117647059 0.4235294117647059 0.4235294117647059
            ambientIntensity 0.851
            transparency 0.0
            shininess 0.5
        }
    }
    geometry IndexedFaceSet {
        ccw TRUE
        solid FALSE
        coord DEF co Coordinate {
            point [
                -0.7167 -0.7126 1.6693, -0.4648 -0.7126 1.6693, -0.7167 -0.4646 1.6693, -0.4648 -0.4646 1.6693, -0.7167 -0.2008 1.6693, -0.4648 -0.2008 1.6693, -0.4648 -0.4646 0.1929, -0.4648 -0.7126 0.1929, -0.4648 -0.7126 -0.0079, -0.4648 -0.7165 -0.0079, -0.4648 -0.7165 -0.8661, -0.4648 -0.4646 -0.8661, -0.4648 0.4646 -0.8661, -0.4648 0.7165 -0.8661, -0.4648 0.4646 1.9169, -0.4648 0.7165 2.1689, -0.4648 -0.4646 1.9169, -0.4648 -0.4646 2.1689, -0.4648 -1.5039 1.0787, -0.4648 -2.7638 1.0787, -0.4648 -1.5039 0.8268, -0.4648 -2.7638 0.8268, -0.4648 -1.5039 2.2598, -0.4648 -2.7638 2.2598, -0.4648 -1.5039 2.0079, -0.4648 -2.7638 2.0079, -0.4648 -0.2008 1.4173, -0.4648 -0.4646 1.4173, -0.7167 -0.4646 -0.8661, -0.7167 -0.4646 0.1929, -0.4648 -0.4646 0.4488, -0.7167 -0.4646 0.4488
            ]
        }
        coordIndex [
            0,1,2,-1,2,1,3,-1,2,3,4,-1,4,3,5,-1,6,7,8,-1,9,10,8,-1,8,10,11,-1,8,11,6,-1,12,13,14,-1,14,13,15,-1,14,15,16,-1,16,15,17,-1,18,19,20,-1,20,19,21,-1,22,23,24,-1,24,23,25,-1,5,3,26,-1,26,3,27,-1,11,28,6,-1,6,28,29,-1,6,29,30,-1,30,29,31,-1,
        ]
    }
}
Shape{
    appearance Appearance {
        material  Material 	{
            diffuseColor 0.2235294117647059 0.2235294117647059 0.2235294117647059
            specularColor 0.11372549019607843 0.11372549019607843 0.11372549019607843
            ambientIntensity 0.2235
            transparency 0.0
            shininess 0.5
        }
    }
    geometry IndexedFaceSet {
        ccw TRUE
        solid FALSE
        coord DEF co Coordinate {
            point [
                -1.9982 -2.8543 -0.0079, -1.9982 -2.8543 1.1102, -1.9982 -0.2008 -0.0079, -1.9982 -2.0748 1.1102, -1.9982 -2.8543 1.9764, -1.9982 -2.8543 2.8937, -1.9982 -2.0748 1.9764, -1.9982 -0.2008 2.8937, -1.9982 -0.4646 0.4488, -1.9982 -0.2008 0.4488, -1.9982 -0.4646 1.937, -1.9982 -0.7008 1.937, -1.9982 -0.4646 2.1732, -1.9982 -0.2008 2.1732, -1.9982 -2.0748 1.3169, -1.9982 -1.0905 1.3169, -1.9982 -0.4646 1.1496, -1.9982 -0.7008 1.1496, -1.9982 -1.0905 1.7697, -1.9982 -2.0748 1.7697, -1.5122 -1.0512 1.7697, -1.3547 -1.0512 1.7697, -1.5122 -1.0905 1.7697, -1.3547 -2.0748 1.7697, -1.3547 -3.4528 1.9764, -1.3547 -2.0748 1.9764, -1.3547 -3.4528 0.5945, -1.3547 -4.1024 0.5945, -1.3547 -3.4528 1.1102, -1.3547 -4.1024 2.5984, -1.3547 -3.4528 2.5984, -1.3547 -1.0512 1.3169, -1.3547 -2.0748 1.3169, -1.3547 -2.0748 1.1102, -1.5122 -1.0512 1.3169, -1.5122 -1.0905 1.3169, -1.5122 -1.0512 1.3858, -1.5122 -1.0905 1.3858, -1.6303 -1.0512 1.3858, -1.6303 -1.0905 1.3858, -1.6303 -1.0512 1.7008, -1.6303 -1.0905 1.7008, -1.5122 -1.0512 1.7008, -1.5122 -1.0905 1.7008, 1.5118 -1.0512 1.3858, 1.5118 -1.0905 1.3858, 1.6299 -1.0512 1.3858, 1.6299 -1.0905 1.3858, 1.6299 -1.0512 1.7008, 1.6299 -1.0905 1.7008, 1.5118 -1.0512 1.7008, 1.5118 -1.0905 1.7008, 1.5118 -1.0512 1.7697, 1.5118 -1.0905 1.7697, 1.3543 -1.0512 1.3169, 1.5118 -1.0512 1.3169, 1.3543 -1.0512 1.7697, 1.5118 -1.0905 1.3169, 1.3543 -2.0748 1.3169, 1.9978 -1.0905 1.3169, 1.9978 -2.0748 1.3169, 1.9978 -1.0905 1.7697, 1.9978 -2.0748 1.7697, 1.3543 -2.0748 1.7697, 1.3543 -3.4528 2.5984, 1.3543 -4.1024 2.5984, 1.3543 -3.4528 1.9764, 1.3543 -4.1024 0.5945, 1.3543 -3.4528 0.5945, 1.3543 -3.4528 1.1102, 1.3543 -2.0748 1.1102, 1.3543 -2.0748 1.9764, 1.9978 -2.8543 1.1102, 1.9978 -2.0748 1.1102, 1.8994 -2.8543 1.1102, 1.8994 -3.4528 1.1102, 1.8994 -3.4528 2.5984, 1.8994 -3.4528 1.9764, 1.8994 -3.4528 0.5945, 1.8994 -2.8543 0.6181, 1.8994 -3.1755 0.6181, 1.8994 -3.1051 0.5591, 1.8994 -2.8543 0.6772, 1.8994 -3.2559 0.6772, 1.8994 -3.2559 0.6181, 1.8994 -3.1855 0.5591, 1.8994 -3.4528 0.3425, 1.8994 -2.8543 0.3425, 1.8994 -2.8543 1.9764, 1.8994 -2.8543 2.8937, 1.8994 -3.4528 2.8937, 1.9978 -2.8543 1.9764, 1.9978 -2.0748 1.9764, 1.9978 -2.8543 -0.0079, 1.8994 -2.8543 -0.0079, 1.9978 -2.8543 2.8937, 1.8994 -0.8307 -0.0079, 1.8994 -0.8307 0.3425, -1.8998 -2.8543 -0.0079, -1.8998 -0.8307 -0.0079, -1.5061 -0.8307 -0.0079, -1.5061 -0.2008 -0.0079, 1.4978 -0.8307 -0.0079, 1.4978 -0.2008 -0.0079, 1.9978 -0.2008 -0.0079, 1.4978 -0.2008 0.1929, 1.4978 -0.8307 0.1929, -1.8998 -0.8307 0.3425, -1.5061 -0.8307 0.1929, -1.4982 -0.8307 0.1929, -1.8998 -2.8543 0.3425, -1.8998 -2.8543 2.8937, -1.8998 -2.8543 1.9764, -1.8998 -2.8543 1.1102, -1.8998 -3.4528 1.1102, -1.8998 -3.4528 2.8937, -1.8998 -3.4528 2.5984, -1.8998 -3.4528 1.9764, -1.8998 -3.4528 0.5945, -1.8998 -3.4528 0.3425
            ]
        }
        coordIndex [
            0,1,2,-1,2,1,3,-1,4,5,6,-1,6,5,7,-1,8,9,2,-1,10,11,12,-1,12,11,7,-1,12,7,13,-1,3,14,2,-1,2,14,15,-1,2,15,8,-1,16,8,17,-1,17,8,15,-1,17,15,11,-1,11,15,18,-1,11,18,7,-1,7,18,19,-1,7,19,6,-1,20,21,22,-1,22,21,23,-1,22,23,18,-1,18,23,19,-1,24,25,23,-1,26,27,28,-1,28,27,29,-1,28,29,24,-1,24,29,30,-1,21,31,23,-1,23,31,32,-1,23,32,24,-1,24,32,33,-1,24,33,28,-1,31,34,35,-1,15,14,35,-1,35,14,32,-1,35,32,31,-1,36,37,34,-1,34,37,35,-1,38,39,36,-1,36,39,37,-1,40,41,38,-1,38,41,39,-1,42,43,40,-1,40,43,41,-1,35,37,39,-1,43,22,41,-1,41,22,18,-1,41,18,39,-1,39,18,15,-1,39,15,35,-1,20,22,42,-1,42,22,43,-1,44,45,46,-1,46,45,47,-1,46,47,48,-1,48,47,49,-1,48,49,50,-1,50,49,51,-1,50,51,52,-1,52,51,53,-1,36,34,31,-1,21,20,42,-1,40,38,42,-1,42,38,36,-1,42,36,21,-1,21,36,31,-1,54,55,56,-1,56,55,44,-1,52,56,50,-1,50,56,44,-1,50,44,48,-1,48,44,46,-1,55,54,57,-1,57,54,58,-1,57,58,59,-1,59,58,60,-1,55,57,44,-1,44,57,45,-1,53,51,49,-1,45,57,47,-1,47,57,59,-1,47,59,49,-1,49,59,61,-1,49,61,53,-1,56,52,53,-1,61,62,53,-1,53,62,63,-1,53,63,56,-1,64,65,66,-1,66,65,67,-1,67,68,69,-1,67,69,66,-1,66,69,70,-1,66,70,58,-1,71,66,63,-1,63,66,58,-1,63,58,56,-1,56,58,54,-1,72,73,74,-1,74,73,70,-1,74,70,75,-1,75,70,69,-1,64,66,76,-1,76,66,77,-1,78,75,68,-1,68,75,69,-1,79,80,81,-1,82,74,83,-1,83,74,75,-1,83,75,84,-1,84,75,78,-1,84,78,85,-1,85,78,86,-1,85,86,81,-1,81,86,87,-1,81,87,79,-1,77,88,76,-1,76,88,89,-1,76,89,90,-1,77,66,88,-1,88,66,71,-1,88,71,91,-1,91,71,92,-1,74,82,72,-1,72,82,79,-1,72,79,93,-1,93,79,87,-1,93,87,94,-1,89,88,95,-1,95,88,91,-1,96,94,97,-1,97,94,87,-1,98,0,99,-1,99,0,2,-1,99,2,100,-1,100,2,101,-1,93,94,96,-1,102,103,96,-1,96,103,104,-1,96,104,93,-1,103,102,105,-1,105,102,106,-1,99,100,107,-1,107,100,108,-1,107,108,109,-1,97,106,96,-1,96,106,102,-1,98,99,110,-1,110,99,107,-1,5,4,111,-1,111,4,112,-1,113,1,110,-1,110,1,0,-1,110,0,98,-1,114,28,113,-1,113,28,33,-1,113,33,1,-1,1,33,3,-1,115,111,116,-1,116,111,112,-1,116,112,117,-1,114,113,118,-1,118,113,110,-1,118,110,119,-1,
        ]
    }
}
Shape{
    appearance Appearance {
        material  Material 	{
            diffuseColor 1.0 1.0 1.0
            specularColor 0.5019607843137255 0.5019607843137255 0.5019607843137255
            ambientIntensity 1.0
            transparency 0.0
            shininess 0.5
        }
    }
    geometry IndexedFaceSet {
        ccw TRUE
        solid FALSE
        coord DEF co Coordinate {
            point [
                1.9982 -1.6468 0.6124, 1.9982 -1.6468 0.5987, 1.9978 -1.6468 0.6124, 1.9978 -1.6468 0.5987, 1.9982 -1.6946 0.6124, 1.9978 -1.6946 0.6124, 1.9982 -1.6946 0.7188, 1.9978 -1.6946 0.7188, 1.9982 -1.7101 0.7188, 1.9978 -1.7101 0.7188, 1.9982 -1.7101 0.5987, 1.9978 -1.7101 0.5987, 1.9978 -1.5519 0.6037, 1.9982 -1.5519 0.6037, 1.9982 -1.554 0.6027, 1.9982 -1.5669 0.5984, 1.9982 -1.5852 0.5967, 1.9978 -1.5746 0.5977, 1.9978 -1.5852 0.5967, 1.9978 -1.5669 0.5984, 1.9978 -1.5571 0.6017, 1.9978 -1.554 0.6027, 1.9982 -1.5519 0.6185, 1.9978 -1.5519 0.6185, 1.9982 -1.5619 0.6139, 1.9978 -1.5571 0.6161, 1.9978 -1.5619 0.6139, 1.9978 -1.5751 0.6109, 1.9982 -1.5751 0.6109, 1.9978 -1.583 0.6105, 1.9982 -1.583 0.6105, 1.9978 -1.5939 0.6117, 1.9982 -1.5939 0.6117, 1.9978 -1.6026 0.6148, 1.9982 -1.6026 0.6148, 1.9978 -1.6107 0.6201, 1.9982 -1.6107 0.6201, 1.9978 -1.6138 0.6232, 1.9982 -1.6138 0.6232, 1.9978 -1.6195 0.631, 1.9982 -1.6195 0.631, 1.9978 -1.6234 0.6406, 1.9982 -1.6234 0.6406, 1.9978 -1.6254 0.6525, 1.9982 -1.6254 0.6525, 1.9978 -1.6256 0.6574, 1.9982 -1.6256 0.6574, 1.9978 -1.6236 0.6738, 1.9982 -1.6236 0.6738, 1.9978 -1.6196 0.6842, 1.9982 -1.6196 0.6842, 1.9978 -1.6138 0.6926, 1.9982 -1.6138 0.6926, 1.9978 -1.613 0.6935, 1.9982 -1.613 0.6935, 1.9978 -1.6053 0.7, 1.9982 -1.6053 0.7, 1.9978 -1.5959 0.7045, 1.9982 -1.5959 0.7045, 1.9978 -1.5855 0.7066, 1.9982 -1.5855 0.7066, 1.9978 -1.5802 0.7068, 1.9982 -1.5802 0.7068, 1.9978 -1.5519 0.6997, 1.9982 -1.5519 0.6997, 1.9982 -1.5533 0.7004, 1.9978 -1.5655 0.7051, 1.9982 -1.5655 0.7051, 1.9978 -1.5571 0.7019, 1.9978 -1.5533 0.7004, 1.9982 -1.5519 0.7159, 1.9978 -1.5519 0.7159, 1.9978 -1.5571 0.7174, 1.9982 -1.5647 0.7196, 1.9978 -1.5804 0.7208, 1.9982 -1.5804 0.7208, 1.9978 -1.5675 0.7198, 1.9978 -1.5647 0.7196, 1.9978 -1.5888 0.7198, 1.9982 -1.5977 0.7188, 1.9978 -1.5977 0.7188, 1.9978 -1.6103 0.7139, 1.9982 -1.6103 0.7139, 1.9978 -1.6215 0.706, 1.9982 -1.6215 0.706, 1.9978 -1.6245 0.7032, 1.9982 -1.6245 0.7032, 1.9978 -1.6332 0.6918, 1.9982 -1.6332 0.6918, 1.9978 -1.6365 0.6841, 1.9982 -1.6389 0.6784, 1.9978 -1.6389 0.6784, 1.9978 -1.6417 0.6628, 1.9982 -1.6417 0.6628, 1.9978 -1.6419 0.6565, 1.9982 -1.6419 0.6565, 1.9978 -1.6395 0.637, 1.9982 -1.6395 0.637, 1.9978 -1.6365 0.6292, 1.9982 -1.6346 0.6245, 1.9978 -1.6346 0.6245, 1.9978 -1.6275 0.6142, 1.9982 -1.6275 0.6142, 1.9978 -1.6265 0.6131, 1.9982 -1.6265 0.6131, 1.9982 -1.5943 0.5972, 1.9978 -1.6181 0.6059, 1.9982 -1.6181 0.6059, 1.9978 -1.607 0.6002, 1.9982 -1.607 0.6002, 1.9978 -1.5963 0.5977, 1.9978 -1.5943 0.5972, 1.9982 -1.4633 0.6124, 1.9982 -1.4633 0.5987, 1.9978 -1.4633 0.6124, 1.9978 -1.4633 0.5987, 1.9978 -1.5124 0.6124, 1.9982 -1.5124 0.6124, 1.9978 -1.48 0.6124, 1.9982 -1.5124 0.6528, 1.9978 -1.5124 0.6528, 1.9978 -1.4694 0.6528, 1.9982 -1.4694 0.6528, 1.9978 -1.48 0.6528, 1.9982 -1.4694 0.6666, 1.9978 -1.4694 0.6666, 1.9978 -1.5124 0.6666, 1.9982 -1.5124 0.6666, 1.9978 -1.48 0.6666, 1.9982 -1.5124 0.705, 1.9978 -1.5124 0.705, 1.9978 -1.466 0.705, 1.9982 -1.466 0.705, 1.9978 -1.48 0.705, 1.9982 -1.466 0.7188, 1.9978 -1.466 0.7188, 1.9978 -1.5279 0.7188, 1.9982 -1.5279 0.7188, 1.9978 -1.48 0.7188, 1.9982 -1.5279 0.5987, 1.9978 -1.5279 0.5987, 1.9978 -1.48 0.5987, 1.9982 -1.3661 0.6323, 1.9982 -1.372 0.6249, 1.9982 -1.3609 0.6155, 1.9982 -1.3734 0.6236, 1.9982 -1.3736 0.6065, 1.9982 -1.3812 0.6182, 1.9982 -1.3873 0.6012, 1.9982 -1.3911 0.6144, 1.9982 -1.4076 0.5987, 1.9982 -1.4077 0.6124, 1.9982 -1.4406 0.5987, 1.9982 -1.4251 0.6124, 1.9982 -1.4406 0.7188, 1.9982 -1.4251 0.705, 1.9982 -1.4064 0.7188, 1.9982 -1.407 0.705, 1.9982 -1.388 0.7168, 1.9982 -1.3908 0.7031, 1.9982 -1.3735 0.7115, 1.9982 -1.3805 0.6992, 1.9982 -1.3609 0.7029, 1.9982 -1.3723 0.6937, 1.9982 -1.3567 0.6987, 1.9982 -1.3689 0.6903, 1.9982 -1.3492 0.6882, 1.9982 -1.3643 0.6836, 1.9982 -1.3448 0.6768, 1.9982 -1.3609 0.6748, 1.9982 -1.3428 0.6603, 1.9982 -1.3591 0.6599, 1.9982 -1.3432 0.6526, 1.9982 -1.3595 0.6521, 1.9982 -1.3461 0.6386, 1.9982 -1.3619 0.6412, 1.9982 -1.352 0.6262, 1.9978 -1.4076 0.5987, 1.9978 -1.4406 0.5987, 1.9978 -1.3873 0.6012, 1.9978 -1.3736 0.6065, 1.9978 -1.3609 0.6155, 1.9978 -1.352 0.6262, 1.9978 -1.3461 0.6386, 1.9978 -1.3432 0.6526, 1.9978 -1.3428 0.6603, 1.9978 -1.3448 0.6768, 1.9978 -1.3492 0.6882, 1.9978 -1.3567 0.6987, 1.9978 -1.3609 0.7029, 1.9978 -1.3735 0.7115, 1.9978 -1.388 0.7168, 1.9978 -1.4064 0.7188, 1.9978 -1.4406 0.7188, 1.9978 -1.407 0.705, 1.9978 -1.4251 0.705, 1.9978 -1.4251 0.6124, 1.9978 -1.4077 0.6124, 1.9978 -1.372 0.6249, 1.9978 -1.3734 0.6236, 1.9978 -1.3812 0.6182, 1.9978 -1.3911 0.6144, 1.9978 -1.3591 0.6599, 1.9978 -1.3595 0.6521, 1.9978 -1.3619 0.6412, 1.9978 -1.3661 0.6323, 1.9978 -1.3723 0.6937, 1.9978 -1.3689 0.6903, 1.9978 -1.3643 0.6836, 1.9978 -1.3609 0.6748, 1.9978 -1.3908 0.7031, 1.9978 -1.3805 0.6992
            ]
        }
        coordIndex [
            0,1,2,-1,2,1,3,-1,4,0,5,-1,5,0,2,-1,6,4,7,-1,7,4,5,-1,8,6,9,-1,9,6,7,-1,10,8,11,-1,11,8,9,-1,1,10,3,-1,3,10,11,-1,6,8,4,-1,4,8,10,-1,4,10,0,-1,0,10,1,-1,12,13,14,-1,15,16,17,-1,17,16,18,-1,17,19,15,-1,15,19,20,-1,15,20,14,-1,14,20,21,-1,14,21,12,-1,22,13,23,-1,23,13,12,-1,24,22,25,-1,25,22,23,-1,25,26,24,-1,24,26,27,-1,24,27,28,-1,28,27,29,-1,28,29,30,-1,30,29,31,-1,30,31,32,-1,32,31,33,-1,32,33,34,-1,34,33,35,-1,34,35,36,-1,36,35,37,-1,36,37,38,-1,38,37,39,-1,38,39,40,-1,40,39,41,-1,40,41,42,-1,42,41,43,-1,42,43,44,-1,44,43,45,-1,44,45,46,-1,46,45,47,-1,46,47,48,-1,48,47,49,-1,48,49,50,-1,50,49,51,-1,50,51,52,-1,52,51,53,-1,52,53,54,-1,54,53,55,-1,54,55,56,-1,56,55,57,-1,56,57,58,-1,58,57,59,-1,58,59,60,-1,60,59,61,-1,60,61,62,-1,63,64,65,-1,62,61,66,-1,62,66,67,-1,67,66,68,-1,67,68,65,-1,65,68,69,-1,65,69,63,-1,70,64,71,-1,71,64,63,-1,70,71,72,-1,70,72,73,-1,74,75,76,-1,76,75,73,-1,76,73,77,-1,77,73,72,-1,75,74,78,-1,75,78,79,-1,78,80,79,-1,79,80,81,-1,79,81,82,-1,82,81,83,-1,82,83,84,-1,84,83,85,-1,84,85,86,-1,86,85,87,-1,86,87,88,-1,88,87,89,-1,88,89,90,-1,89,91,90,-1,90,91,92,-1,90,92,93,-1,93,92,94,-1,93,94,95,-1,95,94,96,-1,95,96,97,-1,97,96,98,-1,97,98,99,-1,98,100,99,-1,99,100,101,-1,99,101,102,-1,102,101,103,-1,102,103,104,-1,18,16,105,-1,104,103,106,-1,104,106,107,-1,107,106,108,-1,107,108,109,-1,109,108,110,-1,109,110,105,-1,105,110,111,-1,105,111,18,-1,86,54,84,-1,84,54,56,-1,84,56,82,-1,95,46,93,-1,93,46,48,-1,93,48,90,-1,90,48,88,-1,88,48,50,-1,88,50,86,-1,86,50,52,-1,86,52,54,-1,82,56,79,-1,79,56,58,-1,79,58,75,-1,13,22,14,-1,14,22,24,-1,14,24,15,-1,15,24,28,-1,15,28,16,-1,16,28,30,-1,16,30,105,-1,105,30,32,-1,105,32,109,-1,109,32,34,-1,109,34,107,-1,107,34,36,-1,107,36,104,-1,104,36,38,-1,104,38,102,-1,102,38,40,-1,102,40,99,-1,99,40,97,-1,97,40,42,-1,97,42,95,-1,95,42,44,-1,95,44,46,-1,58,60,75,-1,75,60,62,-1,75,62,73,-1,73,62,67,-1,73,67,70,-1,70,67,65,-1,70,65,64,-1,112,113,114,-1,114,113,115,-1,116,117,118,-1,118,117,112,-1,118,112,114,-1,119,117,120,-1,120,117,116,-1,121,122,123,-1,123,122,119,-1,123,119,120,-1,124,122,125,-1,125,122,121,-1,126,127,128,-1,128,127,124,-1,128,124,125,-1,129,127,130,-1,130,127,126,-1,131,132,133,-1,133,132,129,-1,133,129,130,-1,134,132,135,-1,135,132,131,-1,136,137,138,-1,138,137,134,-1,138,134,135,-1,139,137,140,-1,140,137,136,-1,115,113,141,-1,141,113,139,-1,141,139,140,-1,139,113,112,-1,112,117,139,-1,139,117,119,-1,139,119,137,-1,132,134,129,-1,129,134,137,-1,129,137,127,-1,127,137,119,-1,127,119,124,-1,124,119,122,-1,142,143,144,-1,144,143,145,-1,144,145,146,-1,146,145,147,-1,146,147,148,-1,148,147,149,-1,148,149,150,-1,150,149,151,-1,150,151,152,-1,152,151,153,-1,152,153,154,-1,154,153,155,-1,154,155,156,-1,156,155,157,-1,156,157,158,-1,158,157,159,-1,158,159,160,-1,160,159,161,-1,160,161,162,-1,162,161,163,-1,162,163,164,-1,164,163,165,-1,164,165,166,-1,166,165,167,-1,166,167,168,-1,168,167,169,-1,168,169,170,-1,170,169,171,-1,170,171,172,-1,172,171,173,-1,172,173,174,-1,174,173,175,-1,174,175,176,-1,176,175,142,-1,176,142,144,-1,150,152,177,-1,177,152,178,-1,150,177,179,-1,150,179,148,-1,148,179,180,-1,148,180,146,-1,146,180,181,-1,146,181,144,-1,144,181,182,-1,144,182,176,-1,176,182,183,-1,176,183,174,-1,174,183,184,-1,174,184,172,-1,172,184,185,-1,172,185,170,-1,170,185,186,-1,170,186,168,-1,168,186,187,-1,168,187,166,-1,166,187,188,-1,166,188,164,-1,164,188,189,-1,164,189,162,-1,162,189,190,-1,162,190,160,-1,160,190,191,-1,160,191,158,-1,158,191,192,-1,158,192,156,-1,154,156,193,-1,193,156,192,-1,152,154,178,-1,178,154,193,-1,157,155,194,-1,194,155,195,-1,155,153,195,-1,195,153,196,-1,153,151,196,-1,196,151,197,-1,143,198,199,-1,143,199,145,-1,145,199,200,-1,145,200,147,-1,147,200,201,-1,147,201,149,-1,149,201,197,-1,149,197,151,-1,171,202,203,-1,171,203,173,-1,173,203,204,-1,173,204,175,-1,175,204,205,-1,175,205,142,-1,142,205,198,-1,142,198,143,-1,163,206,207,-1,163,207,165,-1,165,207,208,-1,165,208,167,-1,167,208,209,-1,167,209,169,-1,169,209,202,-1,169,202,171,-1,157,194,210,-1,157,210,159,-1,159,210,211,-1,159,211,161,-1,161,211,206,-1,161,206,163,-1,
        ]
    }
}
Shape{
    appearance Appearance {
        material  Material 	{
            diffuseColor 0.2235294117647059 0.2235294117647059 0.2235294117647059
            specularColor 0.11372549019607843 0.11372549019607843 0.11372549019607843
            ambientIntensity 0.2235
            transparency 0.0
            shininess 0.5
        }
    }
    geometry IndexedFaceSet {
        ccw TRUE
        solid FALSE
        coord DEF co Coordinate {
            point [
                1.9978 -1.4251 0.705, 1.9978 -1.4251 0.6124, 1.9978 -1.407 0.705, 1.9978 -1.4077 0.6124, 1.9978 -1.3911 0.6144, 1.9978 -1.3812 0.6182, 1.9978 -1.3734 0.6236, 1.9978 -1.372 0.6249, 1.9978 -1.3661 0.6323, 1.9978 -1.3619 0.6412, 1.9978 -1.3591 0.6599, 1.9978 -1.3723 0.6937, 1.9978 -1.3805 0.6992, 1.9978 -1.3609 0.6748, 1.9978 -1.3643 0.6836, 1.9978 -1.3689 0.6903, 1.9978 -1.3595 0.6521, 1.9978 -1.3908 0.7031
            ]
        }
        coordIndex [
            0,1,2,-1,2,1,3,-1,3,4,2,-1,2,4,5,-1,2,5,6,-1,6,7,2,-1,2,7,8,-1,2,8,9,-1,10,11,12,-1,13,14,10,-1,10,14,15,-1,10,15,11,-1,9,16,2,-1,2,16,10,-1,2,10,17,-1,17,10,12,-1,
        ]
    }
}
Shape{
    appearance Appearance {
        material  Material 	{
            diffuseColor 1.0 1.0 1.0
            specularColor 0.5019607843137255 0.5019607843137255 0.5019607843137255
            ambientIntensity 1.0
            transparency 0.0
            shininess 0.5
        }
    }
    geometry IndexedFaceSet {
        ccw TRUE
        solid FALSE
        coord DEF co Coordinate {
            point [
                1.9982 -1.3026 0.6451, 1.9982 -1.3075 0.6316, 1.9982 -1.2623 0.6451, 1.9982 -1.2575 0.6316, 1.9982 -1.2846 0.6951, 1.9982 -1.2904 0.7188, 1.9982 -1.3362 0.5987, 1.9982 -1.319 0.5987, 1.9982 -1.2836 0.6986, 1.9982 -1.2827 0.7035, 1.9982 -1.2738 0.7188, 1.9982 -1.2823 0.7035, 1.9982 -1.2813 0.6984, 1.9982 -1.2804 0.6951, 1.9982 -1.2281 0.5987, 1.9982 -1.2452 0.5987, 1.9978 -1.2738 0.7188, 1.9978 -1.2281 0.5987, 1.9978 -1.2904 0.7188, 1.9978 -1.3362 0.5987, 1.9978 -1.3016 0.6896, 1.9978 -1.319 0.5987, 1.9978 -1.3075 0.6316, 1.9978 -1.2575 0.6316, 1.9978 -1.3016 0.6316, 1.9978 -1.2452 0.5987, 1.9978 -1.3026 0.6451, 1.9978 -1.2623 0.6451, 1.9978 -1.2804 0.6951, 1.9978 -1.2823 0.7035, 1.9978 -1.2813 0.6984, 1.9978 -1.2827 0.7035, 1.9978 -1.2846 0.6951, 1.9978 -1.2836 0.6986
            ]
        }
        coordIndex [
            0,1,2,-1,2,1,3,-1,4,5,0,-1,0,5,6,-1,0,6,1,-1,1,6,7,-1,4,8,5,-1,5,8,9,-1,5,9,10,-1,10,9,11,-1,10,11,12,-1,12,13,10,-1,10,13,2,-1,10,2,14,-1,14,2,3,-1,14,3,15,-1,10,14,16,-1,16,14,17,-1,5,10,18,-1,18,10,16,-1,19,6,20,-1,20,6,5,-1,20,5,18,-1,7,6,21,-1,21,6,19,-1,1,7,22,-1,22,7,21,-1,23,3,24,-1,24,3,1,-1,24,1,22,-1,15,3,25,-1,25,3,23,-1,14,15,17,-1,17,15,25,-1,0,2,26,-1,26,2,27,-1,2,13,27,-1,27,13,28,-1,11,29,30,-1,11,30,12,-1,12,30,28,-1,12,28,13,-1,11,9,29,-1,29,9,31,-1,4,32,33,-1,4,33,8,-1,8,33,31,-1,8,31,9,-1,4,0,32,-1,32,0,26,-1,
        ]
    }
}
Shape{
    appearance Appearance {
        material  Material 	{
            diffuseColor 0.2235294117647059 0.2235294117647059 0.2235294117647059
            specularColor 0.11372549019607843 0.11372549019607843 0.11372549019607843
            ambientIntensity 0.2235
            transparency 0.0
            shininess 0.5
        }
    }
    geometry IndexedFaceSet {
        ccw TRUE
        solid FALSE
        coord DEF co Coordinate {
            point [
                1.9978 -1.2823 0.7035, 1.9978 -1.2827 0.7035, 1.9978 -1.2813 0.6984, 1.9978 -1.2836 0.6986, 1.9978 -1.2804 0.6951, 1.9978 -1.2846 0.6951, 1.9978 -1.2623 0.6451, 1.9978 -1.3026 0.6451
            ]
        }
        coordIndex [
            0,1,2,-1,2,1,3,-1,2,3,4,-1,4,3,5,-1,4,5,6,-1,6,5,7,-1,
        ]
    }
}
Shape{
    appearance Appearance {
        material  Material 	{
            diffuseColor 1.0 1.0 1.0
            specularColor 0.5019607843137255 0.5019607843137255 0.5019607843137255
            ambientIntensity 1.0
            transparency 0.0
            shininess 0.5
        }
    }
    geometry IndexedFaceSet {
        ccw TRUE
        solid FALSE
        coord DEF co Coordinate {
            point [
                1.9982 -1.6455 0.4219, 1.9982 -1.6455 0.4082, 1.9978 -1.6455 0.4219, 1.9978 -1.6455 0.4082, 1.9982 -1.6946 0.4219, 1.9978 -1.6946 0.4219, 1.9982 -1.6946 0.4623, 1.9978 -1.6946 0.4623, 1.9982 -1.6517 0.4623, 1.9978 -1.6517 0.4623, 1.9982 -1.6517 0.476, 1.9978 -1.6517 0.476, 1.9982 -1.6946 0.476, 1.9978 -1.6946 0.476, 1.9982 -1.6946 0.5145, 1.9978 -1.6946 0.5145, 1.9982 -1.6483 0.5145, 1.9978 -1.6483 0.5145, 1.9982 -1.6483 0.5283, 1.9978 -1.6483 0.5283, 1.9982 -1.7101 0.5283, 1.9978 -1.7101 0.5283, 1.9982 -1.7101 0.4082, 1.9978 -1.7101 0.4082, 1.9982 -1.5776 0.4214, 1.9982 -1.5772 0.4214, 1.9982 -1.5782 0.4353, 1.9982 -1.5773 0.442, 1.9982 -1.5622 0.4634, 1.9982 -1.5772 0.443, 1.9982 -1.5772 0.4512, 1.9982 -1.5772 0.4082, 1.9982 -1.5622 0.4082, 1.9982 -1.6157 0.4348, 1.9982 -1.615 0.4382, 1.9982 -1.628 0.4448, 1.9982 -1.5804 0.4299, 1.9982 -1.5837 0.4255, 1.9982 -1.5801 0.4178, 1.9982 -1.5856 0.4237, 1.9982 -1.5848 0.4127, 1.9982 -1.5898 0.4208, 1.9982 -1.59 0.4092, 1.9982 -1.5944 0.4191, 1.9982 -1.5961 0.407, 1.9982 -1.6 0.4185, 1.9982 -1.6039 0.4062, 1.9982 -1.6051 0.4191, 1.9982 -1.6129 0.4072, 1.9982 -1.6085 0.4203, 1.9982 -1.6187 0.4094, 1.9982 -1.6115 0.4224, 1.9982 -1.6238 0.4129, 1.9982 -1.6128 0.4237, 1.9982 -1.625 0.4491, 1.9982 -1.6137 0.441, 1.9982 -1.6204 0.4531, 1.9982 -1.6119 0.4432, 1.9982 -1.6139 0.4564, 1.9982 -1.61 0.4447, 1.9982 -1.6065 0.4464, 1.9982 -1.6027 0.4591, 1.9982 -1.5973 0.4485, 1.9982 -1.5772 0.4627, 1.9982 -1.6301 0.4395, 1.9982 -1.6311 0.4331, 1.9982 -1.6159 0.4324, 1.9982 -1.6311 0.4311, 1.9982 -1.6155 0.4289, 1.9982 -1.6304 0.4243, 1.9982 -1.6145 0.4262, 1.9982 -1.6286 0.4192, 1.9982 -1.6254 0.4146, 1.9982 -1.6227 0.4879, 1.9982 -1.6227 0.4733, 1.9982 -1.6196 0.4898, 1.9982 -1.6135 0.4793, 1.9982 -1.6084 0.4941, 1.9982 -1.6041 0.4827, 1.9982 -1.5932 0.4959, 1.9982 -1.5946 0.4837, 1.9982 -1.5842 0.4951, 1.9982 -1.5895 0.4832, 1.9982 -1.5778 0.4932, 1.9982 -1.586 0.482, 1.9982 -1.5728 0.4904, 1.9982 -1.5834 0.4802, 1.9982 -1.5688 0.4865, 1.9982 -1.5811 0.4778, 1.9982 -1.5657 0.4817, 1.9982 -1.5793 0.4747, 1.9982 -1.5634 0.4749, 1.9982 -1.5778 0.4694, 1.9978 -1.5932 0.4959, 1.9978 -1.6084 0.4941, 1.9978 -1.6196 0.4898, 1.9978 -1.6227 0.4879, 1.9978 -1.6227 0.4733, 1.9978 -1.6135 0.4793, 1.9978 -1.6041 0.4827, 1.9978 -1.5946 0.4837, 1.9978 -1.5895 0.4832, 1.9978 -1.586 0.482, 1.9978 -1.5834 0.4802, 1.9978 -1.5811 0.4778, 1.9978 -1.5793 0.4747, 1.9978 -1.5778 0.4694, 1.9978 -1.5772 0.4627, 1.9978 -1.6027 0.4591, 1.9978 -1.6139 0.4564, 1.9978 -1.6204 0.4531, 1.9978 -1.625 0.4491, 1.9978 -1.628 0.4448, 1.9978 -1.6301 0.4395, 1.9978 -1.6311 0.4331, 1.9978 -1.6311 0.4311, 1.9978 -1.6304 0.4243, 1.9978 -1.6286 0.4192, 1.9978 -1.6254 0.4146, 1.9978 -1.6238 0.4129, 1.9978 -1.6039 0.4062, 1.9978 -1.6126 0.4072, 1.9978 -1.6129 0.4072, 1.9978 -1.6187 0.4094, 1.9978 -1.5961 0.407, 1.9978 -1.5957 0.4072, 1.9978 -1.59 0.4092, 1.9978 -1.5848 0.4127, 1.9978 -1.5801 0.4178, 1.9978 -1.5776 0.4214, 1.9978 -1.5772 0.4214, 1.9978 -1.5772 0.4082, 1.9978 -1.5622 0.4082, 1.9978 -1.5622 0.4634, 1.9978 -1.5634 0.4749, 1.9978 -1.5657 0.4817, 1.9978 -1.5688 0.4865, 1.9978 -1.5728 0.4904, 1.9978 -1.5778 0.4932, 1.9978 -1.5842 0.4951, 1.9978 -1.6119 0.4432, 1.9978 -1.61 0.4447, 1.9978 -1.6065 0.4464, 1.9978 -1.5973 0.4485, 1.9978 -1.6159 0.4324, 1.9978 -1.6157 0.4348, 1.9978 -1.615 0.4382, 1.9978 -1.6137 0.441, 1.9978 -1.6115 0.4224, 1.9978 -1.6128 0.4237, 1.9978 -1.6145 0.4262, 1.9978 -1.6155 0.4289, 1.9978 -1.6 0.4185, 1.9978 -1.6051 0.4191, 1.9978 -1.6085 0.4203, 1.9978 -1.5837 0.4255, 1.9978 -1.5856 0.4237, 1.9978 -1.5898 0.4208, 1.9978 -1.5944 0.4191, 1.9978 -1.5772 0.443, 1.9978 -1.5773 0.442, 1.9978 -1.5782 0.4353, 1.9978 -1.5804 0.4299, 1.9978 -1.5772 0.4512
            ]
        }
        coordIndex [
            0,1,2,-1,2,1,3,-1,4,0,5,-1,5,0,2,-1,6,4,7,-1,7,4,5,-1,8,6,9,-1,9,6,7,-1,10,8,11,-1,11,8,9,-1,12,10,13,-1,13,10,11,-1,14,12,15,-1,15,12,13,-1,16,14,17,-1,17,14,15,-1,18,16,19,-1,19,16,17,-1,20,18,21,-1,21,18,19,-1,22,20,23,-1,23,20,21,-1,1,22,3,-1,3,22,23,-1,22,1,0,-1,0,4,22,-1,22,4,6,-1,22,6,20,-1,16,18,14,-1,14,18,20,-1,14,20,12,-1,12,20,6,-1,12,6,10,-1,10,6,8,-1,24,25,26,-1,27,28,29,-1,29,28,30,-1,31,32,25,-1,25,32,28,-1,25,28,26,-1,26,28,27,-1,33,34,35,-1,26,36,24,-1,24,36,37,-1,24,37,38,-1,38,37,39,-1,38,39,40,-1,40,39,41,-1,40,41,42,-1,42,41,43,-1,42,43,44,-1,44,43,45,-1,44,45,46,-1,46,45,47,-1,46,47,48,-1,48,47,49,-1,48,49,50,-1,50,49,51,-1,50,51,52,-1,52,51,53,-1,35,34,54,-1,54,34,55,-1,54,55,56,-1,56,55,57,-1,56,57,58,-1,57,59,58,-1,58,59,60,-1,58,60,61,-1,61,60,62,-1,61,62,63,-1,35,64,33,-1,33,64,65,-1,33,65,66,-1,66,65,67,-1,66,67,68,-1,68,67,69,-1,68,69,70,-1,70,69,71,-1,70,71,53,-1,53,71,72,-1,53,72,52,-1,73,74,75,-1,75,74,76,-1,75,76,77,-1,77,76,78,-1,77,78,79,-1,79,78,80,-1,79,80,81,-1,81,80,82,-1,81,82,83,-1,83,82,84,-1,83,84,85,-1,85,84,86,-1,85,86,87,-1,87,86,88,-1,87,88,89,-1,89,88,90,-1,89,90,91,-1,91,90,92,-1,91,92,28,-1,28,92,63,-1,28,63,30,-1,30,63,62,-1,79,93,94,-1,79,94,77,-1,77,94,95,-1,77,95,75,-1,75,95,96,-1,75,96,73,-1,74,73,97,-1,97,73,96,-1,74,97,98,-1,74,98,76,-1,76,98,99,-1,76,99,78,-1,78,99,100,-1,78,100,80,-1,80,100,101,-1,80,101,82,-1,82,101,102,-1,82,102,84,-1,84,102,103,-1,84,103,86,-1,86,103,104,-1,86,104,88,-1,88,104,105,-1,88,105,90,-1,90,105,106,-1,90,106,92,-1,92,106,107,-1,92,107,63,-1,61,63,108,-1,108,63,107,-1,61,108,109,-1,61,109,58,-1,58,109,110,-1,58,110,56,-1,56,110,111,-1,56,111,54,-1,54,111,112,-1,54,112,35,-1,35,112,113,-1,35,113,64,-1,64,113,114,-1,64,114,65,-1,65,114,115,-1,65,115,67,-1,67,115,116,-1,67,116,69,-1,69,116,117,-1,69,117,71,-1,71,117,118,-1,71,118,72,-1,72,118,119,-1,72,119,52,-1,120,46,121,-1,121,46,48,-1,121,48,122,-1,122,48,50,-1,122,50,123,-1,123,50,52,-1,123,52,119,-1,46,120,124,-1,46,124,44,-1,44,124,125,-1,44,125,42,-1,125,126,42,-1,42,126,127,-1,42,127,40,-1,40,127,128,-1,40,128,38,-1,38,128,129,-1,38,129,24,-1,25,24,130,-1,130,24,129,-1,31,25,131,-1,131,25,130,-1,32,31,132,-1,132,31,131,-1,28,32,133,-1,133,32,132,-1,28,133,134,-1,28,134,91,-1,91,134,135,-1,91,135,89,-1,89,135,136,-1,89,136,87,-1,87,136,137,-1,87,137,85,-1,85,137,138,-1,85,138,83,-1,83,138,139,-1,83,139,81,-1,81,139,93,-1,81,93,79,-1,57,140,141,-1,57,141,59,-1,59,141,142,-1,59,142,60,-1,60,142,143,-1,60,143,62,-1,66,144,145,-1,66,145,33,-1,33,145,146,-1,33,146,34,-1,34,146,147,-1,34,147,55,-1,55,147,140,-1,55,140,57,-1,51,148,149,-1,51,149,53,-1,53,149,150,-1,53,150,70,-1,70,150,151,-1,70,151,68,-1,68,151,144,-1,68,144,66,-1,45,152,153,-1,45,153,47,-1,47,153,154,-1,47,154,49,-1,49,154,148,-1,49,148,51,-1,37,155,156,-1,37,156,39,-1,39,156,157,-1,39,157,41,-1,41,157,158,-1,41,158,43,-1,43,158,152,-1,43,152,45,-1,29,159,160,-1,29,160,27,-1,27,160,161,-1,27,161,26,-1,26,161,162,-1,26,162,36,-1,36,162,155,-1,36,155,37,-1,29,30,159,-1,159,30,163,-1,30,62,163,-1,163,62,143,-1,
        ]
    }
}
Shape{
    appearance Appearance {
        material  Material 	{
            diffuseColor 0.2235294117647059 0.2235294117647059 0.2235294117647059
            specularColor 0.11372549019607843 0.11372549019607843 0.11372549019607843
            ambientIntensity 0.2235
            transparency 0.0
            shininess 0.5
        }
    }
    geometry IndexedFaceSet {
        ccw TRUE
        solid FALSE
        coord DEF co Coordinate {
            point [
                1.9978 -1.5773 0.442, 1.9978 -1.5772 0.443, 1.9978 -1.6119 0.4432, 1.9978 -1.5772 0.4512, 1.9978 -1.5973 0.4485, 1.9978 -1.6065 0.4464, 1.9978 -1.61 0.4447, 1.9978 -1.5782 0.4353, 1.9978 -1.6137 0.441, 1.9978 -1.5804 0.4299, 1.9978 -1.6128 0.4237, 1.9978 -1.6115 0.4224, 1.9978 -1.5856 0.4237, 1.9978 -1.6145 0.4262, 1.9978 -1.5898 0.4208, 1.9978 -1.5944 0.4191, 1.9978 -1.6 0.4185, 1.9978 -1.615 0.4382, 1.9978 -1.6157 0.4348, 1.9978 -1.5837 0.4255, 1.9978 -1.6159 0.4324, 1.9978 -1.6155 0.4289, 1.9978 -1.6085 0.4203, 1.9978 -1.6051 0.4191
            ]
        }
        coordIndex [
            0,1,2,-1,1,3,4,-1,4,5,1,-1,1,5,6,-1,1,6,2,-1,0,2,7,-1,7,2,8,-1,7,8,9,-1,10,11,12,-1,10,12,13,-1,14,12,15,-1,15,12,16,-1,8,17,9,-1,9,17,18,-1,9,18,19,-1,19,18,20,-1,19,20,12,-1,12,20,21,-1,12,21,13,-1,11,22,12,-1,12,22,23,-1,12,23,16,-1,
        ]
    }
}
Shape{
    appearance Appearance {
        material  Material 	{
            diffuseColor 1.0 1.0 1.0
            specularColor 0.5019607843137255 0.5019607843137255 0.5019607843137255
            ambientIntensity 1.0
            transparency 0.0
            shininess 0.5
        }
    }
    geometry IndexedFaceSet {
        ccw TRUE
        solid FALSE
        coord DEF co Coordinate {
            point [
                1.9978 -1.5418 0.4267, 1.9982 -1.5418 0.4267, 1.9982 -1.5361 0.4232, 1.9982 -1.5171 0.4184, 1.9978 -1.5171 0.4184, 1.9978 -1.5267 0.4196, 1.9982 -1.5267 0.4196, 1.9978 -1.5349 0.4227, 1.9978 -1.5361 0.4232, 1.9982 -1.5418 0.4112, 1.9978 -1.5418 0.4112, 1.9982 -1.5322 0.4077, 1.9978 -1.5349 0.4087, 1.9978 -1.5185 0.4062, 1.9982 -1.5185 0.4062, 1.9978 -1.5275 0.4072, 1.9978 -1.5322 0.4077, 1.9982 -1.5068 0.4073, 1.9978 -1.5084 0.4072, 1.9978 -1.5068 0.4073, 1.9978 -1.4984 0.4101, 1.9982 -1.4984 0.4101, 1.9978 -1.4935 0.413, 1.9982 -1.4935 0.413, 1.9978 -1.4892 0.4167, 1.9982 -1.4892 0.4167, 1.9978 -1.4864 0.4207, 1.9982 -1.4864 0.4207, 1.9978 -1.4846 0.4255, 1.9982 -1.4846 0.4255, 1.9978 -1.4839 0.4315, 1.9982 -1.4839 0.4315, 1.9978 -1.4845 0.4371, 1.9982 -1.4845 0.4371, 1.9978 -1.4861 0.4416, 1.9982 -1.4861 0.4416, 1.9978 -1.4889 0.4457, 1.9982 -1.4889 0.4457, 1.9978 -1.4925 0.4489, 1.9982 -1.4925 0.4489, 1.9978 -1.5025 0.4545, 1.9982 -1.5025 0.4545, 1.9978 -1.5083 0.4568, 1.9982 -1.5083 0.4568, 1.9978 -1.5176 0.4609, 1.9982 -1.5176 0.4609, 1.9978 -1.5229 0.4642, 1.9982 -1.5229 0.4642, 1.9978 -1.5244 0.4658, 1.9982 -1.5244 0.4658, 1.9978 -1.5255 0.4678, 1.9982 -1.5255 0.4678, 1.9978 -1.5261 0.4702, 1.9982 -1.5261 0.4702, 1.9978 -1.5262 0.4722, 1.9982 -1.5262 0.4722, 1.9978 -1.5259 0.4746, 1.9982 -1.5259 0.4746, 1.9978 -1.5252 0.4766, 1.9982 -1.5252 0.4766, 1.9978 -1.5239 0.4785, 1.9982 -1.5239 0.4785, 1.9978 -1.5216 0.4805, 1.9982 -1.5216 0.4805, 1.9978 -1.5183 0.4823, 1.9982 -1.5183 0.4823, 1.9978 -1.5142 0.4834, 1.9982 -1.5142 0.4834, 1.9978 -1.5098 0.4837, 1.9982 -1.5098 0.4837, 1.9978 -1.4998 0.4826, 1.9982 -1.4998 0.4826, 1.9978 -1.4913 0.4794, 1.9982 -1.4913 0.4794, 1.9978 -1.488 0.4775, 1.9982 -1.488 0.4775, 1.9982 -1.488 0.4921, 1.9978 -1.488 0.4921, 1.9978 -1.4982 0.4951, 1.9982 -1.4982 0.4951, 1.9978 -1.5083 0.4959, 1.9982 -1.5083 0.4959, 1.9978 -1.5192 0.4948, 1.9982 -1.5192 0.4948, 1.9978 -1.5275 0.4918, 1.9982 -1.5275 0.4918, 1.9978 -1.5321 0.4891, 1.9982 -1.5321 0.4891, 1.9982 -1.5365 0.4851, 1.9978 -1.5349 0.4866, 1.9978 -1.5365 0.4851, 1.9978 -1.5393 0.481, 1.9982 -1.5393 0.481, 1.9978 -1.5411 0.4762, 1.9982 -1.5411 0.4762, 1.9978 -1.5417 0.4708, 1.9982 -1.5417 0.4708, 1.9978 -1.5411 0.465, 1.9982 -1.5411 0.465, 1.9978 -1.5394 0.4604, 1.9982 -1.5394 0.4604, 1.9978 -1.5375 0.4572, 1.9982 -1.5375 0.4572, 1.9978 -1.5189 0.4459, 1.9982 -1.5189 0.4459, 1.9982 -1.5279 0.45, 1.9978 -1.535 0.4547, 1.9982 -1.535 0.4547, 1.9978 -1.5349 0.4546, 1.9978 -1.5279 0.45, 1.9978 -1.5091 0.4417, 1.9982 -1.5091 0.4417, 1.9978 -1.5032 0.4382, 1.9982 -1.5032 0.4382, 1.9978 -1.5013 0.4363, 1.9982 -1.5013 0.4363, 1.9978 -1.5002 0.4343, 1.9982 -1.5002 0.4343, 1.9978 -1.4995 0.4319, 1.9982 -1.4995 0.4319, 1.9978 -1.4993 0.43, 1.9982 -1.4993 0.43, 1.9978 -1.4996 0.4272, 1.9982 -1.4996 0.4272, 1.9978 -1.5004 0.425, 1.9982 -1.5004 0.425, 1.9978 -1.5017 0.4231, 1.9982 -1.5017 0.4231, 1.9978 -1.5034 0.4216, 1.9982 -1.5034 0.4216, 1.9978 -1.5048 0.4207, 1.9982 -1.5048 0.4207, 1.9978 -1.5087 0.4193, 1.9982 -1.5087 0.4193, 1.9978 -1.5164 0.4184, 1.9982 -1.5164 0.4184, 1.9982 -1.4093 0.494, 1.9982 -1.3937 0.494, 1.9978 -1.4093 0.494, 1.9978 -1.3937 0.494, 1.9982 -1.4327 0.4294, 1.9978 -1.4327 0.4294, 1.9978 -1.4339 0.4254, 1.9982 -1.4339 0.4254, 1.9978 -1.4346 0.4224, 1.9982 -1.4346 0.4224, 1.9982 -1.435 0.4224, 1.9978 -1.435 0.4224, 1.9982 -1.4368 0.4295, 1.9978 -1.4368 0.4295, 1.9978 -1.4592 0.494, 1.9982 -1.4592 0.494, 1.9978 -1.452 0.4731, 1.9982 -1.476 0.494, 1.9978 -1.476 0.494, 1.9978 -1.4424 0.4084, 1.9982 -1.4424 0.4084, 1.9978 -1.452 0.4327, 1.9978 -1.449 0.3928, 1.9982 -1.449 0.3928, 1.9978 -1.4429 0.4072, 1.9978 -1.452 0.3873, 1.9982 -1.452 0.3873, 1.9978 -1.4548 0.3842, 1.9982 -1.4548 0.3842, 1.9978 -1.4574 0.3824, 1.9982 -1.4574 0.3824, 1.9978 -1.4607 0.3811, 1.9982 -1.4607 0.3811, 1.9978 -1.4644 0.3807, 1.9982 -1.4644 0.3807, 1.9978 -1.4699 0.3814, 1.9982 -1.4699 0.3814, 1.9978 -1.4729 0.3824, 1.9982 -1.4729 0.3824, 1.9982 -1.4729 0.369, 1.9978 -1.4729 0.369, 1.9978 -1.4666 0.3679, 1.9982 -1.4666 0.3679, 1.9978 -1.4632 0.3678, 1.9982 -1.4632 0.3678, 1.9978 -1.4572 0.3685, 1.9978 -1.452 0.3705, 1.9982 -1.4512 0.3707, 1.9982 -1.4572 0.3685, 1.9978 -1.4512 0.3707, 1.9978 -1.446 0.3744, 1.9982 -1.446 0.3744, 1.9978 -1.445 0.3754, 1.9982 -1.445 0.3754, 1.9978 -1.4394 0.382, 1.9982 -1.4394 0.382, 1.9978 -1.4326 0.3952, 1.9982 -1.4326 0.3952, 1.9978 -1.4279 0.4072, 1.9982 -1.3129 0.4219, 1.9982 -1.3129 0.4082, 1.9978 -1.3129 0.4219, 1.9978 -1.3129 0.4082, 1.9978 -1.362 0.4219, 1.9982 -1.362 0.4219, 1.9978 -1.3395 0.4219, 1.9982 -1.362 0.4623, 1.9978 -1.362 0.4623, 1.9978 -1.319 0.4623, 1.9982 -1.319 0.4623, 1.9978 -1.3395 0.4623, 1.9982 -1.319 0.476, 1.9978 -1.319 0.476, 1.9978 -1.362 0.476, 1.9982 -1.362 0.476, 1.9978 -1.3395 0.476, 1.9982 -1.362 0.5145, 1.9978 -1.362 0.5145, 1.9978 -1.3156 0.5145, 1.9982 -1.3156 0.5145, 1.9978 -1.3395 0.5145, 1.9982 -1.3156 0.5283, 1.9978 -1.3156 0.5283, 1.9978 -1.3775 0.5283, 1.9982 -1.3775 0.5283, 1.9978 -1.3395 0.5283, 1.9982 -1.3775 0.4082, 1.9978 -1.3775 0.4082, 1.9978 -1.3395 0.4082, 1.9982 -1.2156 0.4417, 1.9982 -1.2216 0.4344, 1.9982 -1.2105 0.425, 1.9982 -1.223 0.433, 1.9982 -1.2232 0.416, 1.9982 -1.2308 0.4277, 1.9982 -1.2369 0.4106, 1.9982 -1.2407 0.4238, 1.9982 -1.2572 0.4082, 1.9982 -1.2573 0.4219, 1.9982 -1.2902 0.4082, 1.9982 -1.2747 0.4219, 1.9982 -1.2902 0.5283, 1.9982 -1.2747 0.5145, 1.9982 -1.2559 0.5283, 1.9982 -1.2566 0.5145, 1.9982 -1.2376 0.5263, 1.9982 -1.2404 0.5126, 1.9982 -1.2231 0.521, 1.9982 -1.2301 0.5087, 1.9982 -1.2105 0.5124, 1.9982 -1.2219 0.5032, 1.9982 -1.2063 0.5082, 1.9982 -1.2185 0.4998, 1.9982 -1.1988 0.4977, 1.9982 -1.2139 0.4931, 1.9982 -1.1944 0.4862, 1.9982 -1.2105 0.4843, 1.9982 -1.1924 0.4698, 1.9982 -1.2087 0.4693, 1.9982 -1.1928 0.4621, 1.9982 -1.2091 0.4616, 1.9982 -1.1957 0.448, 1.9982 -1.2115 0.4506, 1.9982 -1.2016 0.4356, 1.9978 -1.2572 0.4082, 1.9978 -1.2902 0.4082, 1.9978 -1.2369 0.4106, 1.9978 -1.2232 0.416, 1.9978 -1.2105 0.425, 1.9978 -1.2016 0.4356, 1.9978 -1.1957 0.448, 1.9978 -1.1928 0.4621, 1.9978 -1.1924 0.4698, 1.9978 -1.1944 0.4862, 1.9978 -1.1988 0.4977, 1.9978 -1.2063 0.5082, 1.9978 -1.2105 0.5124, 1.9978 -1.2231 0.521, 1.9978 -1.2376 0.5263, 1.9978 -1.2559 0.5283, 1.9978 -1.2902 0.5283, 1.9978 -1.2566 0.5145, 1.9978 -1.2747 0.5145, 1.9978 -1.2747 0.4219, 1.9978 -1.2573 0.4219, 1.9978 -1.2216 0.4344, 1.9978 -1.223 0.433, 1.9978 -1.2308 0.4277, 1.9978 -1.2407 0.4238, 1.9978 -1.2087 0.4693, 1.9978 -1.2091 0.4616, 1.9978 -1.2115 0.4506, 1.9978 -1.2156 0.4417, 1.9978 -1.2219 0.5032, 1.9978 -1.2185 0.4998, 1.9978 -1.2139 0.4931, 1.9978 -1.2105 0.4843, 1.9978 -1.2404 0.5126, 1.9978 -1.2301 0.5087
            ]
        }
        coordIndex [
            0,1,2,-1,3,4,5,-1,3,5,6,-1,6,5,7,-1,6,7,2,-1,2,7,8,-1,2,8,0,-1,9,1,10,-1,10,1,0,-1,11,9,12,-1,12,9,10,-1,13,14,15,-1,15,14,11,-1,15,11,16,-1,16,11,12,-1,17,14,18,-1,18,14,13,-1,18,19,17,-1,17,19,20,-1,17,20,21,-1,21,20,22,-1,21,22,23,-1,23,22,24,-1,23,24,25,-1,25,24,26,-1,25,26,27,-1,27,26,28,-1,27,28,29,-1,29,28,30,-1,29,30,31,-1,31,30,32,-1,31,32,33,-1,33,32,34,-1,33,34,35,-1,35,34,36,-1,35,36,37,-1,37,36,38,-1,37,38,39,-1,39,38,40,-1,39,40,41,-1,41,40,42,-1,41,42,43,-1,43,42,44,-1,43,44,45,-1,45,44,46,-1,45,46,47,-1,47,46,48,-1,47,48,49,-1,49,48,50,-1,49,50,51,-1,51,50,52,-1,51,52,53,-1,53,52,54,-1,53,54,55,-1,55,54,56,-1,55,56,57,-1,57,56,58,-1,57,58,59,-1,59,58,60,-1,59,60,61,-1,61,60,62,-1,61,62,63,-1,63,62,64,-1,63,64,65,-1,65,64,66,-1,65,66,67,-1,67,66,68,-1,67,68,69,-1,69,68,70,-1,69,70,71,-1,71,70,72,-1,71,72,73,-1,73,72,74,-1,73,74,75,-1,76,75,77,-1,77,75,74,-1,76,77,78,-1,76,78,79,-1,79,78,80,-1,79,80,81,-1,81,80,82,-1,81,82,83,-1,83,82,84,-1,83,84,85,-1,85,84,86,-1,85,86,87,-1,88,87,89,-1,89,87,86,-1,89,90,88,-1,88,90,91,-1,88,91,92,-1,92,91,93,-1,92,93,94,-1,94,93,95,-1,94,95,96,-1,96,95,97,-1,96,97,98,-1,98,97,99,-1,98,99,100,-1,100,99,101,-1,100,101,102,-1,103,104,105,-1,102,101,106,-1,102,106,107,-1,107,106,108,-1,107,108,105,-1,105,108,109,-1,105,109,103,-1,104,103,110,-1,104,110,111,-1,111,110,112,-1,111,112,113,-1,113,112,114,-1,113,114,115,-1,115,114,116,-1,115,116,117,-1,117,116,118,-1,117,118,119,-1,119,118,120,-1,119,120,121,-1,121,120,122,-1,121,122,123,-1,123,122,124,-1,123,124,125,-1,125,124,126,-1,125,126,127,-1,127,126,128,-1,127,128,129,-1,129,128,130,-1,129,130,131,-1,131,130,132,-1,131,132,133,-1,133,132,134,-1,133,134,135,-1,135,134,4,-1,135,4,3,-1,61,63,85,-1,85,63,83,-1,45,104,43,-1,43,104,111,-1,43,111,41,-1,14,3,11,-1,11,3,6,-1,11,6,9,-1,9,6,2,-1,9,2,1,-1,63,65,83,-1,83,65,67,-1,83,67,81,-1,81,67,69,-1,81,69,79,-1,79,69,71,-1,79,71,76,-1,76,71,73,-1,76,73,75,-1,41,111,39,-1,39,111,113,-1,39,113,37,-1,37,113,115,-1,37,115,35,-1,35,115,117,-1,35,117,33,-1,33,117,119,-1,33,119,31,-1,31,119,121,-1,31,121,29,-1,29,121,123,-1,29,123,27,-1,27,123,125,-1,27,125,25,-1,25,125,127,-1,25,127,23,-1,23,127,129,-1,23,129,21,-1,21,129,131,-1,21,131,17,-1,17,131,133,-1,17,133,14,-1,14,133,135,-1,14,135,3,-1,85,87,61,-1,61,87,88,-1,61,88,59,-1,59,88,92,-1,59,92,57,-1,57,92,94,-1,57,94,55,-1,55,94,96,-1,55,96,53,-1,53,96,98,-1,53,98,51,-1,51,98,100,-1,51,100,49,-1,49,100,102,-1,49,102,47,-1,47,102,107,-1,47,107,45,-1,45,107,105,-1,45,105,104,-1,136,137,138,-1,138,137,139,-1,140,136,141,-1,141,136,138,-1,140,141,142,-1,140,142,143,-1,143,142,144,-1,143,144,145,-1,146,145,147,-1,147,145,144,-1,148,146,149,-1,149,146,147,-1,150,151,152,-1,152,151,148,-1,152,148,149,-1,153,151,154,-1,154,151,150,-1,155,156,157,-1,157,156,153,-1,157,153,154,-1,158,159,160,-1,160,159,156,-1,160,156,155,-1,159,158,161,-1,159,161,162,-1,162,161,163,-1,162,163,164,-1,164,163,165,-1,164,165,166,-1,166,165,167,-1,166,167,168,-1,168,167,169,-1,168,169,170,-1,170,169,171,-1,170,171,172,-1,172,171,173,-1,172,173,174,-1,175,174,176,-1,176,174,173,-1,175,176,177,-1,175,177,178,-1,178,177,179,-1,178,179,180,-1,180,179,181,-1,182,183,181,-1,181,183,184,-1,181,184,180,-1,182,185,183,-1,183,185,186,-1,183,186,187,-1,187,186,188,-1,187,188,189,-1,189,188,190,-1,189,190,191,-1,191,190,192,-1,191,192,193,-1,139,137,194,-1,194,137,193,-1,194,193,192,-1,143,145,193,-1,137,136,193,-1,193,136,140,-1,193,140,143,-1,151,153,148,-1,148,153,156,-1,148,156,146,-1,174,175,172,-1,172,175,178,-1,172,178,170,-1,170,178,180,-1,170,180,168,-1,168,180,184,-1,168,184,166,-1,166,184,183,-1,166,183,164,-1,191,162,189,-1,189,162,164,-1,189,164,187,-1,187,164,183,-1,145,146,193,-1,193,146,156,-1,193,156,191,-1,191,156,159,-1,191,159,162,-1,195,196,197,-1,197,196,198,-1,199,200,201,-1,201,200,195,-1,201,195,197,-1,202,200,203,-1,203,200,199,-1,204,205,206,-1,206,205,202,-1,206,202,203,-1,207,205,208,-1,208,205,204,-1,209,210,211,-1,211,210,207,-1,211,207,208,-1,212,210,213,-1,213,210,209,-1,214,215,216,-1,216,215,212,-1,216,212,213,-1,217,215,218,-1,218,215,214,-1,219,220,221,-1,221,220,217,-1,221,217,218,-1,222,220,223,-1,223,220,219,-1,198,196,224,-1,224,196,222,-1,224,222,223,-1,222,196,195,-1,195,200,222,-1,222,200,202,-1,222,202,220,-1,215,217,212,-1,212,217,220,-1,212,220,210,-1,210,220,202,-1,210,202,207,-1,207,202,205,-1,225,226,227,-1,227,226,228,-1,227,228,229,-1,229,228,230,-1,229,230,231,-1,231,230,232,-1,231,232,233,-1,233,232,234,-1,233,234,235,-1,235,234,236,-1,235,236,237,-1,237,236,238,-1,237,238,239,-1,239,238,240,-1,239,240,241,-1,241,240,242,-1,241,242,243,-1,243,242,244,-1,243,244,245,-1,245,244,246,-1,245,246,247,-1,247,246,248,-1,247,248,249,-1,249,248,250,-1,249,250,251,-1,251,250,252,-1,251,252,253,-1,253,252,254,-1,253,254,255,-1,255,254,256,-1,255,256,257,-1,257,256,258,-1,257,258,259,-1,259,258,225,-1,259,225,227,-1,233,235,260,-1,260,235,261,-1,233,260,262,-1,233,262,231,-1,231,262,263,-1,231,263,229,-1,229,263,264,-1,229,264,227,-1,227,264,265,-1,227,265,259,-1,259,265,266,-1,259,266,257,-1,257,266,267,-1,257,267,255,-1,255,267,268,-1,255,268,253,-1,253,268,269,-1,253,269,251,-1,251,269,270,-1,251,270,249,-1,249,270,271,-1,249,271,247,-1,247,271,272,-1,247,272,245,-1,245,272,273,-1,245,273,243,-1,243,273,274,-1,243,274,241,-1,241,274,275,-1,241,275,239,-1,237,239,276,-1,276,239,275,-1,235,237,261,-1,261,237,276,-1,240,238,277,-1,277,238,278,-1,238,236,278,-1,278,236,279,-1,236,234,279,-1,279,234,280,-1,226,281,282,-1,226,282,228,-1,228,282,283,-1,228,283,230,-1,230,283,284,-1,230,284,232,-1,232,284,280,-1,232,280,234,-1,254,285,286,-1,254,286,256,-1,256,286,287,-1,256,287,258,-1,258,287,288,-1,258,288,225,-1,225,288,281,-1,225,281,226,-1,246,289,290,-1,246,290,248,-1,248,290,291,-1,248,291,250,-1,250,291,292,-1,250,292,252,-1,252,292,285,-1,252,285,254,-1,240,277,293,-1,240,293,242,-1,242,293,294,-1,242,294,244,-1,244,294,289,-1,244,289,246,-1,
        ]
    }
}
Shape{
    appearance Appearance {
        material  Material 	{
            diffuseColor 0.2235294117647059 0.2235294117647059 0.2235294117647059
            specularColor 0.11372549019607843 0.11372549019607843 0.11372549019607843
            ambientIntensity 0.2235
            transparency 0.0
            shininess 0.5
        }
    }
    geometry IndexedFaceSet {
        ccw TRUE
        solid FALSE
        coord DEF co Coordinate {
            point [
                1.9978 -1.2747 0.5145, 1.9978 -1.2747 0.4219, 1.9978 -1.2566 0.5145, 1.9978 -1.2573 0.4219, 1.9978 -1.2407 0.4238, 1.9978 -1.2308 0.4277, 1.9978 -1.223 0.433, 1.9978 -1.2216 0.4344, 1.9978 -1.2156 0.4417, 1.9978 -1.2115 0.4506, 1.9978 -1.2087 0.4693, 1.9978 -1.2219 0.5032, 1.9978 -1.2301 0.5087, 1.9978 -1.2105 0.4843, 1.9978 -1.2139 0.4931, 1.9978 -1.2185 0.4998, 1.9978 -1.2091 0.4616, 1.9978 -1.2404 0.5126
            ]
        }
        coordIndex [
            0,1,2,-1,2,1,3,-1,3,4,2,-1,2,4,5,-1,2,5,6,-1,6,7,2,-1,2,7,8,-1,2,8,9,-1,10,11,12,-1,13,14,10,-1,10,14,15,-1,10,15,11,-1,9,16,2,-1,2,16,10,-1,2,10,17,-1,17,10,12,-1,
        ]
    }
}
Shape{
    appearance Appearance {
        material  Material 	{
            diffuseColor 1.0 1.0 1.0
            specularColor 0.5019607843137255 0.5019607843137255 0.5019607843137255
            ambientIntensity 1.0
            transparency 0.0
            shininess 0.5
        }
    }
    geometry IndexedFaceSet {
        ccw TRUE
        solid FALSE
        coord DEF co Coordinate {
            point [
                1.9982 -1.1522 0.4546, 1.9982 -1.1571 0.441, 1.9982 -1.1119 0.4546, 1.9982 -1.1071 0.441, 1.9982 -1.1342 0.5045, 1.9982 -1.14 0.5283, 1.9982 -1.1858 0.4082, 1.9982 -1.1686 0.4082, 1.9982 -1.1332 0.5081, 1.9982 -1.1323 0.5129, 1.9982 -1.1234 0.5283, 1.9982 -1.1319 0.5129, 1.9982 -1.1309 0.5079, 1.9982 -1.13 0.5045, 1.9982 -1.0777 0.4082, 1.9982 -1.0948 0.4082, 1.9978 -1.1234 0.5283, 1.9978 -1.0777 0.4082, 1.9978 -1.14 0.5283, 1.9978 -1.1858 0.4082, 1.9978 -1.1686 0.4082, 1.9978 -1.1571 0.441, 1.9978 -1.1071 0.441, 1.9978 -1.0948 0.4082, 1.9978 -1.1522 0.4546, 1.9978 -1.1119 0.4546, 1.9978 -1.13 0.5045, 1.9978 -1.1319 0.5129, 1.9978 -1.1309 0.5079, 1.9978 -1.1323 0.5129, 1.9978 -1.1342 0.5045, 1.9978 -1.1332 0.5081
            ]
        }
        coordIndex [
            0,1,2,-1,2,1,3,-1,4,5,0,-1,0,5,6,-1,0,6,1,-1,1,6,7,-1,4,8,5,-1,5,8,9,-1,5,9,10,-1,10,9,11,-1,10,11,12,-1,12,13,10,-1,10,13,2,-1,10,2,14,-1,14,2,3,-1,14,3,15,-1,10,14,16,-1,16,14,17,-1,5,10,18,-1,18,10,16,-1,6,5,19,-1,19,5,18,-1,7,6,20,-1,20,6,19,-1,1,7,21,-1,21,7,20,-1,3,1,22,-1,22,1,21,-1,15,3,23,-1,23,3,22,-1,14,15,17,-1,17,15,23,-1,0,2,24,-1,24,2,25,-1,2,13,25,-1,25,13,26,-1,11,27,28,-1,11,28,12,-1,12,28,26,-1,12,26,13,-1,11,9,27,-1,27,9,29,-1,4,30,31,-1,4,31,8,-1,8,31,29,-1,8,29,9,-1,4,0,30,-1,30,0,24,-1,
        ]
    }
}
Shape{
    appearance Appearance {
        material  Material 	{
            diffuseColor 0.2235294117647059 0.2235294117647059 0.2235294117647059
            specularColor 0.11372549019607843 0.11372549019607843 0.11372549019607843
            ambientIntensity 0.2235
            transparency 0.0
            shininess 0.5
        }
    }
    geometry IndexedFaceSet {
        ccw TRUE
        solid FALSE
        coord DEF co Coordinate {
            point [
                1.9978 -1.1319 0.5129, 1.9978 -1.1323 0.5129, 1.9978 -1.1309 0.5079, 1.9978 -1.1332 0.5081, 1.9978 -1.13 0.5045, 1.9978 -1.1342 0.5045, 1.9978 -1.1119 0.4546, 1.9978 -1.1522 0.4546
            ]
        }
        coordIndex [
            0,1,2,-1,2,1,3,-1,2,3,4,-1,4,3,5,-1,4,5,6,-1,6,5,7,-1,
        ]
    }
}
Shape{
    appearance Appearance {
        material  Material 	{
            diffuseColor 1.0 1.0 1.0
            specularColor 0.5019607843137255 0.5019607843137255 0.5019607843137255
            ambientIntensity 1.0
            transparency 0.0
            shininess 0.5
        }
    }
    geometry IndexedFaceSet {
        ccw TRUE
        solid FALSE
        coord DEF co Coordinate {
            point [
                1.9982 -2.2631 0.6151, 1.9982 -2.2441 0.6252, 1.9982 -2.2486 0.6777, 1.9982 -2.0982 0.3878, 1.9982 -2.0881 0.4068, 1.9982 -2.0831 0.4279, 1.9982 -2.1953 0.6802, 1.9982 -2.1688 0.6178, 1.9982 -2.1558 0.6448, 1.9982 -2.2005 0.4255, 1.9982 -2.2021 0.4335, 1.9982 -2.2483 0.4667, 1.9982 -2.2491 0.4095, 1.9982 -2.2599 0.4127, 1.9982 -2.2669 0.4782, 1.9982 -2.2149 0.6819, 1.9982 -1.963 0.5085, 1.9982 -1.9895 0.5538, 1.9982 -2.0826 0.4453, 1.9982 -2.1039 0.494, 1.9982 -2.0826 0.4368, 1.9982 -2.1283 0.3613, 1.9982 -2.1113 0.3731, 1.9982 -2.1971 0.4183, 1.9982 -2.2278 0.3755, 1.9982 -2.2405 0.3911, 1.9982 -1.9349 0.5931, 1.9982 -1.928 0.5931, 1.9982 -1.893 0.6392, 1.9982 -1.9118 0.5911, 1.9982 -1.8888 0.6378, 1.9982 -1.8969 0.5853, 1.9982 -1.8634 0.6252, 1.9982 -1.8403 0.6056, 1.9982 -2.1778 0.7006, 1.9982 -2.1366 0.6677, 1.9982 -2.1577 0.7177, 1.9982 -2.1137 0.6845, 1.9982 -2.135 0.7317, 1.9982 -2.223 0.6302, 1.9982 -2.2141 0.6306, 1.9982 -2.2051 0.6813, 1.9982 -2.194 0.6282, 1.9982 -2.1749 0.6211, 1.9982 -2.1417 0.4167, 1.9982 -2.1464 0.4113, 1.9982 -2.1529 0.4067, 1.9982 -2.1473 0.354, 1.9982 -2.1603 0.4037, 1.9982 -2.168 0.3514, 1.9982 -2.1688 0.4026, 1.9982 -2.1713 0.3515, 1.9982 -2.1703 0.4027, 1.9982 -2.1914 0.3546, 1.9982 -2.178 0.4039, 1.9982 -2.2111 0.3629, 1.9982 -2.1857 0.4072, 1.9982 -2.1922 0.4122, 1.9982 -2.1376 0.4477, 1.9982 -2.1357 0.4397, 1.9982 -2.1357 0.4323, 1.9982 -2.1377 0.4241, 1.9982 -1.8401 0.4462, 1.9982 -1.8799 0.4801, 1.9982 -1.8633 0.4265, 1.9982 -1.8925 0.4698, 1.9982 -1.8894 0.4138, 1.9982 -1.9076 0.4628, 1.9982 -1.9178 0.4078, 1.9982 -1.9229 0.4599, 1.9982 -1.9682 0.4078, 1.9982 -1.9613 0.4599, 1.9982 -1.973 0.4085, 1.9982 -2.2016 0.4418, 1.9982 -2.1991 0.4499, 1.9982 -2.2388 0.485, 1.9982 -2.1947 0.4569, 1.9982 -2.2247 0.5012, 1.9982 -2.1913 0.4605, 1.9982 -2.2072 0.5133, 1.9982 -2.1846 0.4652, 1.9982 -2.1884 0.5205, 1.9982 -2.1772 0.4682, 1.9982 -2.168 0.523, 1.9982 -2.1688 0.4692, 1.9982 -2.1576 0.5224, 1.9982 -2.1615 0.4684, 1.9982 -2.137 0.5173, 1.9982 -2.1536 0.4655, 1.9982 -2.1189 0.5076, 1.9982 -2.1468 0.4609, 1.9982 -2.1413 0.4547, 1.9982 -1.8836 0.5761, 1.9982 -1.8738 0.5651, 1.9982 -1.8228 0.5813, 1.9982 -1.8659 0.5504, 1.9982 -1.8124 0.5552, 1.9982 -1.8618 0.534, 1.9982 -1.8085 0.5273, 1.9982 -1.8614 0.5265, 1.9982 -1.8124 0.4968, 1.9982 -1.8635 0.5098, 1.9982 -1.8231 0.4698, 1.9982 -1.8694 0.4946, 1.9982 -1.8788 0.4813, 1.9982 -1.9391 0.7066, 1.9982 -1.9726 0.6674, 1.9982 -1.9105 0.6734, 1.9982 -1.9533 0.6444, 1.9982 -1.9401 0.6169, 1.9982 -2.2969 0.5659, 1.9982 -2.353 0.5517, 1.9982 -2.2995 0.5452, 1.9982 -2.3533 0.5435, 1.9982 -2.2985 0.5321, 1.9982 -2.3492 0.5101, 1.9982 -2.2923 0.5112, 1.9982 -2.3369 0.4783, 1.9982 -2.2822 0.4939, 1.9982 -2.3174 0.4505, 1.9982 -2.2908 0.4277, 1.9982 -2.0955 0.7463, 1.9982 -2.0859 0.6958, 1.9982 -2.0553 0.751, 1.9982 -2.0544 0.6998, 1.9982 -2.0165 0.7466, 1.9982 -2.0254 0.6962, 1.9982 -1.974 0.7306, 1.9982 -1.9987 0.686, 1.9982 -1.9747 0.6693, 1.9982 -2.2802 0.6654, 1.9982 -2.3074 0.6463, 1.9982 -2.2778 0.602, 1.9982 -2.3132 0.6409, 1.9982 -2.2896 0.585, 1.9982 -2.3337 0.6146, 1.9982 -2.3473 0.5838, 1.9982 -1.9656 0.4606, 1.9982 -1.9861 0.4167, 1.9982 -1.9842 0.4147, 1.9982 -1.9631 0.4601, 1.9982 -1.9786 0.4108, 1.9982 -1.9929 0.4342, 1.9982 -1.9921 0.4279, 1.9982 -1.9899 0.4221, 1.9982 -1.9731 0.4599, 1.9982 -1.9789 0.4575, 1.9982 -1.9927 0.4376, 1.9982 -1.9842 0.4538, 1.9982 -1.9877 0.4499, 1.9982 -1.991 0.4441, 1.9982 -1.9665 0.4607, 1.9978 -1.8085 0.5273, 1.9978 -1.8124 0.5552, 1.9978 -1.8346 0.5977, 1.9978 -1.8153 0.5625, 1.9978 -1.8228 0.5813, 1.9978 -1.8403 0.6056, 1.9978 -1.8634 0.6252, 1.9978 -1.8888 0.6378, 1.9978 -1.893 0.6392, 1.9978 -1.9105 0.6734, 1.9978 -1.9391 0.7066, 1.9978 -1.9583 0.7198, 1.9978 -1.974 0.7306, 1.9978 -2.0165 0.7466, 1.9978 -2.0553 0.751, 1.9978 -2.1577 0.7177, 1.9978 -2.1543 0.7198, 1.9978 -2.135 0.7317, 1.9978 -2.0955 0.7463, 1.9978 -2.1778 0.7006, 1.9978 -2.1953 0.6802, 1.9978 -2.2051 0.6813, 1.9978 -2.2149 0.6819, 1.9978 -2.2486 0.6777, 1.9978 -2.2802 0.6654, 1.9978 -2.3074 0.6463, 1.9978 -2.3132 0.6409, 1.9978 -2.3533 0.5435, 1.9978 -2.3337 0.6146, 1.9978 -2.3412 0.5977, 1.9978 -2.3473 0.5838, 1.9978 -2.3511 0.5625, 1.9978 -2.353 0.5517, 1.9978 -2.3492 0.5101, 1.9978 -2.3369 0.4783, 1.9978 -2.3174 0.4505, 1.9978 -2.2908 0.4277, 1.9978 -2.2599 0.4127, 1.9978 -2.2491 0.4095, 1.9978 -2.248 0.4072, 1.9978 -2.2405 0.3911, 1.9978 -2.2278 0.3755, 1.9978 -2.2111 0.3629, 1.9978 -2.2033 0.3596, 1.9978 -2.1914 0.3546, 1.9978 -2.1713 0.3515, 1.9978 -2.168 0.3514, 1.9978 -2.0826 0.4368, 1.9978 -2.1473 0.354, 1.9978 -2.1326 0.3596, 1.9978 -2.1283 0.3613, 1.9978 -2.1113 0.3731, 1.9978 -2.0982 0.3878, 1.9978 -2.0881 0.4068, 1.9978 -2.088 0.4072, 1.9978 -2.0831 0.4279, 1.9978 -2.0826 0.4453, 1.9978 -1.963 0.5085, 1.9978 -1.9895 0.5538, 1.9978 -2.1039 0.494, 1.9978 -2.1189 0.5076, 1.9978 -2.137 0.5173, 1.9978 -2.1576 0.5224, 1.9978 -2.168 0.523, 1.9978 -2.1884 0.5205, 1.9978 -2.2072 0.5133, 1.9978 -2.2247 0.5012, 1.9978 -2.2388 0.485, 1.9978 -2.2483 0.4667, 1.9978 -2.2669 0.4782, 1.9978 -2.2822 0.4939, 1.9978 -2.2923 0.5112, 1.9978 -2.2985 0.5321, 1.9978 -2.2995 0.5452, 1.9978 -2.2974 0.5625, 1.9978 -2.2969 0.5659, 1.9978 -2.2896 0.585, 1.9978 -2.2808 0.5977, 1.9978 -2.2778 0.602, 1.9978 -2.2631 0.6151, 1.9978 -2.2441 0.6252, 1.9978 -2.223 0.6302, 1.9978 -2.2141 0.6306, 1.9978 -2.194 0.6282, 1.9978 -2.1749 0.6211, 1.9978 -2.1688 0.6178, 1.9978 -2.1558 0.6448, 1.9978 -2.1366 0.6677, 1.9978 -2.1137 0.6845, 1.9978 -2.0859 0.6958, 1.9978 -2.0544 0.6998, 1.9978 -1.9349 0.5931, 1.9978 -1.9359 0.5977, 1.9978 -1.9401 0.6169, 1.9978 -1.9533 0.6444, 1.9978 -1.9726 0.6674, 1.9978 -1.9747 0.6693, 1.9978 -1.9987 0.686, 1.9978 -2.0254 0.6962, 1.9978 -1.928 0.5931, 1.9978 -1.9118 0.5911, 1.9978 -1.8969 0.5853, 1.9978 -1.8836 0.5761, 1.9978 -1.8738 0.5651, 1.9978 -1.8724 0.5625, 1.9978 -1.8659 0.5504, 1.9978 -1.8618 0.534, 1.9978 -1.8614 0.5265, 1.9978 -1.8635 0.5098, 1.9978 -1.8694 0.4946, 1.9978 -1.8788 0.4813, 1.9978 -1.8799 0.4801, 1.9978 -1.8925 0.4698, 1.9978 -1.9076 0.4628, 1.9978 -1.9229 0.4599, 1.9978 -1.9613 0.4599, 1.9978 -1.9631 0.4601, 1.9978 -1.9656 0.4606, 1.9978 -1.9665 0.4607, 1.9978 -1.9731 0.4599, 1.9978 -1.9789 0.4575, 1.9978 -1.9842 0.4538, 1.9978 -1.9877 0.4499, 1.9978 -1.991 0.4441, 1.9978 -1.9927 0.4376, 1.9978 -1.9929 0.4342, 1.9978 -1.9921 0.4279, 1.9978 -1.9899 0.4221, 1.9978 -1.9861 0.4167, 1.9978 -1.9842 0.4147, 1.9978 -1.9786 0.4108, 1.9978 -1.973 0.4085, 1.9978 -1.9682 0.4078, 1.9978 -1.9178 0.4078, 1.9978 -1.8894 0.4138, 1.9978 -1.8633 0.4265, 1.9978 -1.8401 0.4462, 1.9978 -1.8231 0.4698, 1.9978 -1.8124 0.4968, 1.9978 -2.1688 0.4692, 1.9978 -2.1615 0.4684, 1.9978 -2.1536 0.4655, 1.9978 -2.1468 0.4609, 1.9978 -2.1413 0.4547, 1.9978 -2.1376 0.4477, 1.9978 -2.1357 0.4397, 1.9978 -2.1357 0.4323, 1.9978 -2.1377 0.4241, 1.9978 -2.1417 0.4167, 1.9978 -2.1464 0.4113, 1.9978 -2.1529 0.4067, 1.9978 -2.1603 0.4037, 1.9978 -2.1688 0.4026, 1.9978 -2.1703 0.4027, 1.9978 -2.178 0.4039, 1.9978 -2.1857 0.4072, 1.9978 -2.1922 0.4122, 1.9978 -2.1971 0.4183, 1.9978 -2.2005 0.4255, 1.9978 -2.2021 0.4335, 1.9978 -2.2016 0.4418, 1.9978 -2.1991 0.4499, 1.9978 -2.1947 0.4569, 1.9978 -2.1913 0.4605, 1.9978 -2.1846 0.4652, 1.9978 -2.1772 0.4682
            ]
        }
        coordIndex [
            0,1,2,-1,3,4,5,-1,6,7,8,-1,9,10,11,-1,12,11,13,-1,13,11,14,-1,2,1,15,-1,16,17,18,-1,18,17,19,-1,18,19,20,-1,20,19,21,-1,20,21,5,-1,5,21,22,-1,5,22,3,-1,23,9,24,-1,24,9,11,-1,24,11,25,-1,25,11,12,-1,26,27,28,-1,28,27,29,-1,28,29,30,-1,30,29,31,-1,30,31,32,-1,32,31,33,-1,6,8,34,-1,34,8,35,-1,34,35,36,-1,36,35,37,-1,36,37,38,-1,1,39,15,-1,15,39,40,-1,15,40,41,-1,41,40,42,-1,41,42,6,-1,6,42,43,-1,6,43,7,-1,44,45,21,-1,21,45,46,-1,21,46,47,-1,47,46,48,-1,47,48,49,-1,49,48,50,-1,49,50,51,-1,51,50,52,-1,51,52,53,-1,53,52,54,-1,53,54,55,-1,55,54,56,-1,55,56,24,-1,24,56,57,-1,24,57,23,-1,58,59,19,-1,19,59,60,-1,19,60,21,-1,21,60,61,-1,21,61,44,-1,62,63,64,-1,64,63,65,-1,64,65,66,-1,66,65,67,-1,66,67,68,-1,68,67,69,-1,68,69,70,-1,70,69,71,-1,70,71,72,-1,10,73,11,-1,11,73,74,-1,11,74,75,-1,75,74,76,-1,75,76,77,-1,77,76,78,-1,77,78,79,-1,79,78,80,-1,79,80,81,-1,81,80,82,-1,81,82,83,-1,83,82,84,-1,83,84,85,-1,85,84,86,-1,85,86,87,-1,87,86,88,-1,87,88,89,-1,89,88,90,-1,89,90,19,-1,19,90,91,-1,19,91,58,-1,31,92,33,-1,33,92,93,-1,33,93,94,-1,94,93,95,-1,94,95,96,-1,96,95,97,-1,96,97,98,-1,98,97,99,-1,98,99,100,-1,100,99,101,-1,100,101,102,-1,102,101,103,-1,102,103,62,-1,62,103,104,-1,62,104,63,-1,105,106,107,-1,107,106,108,-1,107,108,28,-1,28,108,109,-1,28,109,26,-1,110,111,112,-1,112,111,113,-1,112,113,114,-1,114,113,115,-1,114,115,116,-1,116,115,117,-1,116,117,118,-1,118,117,119,-1,118,119,14,-1,14,119,120,-1,14,120,13,-1,38,37,121,-1,121,37,122,-1,121,122,123,-1,123,122,124,-1,123,124,125,-1,125,124,126,-1,125,126,127,-1,127,126,128,-1,127,128,105,-1,105,128,129,-1,105,129,106,-1,2,130,0,-1,0,130,131,-1,0,131,132,-1,132,131,133,-1,132,133,134,-1,134,133,135,-1,134,135,110,-1,110,135,136,-1,110,136,111,-1,137,138,139,-1,71,140,72,-1,72,140,137,-1,72,137,141,-1,141,137,139,-1,142,143,137,-1,137,143,144,-1,137,144,138,-1,145,146,147,-1,146,148,147,-1,147,148,149,-1,147,149,150,-1,142,137,147,-1,147,137,151,-1,147,151,145,-1,98,152,153,-1,154,33,94,-1,98,153,96,-1,96,153,155,-1,96,155,94,-1,94,155,156,-1,94,156,154,-1,154,157,33,-1,33,157,158,-1,33,158,32,-1,32,158,159,-1,32,159,30,-1,30,159,160,-1,30,160,28,-1,28,160,161,-1,28,161,107,-1,107,161,162,-1,107,162,105,-1,127,105,163,-1,163,105,162,-1,163,164,127,-1,127,164,165,-1,127,165,125,-1,125,165,166,-1,125,166,123,-1,167,36,168,-1,168,36,38,-1,168,38,169,-1,169,38,121,-1,169,121,170,-1,170,121,123,-1,170,123,166,-1,36,167,171,-1,36,171,34,-1,34,171,172,-1,34,172,6,-1,6,172,173,-1,6,173,41,-1,41,173,174,-1,41,174,15,-1,15,174,175,-1,15,175,2,-1,2,175,176,-1,2,176,130,-1,130,176,177,-1,130,177,131,-1,131,177,178,-1,131,178,133,-1,179,113,111,-1,133,178,180,-1,133,180,135,-1,135,180,181,-1,135,181,136,-1,181,182,136,-1,136,182,183,-1,136,183,111,-1,111,183,184,-1,111,184,179,-1,113,179,185,-1,113,185,115,-1,115,185,186,-1,115,186,117,-1,117,186,187,-1,117,187,119,-1,119,187,188,-1,119,188,120,-1,120,188,189,-1,120,189,13,-1,13,189,190,-1,13,190,12,-1,12,190,191,-1,12,191,25,-1,191,192,25,-1,25,192,193,-1,25,193,24,-1,24,193,194,-1,24,194,55,-1,55,194,195,-1,55,195,53,-1,195,196,53,-1,53,196,197,-1,53,197,51,-1,51,197,198,-1,51,198,49,-1,199,20,5,-1,49,198,200,-1,49,200,47,-1,47,200,201,-1,47,201,21,-1,201,202,21,-1,21,202,203,-1,21,203,22,-1,22,203,204,-1,22,204,3,-1,3,204,205,-1,3,205,4,-1,4,205,206,-1,4,206,5,-1,5,206,207,-1,5,207,199,-1,18,20,208,-1,208,20,199,-1,16,18,209,-1,209,18,208,-1,17,16,210,-1,210,16,209,-1,19,17,211,-1,211,17,210,-1,19,211,212,-1,19,212,89,-1,89,212,213,-1,89,213,87,-1,87,213,214,-1,87,214,85,-1,85,214,215,-1,85,215,83,-1,83,215,216,-1,83,216,81,-1,81,216,217,-1,81,217,79,-1,79,217,218,-1,79,218,77,-1,77,218,219,-1,77,219,75,-1,75,219,220,-1,75,220,11,-1,11,220,221,-1,11,221,14,-1,14,221,222,-1,14,222,118,-1,118,222,223,-1,118,223,116,-1,116,223,224,-1,116,224,114,-1,114,224,225,-1,114,225,112,-1,110,112,226,-1,226,112,225,-1,226,227,110,-1,110,227,228,-1,110,228,134,-1,134,228,229,-1,134,229,132,-1,229,230,132,-1,132,230,231,-1,132,231,0,-1,0,231,232,-1,0,232,1,-1,1,232,233,-1,1,233,39,-1,39,233,234,-1,39,234,40,-1,40,234,235,-1,40,235,42,-1,42,235,236,-1,42,236,43,-1,43,236,237,-1,43,237,7,-1,7,237,238,-1,7,238,8,-1,8,238,239,-1,8,239,35,-1,35,239,240,-1,35,240,37,-1,37,240,241,-1,37,241,122,-1,122,241,242,-1,122,242,124,-1,243,26,244,-1,244,26,109,-1,244,109,245,-1,245,109,108,-1,245,108,246,-1,246,108,106,-1,246,106,247,-1,247,106,129,-1,247,129,248,-1,248,129,128,-1,248,128,249,-1,249,128,126,-1,249,126,250,-1,250,126,124,-1,250,124,242,-1,27,26,251,-1,251,26,243,-1,27,251,252,-1,27,252,29,-1,29,252,253,-1,29,253,31,-1,31,253,254,-1,31,254,92,-1,92,254,255,-1,92,255,93,-1,93,255,256,-1,93,256,95,-1,256,257,95,-1,95,257,258,-1,95,258,97,-1,97,258,259,-1,97,259,99,-1,99,259,260,-1,99,260,101,-1,101,260,261,-1,101,261,103,-1,103,261,262,-1,103,262,104,-1,104,262,263,-1,104,263,63,-1,63,263,264,-1,63,264,65,-1,65,264,265,-1,65,265,67,-1,67,265,266,-1,67,266,69,-1,71,69,267,-1,267,69,266,-1,71,267,268,-1,71,268,140,-1,140,268,269,-1,140,269,137,-1,137,269,270,-1,137,270,151,-1,151,270,271,-1,151,271,145,-1,145,271,272,-1,145,272,146,-1,146,272,273,-1,146,273,148,-1,148,273,274,-1,148,274,149,-1,149,274,275,-1,149,275,150,-1,150,275,276,-1,150,276,147,-1,147,276,277,-1,147,277,142,-1,142,277,278,-1,142,278,143,-1,143,278,279,-1,143,279,144,-1,144,279,280,-1,144,280,138,-1,138,280,281,-1,138,281,139,-1,139,281,282,-1,139,282,141,-1,141,282,283,-1,141,283,72,-1,72,283,284,-1,72,284,70,-1,68,70,285,-1,285,70,284,-1,68,285,286,-1,68,286,66,-1,66,286,287,-1,66,287,64,-1,64,287,288,-1,64,288,62,-1,62,288,289,-1,62,289,102,-1,102,289,290,-1,102,290,100,-1,100,290,152,-1,100,152,98,-1,84,291,292,-1,84,292,86,-1,86,292,293,-1,86,293,88,-1,88,293,294,-1,88,294,90,-1,90,294,295,-1,90,295,91,-1,91,295,296,-1,91,296,58,-1,58,296,297,-1,58,297,59,-1,59,297,298,-1,59,298,60,-1,60,298,299,-1,60,299,61,-1,61,299,300,-1,61,300,44,-1,44,300,301,-1,44,301,45,-1,45,301,302,-1,45,302,46,-1,46,302,303,-1,46,303,48,-1,48,303,304,-1,48,304,50,-1,50,304,305,-1,50,305,52,-1,52,305,306,-1,52,306,54,-1,54,306,307,-1,54,307,56,-1,56,307,308,-1,56,308,57,-1,57,308,309,-1,57,309,23,-1,23,309,310,-1,23,310,9,-1,9,310,311,-1,9,311,10,-1,10,311,312,-1,10,312,73,-1,73,312,313,-1,73,313,74,-1,74,313,314,-1,74,314,76,-1,76,314,315,-1,76,315,78,-1,78,315,316,-1,78,316,80,-1,80,316,317,-1,80,317,82,-1,82,317,291,-1,82,291,84,-1,
        ]
    }
}
Shape{
    appearance Appearance {
        material  Material 	{
            diffuseColor 0.2235294117647059 0.2235294117647059 0.2235294117647059
            specularColor 0.11372549019607843 0.11372549019607843 0.11372549019607843
            ambientIntensity 0.2235
            transparency 0.0
            shininess 0.5
        }
    }
    geometry IndexedFaceSet {
        ccw TRUE
        solid FALSE
        coord DEF co Coordinate {
            point [
                1.9978 -2.1703 0.4027, 1.9978 -2.1913 0.4605, 1.9978 -2.1947 0.4569, 1.9978 -2.1603 0.4037, 1.9978 -2.1529 0.4067, 1.9978 -2.1615 0.4684, 1.9978 -2.1688 0.4692, 1.9978 -2.1772 0.4682, 1.9978 -2.1846 0.4652, 1.9978 -2.2005 0.4255, 1.9978 -2.1971 0.4183, 1.9978 -2.1922 0.4122, 1.9978 -2.1688 0.4026, 1.9978 -2.1991 0.4499, 1.9978 -2.2016 0.4418, 1.9978 -2.2021 0.4335, 1.9978 -2.1857 0.4072, 1.9978 -2.178 0.4039, 1.9978 -2.1464 0.4113, 1.9978 -2.1417 0.4167, 1.9978 -2.1377 0.4241, 1.9978 -2.1357 0.4323, 1.9978 -2.1357 0.4397, 1.9978 -2.1376 0.4477, 1.9978 -2.1413 0.4547, 1.9978 -2.1468 0.4609, 1.9978 -2.1536 0.4655
            ]
        }
        coordIndex [
            0,1,2,-1,3,4,5,-1,6,7,0,-1,0,7,8,-1,0,8,1,-1,9,10,2,-1,2,10,11,-1,6,0,5,-1,5,0,12,-1,5,12,3,-1,13,14,2,-1,2,14,15,-1,2,15,9,-1,11,16,2,-1,2,16,17,-1,2,17,0,-1,4,18,5,-1,5,18,19,-1,5,19,20,-1,20,21,5,-1,5,21,22,-1,5,22,23,-1,23,24,5,-1,5,24,25,-1,5,25,26,-1,
        ]
    }
}