#VRML V2.0 utf8
# 3D model generated by easyeda2kicad.py (https://github.com/uPesy/easyeda2kicad.py)

Shape{
    appearance Appearance {
        material  Material 	{
            diffuseColor 0.8509803921568627 0.8509803921568627 0.8509803921568627
            specularColor 0.2549019607843137 0.2549019607843137 0.2549019607843137
            ambientIntensity 0.851
            transparency 0.0
            shininess 0.5
        }
    }
    geometry IndexedFaceSet {
        ccw TRUE
        solid FALSE
        coord DEF co Coordinate {
            point [
                0.3412 0.071 0.3976, 0.3458 0.0317 0.3976, 0.0118 0.0119 0.3976, 0.3464 0.0119 0.3976, 0.3458 -0.008 0.3976, 0.2999 0.182 0.3976, 0.318 0.1468 0.3976, 0.3318 0.1096 0.3976, 0.2226 0.2717 0.3976, 0.2519 0.2449 0.3976, 0.2778 0.2149 0.3976, 0.119 0.3289 0.3976, 0.1557 0.314 0.3976, 0.1904 0.2948 0.3976, 0.0019 0.3463 0.3976, 0.0415 0.3452 0.3976, 0.0807 0.3393 0.3976, -0.114 0.322 0.3976, -0.0764 0.3347 0.3976, -0.0376 0.3428 0.3976, -0.2141 0.2588 0.3976, -0.1833 0.2837 0.3976, -0.1498 0.3049 0.3976, -0.2859 0.1647 0.3976, -0.2658 0.1988 0.3976, -0.2417 0.2303 0.3976, -0.3205 0.0514 0.3976, -0.3135 0.0905 0.3976, -0.3019 0.1284 0.3976, -0.3135 -0.0668 0.3976, -0.3205 -0.0277 0.3976, -0.3229 0.0119 0.3976, -0.2658 -0.1751 0.3976, -0.2859 -0.141 0.3976, -0.3019 -0.1047 0.3976, -0.1833 -0.26 0.3976, -0.2141 -0.2351 0.3976, -0.2417 -0.2066 0.3976, -0.0764 -0.311 0.3976, -0.114 -0.2983 0.3976, -0.1498 -0.2812 0.3976, 0.0415 -0.3215 0.3976, 0.0019 -0.3226 0.3976, -0.0376 -0.3191 0.3976, 0.1557 -0.2903 0.3976, 0.119 -0.3052 0.3976, 0.0807 -0.3156 0.3976, 0.2519 -0.2212 0.3976, 0.2226 -0.248 0.3976, 0.1904 -0.2711 0.3976, 0.318 -0.1231 0.3976, 0.2999 -0.1583 0.3976, 0.2778 -0.1912 0.3976, 0.3412 -0.0473 0.3976, 0.3318 -0.0859 0.3976, -0.3217 -0.0162 0.5551, -0.3182 -0.044 0.5551, -0.3202 -0.0277 0.5551, -0.3017 -0.1046 0.5551, -0.3042 -0.0982 0.5551, -0.3123 -0.0714 0.5551, -0.3133 -0.0667 0.5551, -0.2939 -0.1243 0.5551, -0.2857 -0.1408 0.5551, -0.2815 -0.1494 0.5551, -0.2669 -0.1733 0.5551, -0.2505 -0.196 0.5551, -0.2657 -0.1751 0.5551, -0.2322 -0.2172 0.5551, -0.2415 -0.2064 0.5551, -0.1832 -0.2598 0.5551, -0.1905 -0.2547 0.5551, -0.2121 -0.2368 0.5551, -0.214 -0.235 0.5551, -0.1675 -0.2707 0.5551, -0.1497 -0.281 0.5551, -0.1433 -0.2847 0.5551, -0.1179 -0.2966 0.5551, -0.0916 -0.3064 0.5551, -0.1139 -0.2981 0.5551, -0.0646 -0.314 0.5551, -0.0763 -0.3107 0.5551, 0.0019 -0.3224 0.5551, -0.0092 -0.3221 0.5551, -0.0371 -0.3192 0.5551, -0.0376 -0.3191 0.5551, 0.0188 -0.3227 0.5551, 0.0415 -0.3213 0.5551, 0.0468 -0.321 0.5551, 0.0745 -0.3169 0.5551, 0.1018 -0.3105 0.5551, 0.0807 -0.3154 0.5551, 0.1557 -0.2902 0.5551, 0.1543 -0.2909 0.5551, 0.1284 -0.3018 0.5551, 0.1189 -0.3049 0.5551, 0.1791 -0.278 0.5551, 0.1903 -0.2709 0.5551, 0.2028 -0.2629 0.5551, 0.2226 -0.2479 0.5551, 0.2251 -0.246 0.5551, 0.2459 -0.2272 0.5551, 0.2651 -0.2068 0.5551, 0.2517 -0.2211 0.5551, 0.2998 -0.1583 0.5551, 0.298 -0.1615 0.5551, 0.2825 -0.1848 0.5551, 0.2776 -0.1911 0.5551, 0.3115 -0.1369 0.5551, 0.3178 -0.1229 0.5551, 0.3229 -0.1113 0.5551, 0.3318 -0.0859 0.5551, 0.3322 -0.0849 0.5551, 0.3391 -0.0577 0.5551, 0.3438 -0.0301 0.5551, 0.3409 -0.0473 0.5551, 0.3457 0.0317 0.5551, 0.3461 0.0259 0.5551, 0.3461 -0.0022 0.5551, 0.3457 -0.008 0.5551, 0.3438 0.0538 0.5551, 0.3409 0.071 0.5551, 0.3391 0.0814 0.5551, 0.3322 0.1086 0.5551, 0.3229 0.135 0.5551, 0.3318 0.1096 0.5551, 0.3115 0.1606 0.5551, 0.3178 0.1466 0.5551, 0.2776 0.2148 0.5551, 0.2825 0.2085 0.5551, 0.298 0.1852 0.5551, 0.2998 0.182 0.5551, 0.2651 0.2305 0.5551, 0.2517 0.2448 0.5551, 0.2459 0.2509 0.5551, 0.2251 0.2697 0.5551, 0.2028 0.2866 0.5551, 0.2226 0.2716 0.5551, 0.1791 0.3017 0.5551, 0.1903 0.2946 0.5551, 0.1189 0.3286 0.5551, 0.1284 0.3255 0.5551, 0.1543 0.3146 0.5551, 0.1557 0.3139 0.5551, 0.1018 0.3342 0.5551, 0.0807 0.3391 0.5551, 0.0745 0.3406 0.5551, 0.0468 0.3447 0.5551, -0.0092 0.3458 0.5551, 0.0019 0.3461 0.5551, 0.0188 0.3464 0.5551, 0.0415 0.345 0.5551, -0.0646 0.3377 0.5551, -0.0376 0.3428 0.5551, -0.0371 0.3429 0.5551, -0.0916 0.3301 0.5551, -0.0763 0.3344 0.5551, -0.1497 0.3047 0.5551, -0.1433 0.3084 0.5551, -0.1179 0.3203 0.5551, -0.1139 0.3218 0.5551, -0.1675 0.2944 0.5551, -0.1832 0.2835 0.5551, -0.1905 0.2784 0.5551, -0.2121 0.2605 0.5551, -0.2322 0.2409 0.5551, -0.214 0.2587 0.5551, -0.2505 0.2197 0.5551, -0.2415 0.2301 0.5551, -0.2857 0.1645 0.5551, -0.2815 0.1731 0.5551, -0.2669 0.197 0.5551, -0.2657 0.1988 0.5551, -0.2939 0.148 0.5551, -0.3017 0.1283 0.5551, -0.3042 0.1219 0.5551, -0.3123 0.0951 0.5551, -0.3182 0.0677 0.5551, -0.3133 0.0904 0.5551, -0.3229 0.0119 0.5551, -0.3217 0.0399 0.5551, -0.3202 0.0514 0.5551, -0.2794 0.0611 0.5945, -0.2825 0.0366 0.5945, 0.0118 0.0119 0.5945, -0.2835 0.0119 0.5945, -0.2825 -0.0129 0.5945, -0.258 0.1319 0.5945, -0.2671 0.109 0.5945, -0.2742 0.0853 0.5945, -0.2196 0.1953 0.5945, -0.2342 0.1753 0.5945, -0.247 0.1541 0.5945, -0.1667 0.247 0.5945, -0.1858 0.2313 0.5945, -0.2035 0.214 0.5945, -0.1026 0.2841 0.5945, -0.125 0.2735 0.5945, -0.1464 0.2612 0.5945, -0.0313 0.304 0.5945, -0.0556 0.2993 0.5945, -0.0795 0.2927 0.5945, 0.0427 0.3055 0.5945, 0.018 0.3071 0.5945, -0.0068 0.3065 0.5945, 0.1147 0.2886 0.5945, 0.0912 0.2962 0.5945, 0.0671 0.3019 0.5945, 0.1803 0.2543 0.5945, 0.1594 0.2676 0.5945, 0.1375 0.279 0.5945, 0.2353 0.2048 0.5945, 0.2184 0.2228 0.5945, 0.2 0.2394 0.5945, 0.2763 0.1431 0.5945, 0.2644 0.1648 0.5945, 0.2507 0.1854 0.5945, 0.3006 0.0732 0.5945, 0.2945 0.0972 0.5945, 0.2863 0.1205 0.5945, 0.3068 -0.0005 0.5945, 0.3068 0.0242 0.5945, 0.3047 0.0489 0.5945, 0.2945 -0.0735 0.5945, 0.3006 -0.0495 0.5945, 0.3047 -0.0252 0.5945, 0.2644 -0.1411 0.5945, 0.2763 -0.1194 0.5945, 0.2863 -0.0968 0.5945, 0.2184 -0.1991 0.5945, 0.2353 -0.1811 0.5945, 0.2507 -0.1617 0.5945, 0.1594 -0.2439 0.5945, 0.1803 -0.2306 0.5945, 0.2 -0.2157 0.5945, 0.0912 -0.2725 0.5945, 0.1147 -0.2649 0.5945, 0.1375 -0.2553 0.5945, 0.018 -0.2834 0.5945, 0.0427 -0.2818 0.5945, 0.0671 -0.2782 0.5945, -0.0556 -0.2756 0.5945, -0.0313 -0.2803 0.5945, -0.0068 -0.2828 0.5945, -0.125 -0.2498 0.5945, -0.1026 -0.2604 0.5945, -0.0795 -0.269 0.5945, -0.1858 -0.2076 0.5945, -0.1667 -0.2233 0.5945, -0.1464 -0.2375 0.5945, -0.2342 -0.1516 0.5945, -0.2196 -0.1716 0.5945, -0.2035 -0.1903 0.5945, -0.2671 -0.0853 0.5945, -0.258 -0.1082 0.5945, -0.247 -0.1304 0.5945, -0.2794 -0.0374 0.5945, -0.2742 -0.0616 0.5945, -0.3114 -0.0711 0.5639, -0.3172 -0.0438 0.5639, -0.3033 -0.0979 0.5639, -0.293 -0.1239 0.5639, -0.2806 -0.1489 0.5639, -0.2661 -0.1728 0.5639, -0.2497 -0.1954 0.5639, -0.2314 -0.2166 0.5639, -0.2115 -0.2361 0.5639, -0.1899 -0.2539 0.5639, -0.167 -0.2699 0.5639, -0.1428 -0.2838 0.5639, -0.1175 -0.2957 0.5639, -0.0913 -0.3055 0.5639, -0.0644 -0.313 0.5639, -0.037 -0.3182 0.5639, -0.0092 -0.3211 0.5639, 0.0188 -0.3217 0.5639, 0.0467 -0.32 0.5639, 0.0743 -0.3159 0.5639, 0.1015 -0.3095 0.5639, 0.1281 -0.3009 0.5639, 0.1539 -0.2901 0.5639, 0.1786 -0.2771 0.5639, 0.2022 -0.2621 0.5639, 0.2245 -0.2452 0.5639, 0.2452 -0.2265 0.5639, 0.2644 -0.2062 0.5639, 0.2817 -0.1843 0.5639, 0.2972 -0.161 0.5639, 0.3107 -0.1365 0.5639, 0.322 -0.111 0.5639, 0.3312 -0.0846 0.5639, 0.3382 -0.0575 0.5639, 0.3428 -0.03 0.5639, 0.3452 -0.0021 0.5639, 0.3452 0.0258 0.5639, 0.3428 0.0537 0.5639, 0.3382 0.0812 0.5639, 0.3312 0.1083 0.5639, 0.322 0.1347 0.5639, 0.3107 0.1602 0.5639, 0.2972 0.1847 0.5639, 0.2817 0.208 0.5639, 0.2644 0.2299 0.5639, 0.2452 0.2502 0.5639, 0.2245 0.2689 0.5639, 0.2022 0.2858 0.5639, 0.1786 0.3008 0.5639, 0.1539 0.3138 0.5639, 0.1281 0.3246 0.5639, 0.1015 0.3332 0.5639, 0.0743 0.3396 0.5639, 0.0467 0.3437 0.5639, 0.0188 0.3454 0.5639, -0.0092 0.3449 0.5639, -0.037 0.3419 0.5639, -0.0644 0.3367 0.5639, -0.0913 0.3292 0.5639, -0.1175 0.3194 0.5639, -0.1428 0.3075 0.5639, -0.167 0.2936 0.5639, -0.1899 0.2776 0.5639, -0.2115 0.2598 0.5639, -0.2314 0.2403 0.5639, -0.2497 0.2191 0.5639, -0.2661 0.1965 0.5639, -0.2806 0.1726 0.5639, -0.293 0.1476 0.5639, -0.3033 0.1216 0.5639, -0.3114 0.0948 0.5639, -0.3172 0.0675 0.5639, -0.3207 0.0398 0.5639, -0.3219 0.0119 0.5639, -0.3207 -0.0161 0.5639, -0.3178 0.0395 0.5722, -0.3143 0.067 0.5722, -0.3086 0.0941 0.5722, -0.3006 0.1206 0.5722, -0.2904 0.1464 0.5722, -0.278 0.1712 0.5722, -0.2637 0.1949 0.5722, -0.2474 0.2173 0.5722, -0.2293 0.2383 0.5722, -0.2095 0.2576 0.5722, -0.1882 0.2753 0.5722, -0.1654 0.2911 0.5722, -0.1414 0.305 0.5722, -0.1164 0.3168 0.5722, -0.0904 0.3264 0.5722, -0.0637 0.3339 0.5722, -0.0365 0.339 0.5722, -0.009 0.3419 0.5722, 0.0187 0.3425 0.5722, 0.0464 0.3408 0.5722, 0.0738 0.3367 0.5722, 0.1007 0.3304 0.5722, 0.1271 0.3219 0.5722, 0.1526 0.3111 0.5722, 0.1772 0.2983 0.5722, 0.2006 0.2834 0.5722, 0.2226 0.2667 0.5722, 0.2432 0.2482 0.5722, 0.2622 0.228 0.5722, 0.2794 0.2063 0.5722, 0.2947 0.1832 0.5722, 0.308 0.1589 0.5722, 0.3193 0.1336 0.5722, 0.3284 0.1074 0.5722, 0.3353 0.0806 0.5722, 0.3399 0.0533 0.5722, 0.3422 0.0257 0.5722, 0.3422 -0.002 0.5722, 0.3399 -0.0296 0.5722, 0.3353 -0.0569 0.5722, 0.3284 -0.0837 0.5722, 0.3193 -0.1099 0.5722, 0.308 -0.1352 0.5722, 0.2947 -0.1595 0.5722, 0.2794 -0.1826 0.5722, 0.2622 -0.2043 0.5722, 0.2432 -0.2245 0.5722, 0.2226 -0.243 0.5722, 0.2006 -0.2597 0.5722, 0.1772 -0.2746 0.5722, 0.1526 -0.2874 0.5722, 0.1271 -0.2982 0.5722, 0.1007 -0.3067 0.5722, 0.0738 -0.313 0.5722, 0.0464 -0.3171 0.5722, 0.0187 -0.3188 0.5722, -0.009 -0.3182 0.5722, -0.0365 -0.3153 0.5722, -0.0637 -0.3102 0.5722, -0.0904 -0.3027 0.5722, -0.1164 -0.2931 0.5722, -0.1414 -0.2813 0.5722, -0.1654 -0.2674 0.5722, -0.1882 -0.2516 0.5722, -0.2095 -0.2339 0.5722, -0.2293 -0.2146 0.5722, -0.2474 -0.1936 0.5722, -0.2637 -0.1712 0.5722, -0.278 -0.1475 0.5722, -0.2904 -0.1227 0.5722, -0.3006 -0.0969 0.5722, -0.3086 -0.0704 0.5722, -0.3143 -0.0433 0.5722, -0.3178 -0.0158 0.5722, -0.319 0.0119 0.5722, -0.3131 0.0391 0.5797, -0.3097 0.0662 0.5797, -0.304 0.0929 0.5797, -0.2961 0.1191 0.5797, -0.2861 0.1445 0.5797, -0.2739 0.1689 0.5797, -0.2598 0.1923 0.5797, -0.2437 0.2144 0.5797, -0.2259 0.2351 0.5797, -0.2064 0.2542 0.5797, -0.1853 0.2716 0.5797, -0.1629 0.2871 0.5797, -0.1393 0.3008 0.5797, -0.1146 0.3124 0.5797, -0.089 0.3219 0.5797, -0.0627 0.3293 0.5797, -0.0358 0.3344 0.5797, -0.0087 0.3373 0.5797, 0.0186 0.3378 0.5797, 0.0459 0.3361 0.5797, 0.0729 0.3321 0.5797, 0.0995 0.3259 0.5797, 0.1254 0.3175 0.5797, 0.1506 0.3069 0.5797, 0.1748 0.2942 0.5797, 0.1979 0.2796 0.5797, 0.2196 0.2631 0.5797, 0.2399 0.2448 0.5797, 0.2586 0.2249 0.5797, 0.2756 0.2035 0.5797, 0.2907 0.1808 0.5797, 0.3038 0.1568 0.5797, 0.3149 0.1319 0.5797, 0.3239 0.1061 0.5797, 0.3307 0.0796 0.5797, 0.3353 0.0527 0.5797, 0.3376 0.0255 0.5797, 0.3376 -0.0018 0.5797, 0.3353 -0.029 0.5797, 0.3307 -0.0559 0.5797, 0.3239 -0.0824 0.5797, 0.3149 -0.1082 0.5797, 0.3038 -0.1331 0.5797, 0.2907 -0.1571 0.5797, 0.2756 -0.1798 0.5797, 0.2586 -0.2012 0.5797, 0.2399 -0.2211 0.5797, 0.2196 -0.2394 0.5797, 0.1979 -0.2559 0.5797, 0.1748 -0.2705 0.5797, 0.1506 -0.2832 0.5797, 0.1254 -0.2938 0.5797, 0.0995 -0.3022 0.5797, 0.0729 -0.3084 0.5797, 0.0459 -0.3124 0.5797, 0.0186 -0.3141 0.5797, -0.0087 -0.3136 0.5797, -0.0358 -0.3107 0.5797, -0.0627 -0.3056 0.5797, -0.089 -0.2982 0.5797, -0.1146 -0.2887 0.5797, -0.1393 -0.2771 0.5797, -0.1629 -0.2634 0.5797, -0.1853 -0.2479 0.5797, -0.2064 -0.2305 0.5797, -0.2259 -0.2114 0.5797, -0.2437 -0.1907 0.5797, -0.2598 -0.1686 0.5797, -0.2739 -0.1452 0.5797, -0.2861 -0.1208 0.5797, -0.2961 -0.0954 0.5797, -0.304 -0.0692 0.5797, -0.3097 -0.0425 0.5797, -0.3131 -0.0154 0.5797, -0.3143 0.0119 0.5797, -0.3069 0.0386 0.5859, -0.3036 0.0652 0.5859, -0.298 0.0914 0.5859, -0.2902 0.117 0.5859, -0.2804 0.1419 0.5859, -0.2685 0.1659 0.5859, -0.2546 0.1888 0.5859, -0.2389 0.2105 0.5859, -0.2214 0.2308 0.5859, -0.2022 0.2495 0.5859, -0.1816 0.2666 0.5859, -0.1596 0.2819 0.5859, -0.1364 0.2953 0.5859, -0.1121 0.3067 0.5859, -0.087 0.316 0.5859, -0.0612 0.3232 0.5859, -0.0349 0.3282 0.5859, -0.0083 0.331 0.5859, 0.0185 0.3316 0.5859, 0.0452 0.3299 0.5859, 0.0717 0.326 0.5859, 0.0978 0.3199 0.5859, 0.1233 0.3116 0.5859, 0.148 0.3012 0.5859, 0.1717 0.2888 0.5859, 0.1943 0.2745 0.5859, 0.2157 0.2583 0.5859, 0.2356 0.2404 0.5859, 0.2539 0.2208 0.5859, 0.2705 0.1998 0.5859, 0.2854 0.1775 0.5859, 0.2983 0.1541 0.5859, 0.3092 0.1296 0.5859, 0.318 0.1043 0.5859, 0.3246 0.0783 0.5859, 0.3291 0.0519 0.5859, 0.3313 0.0252 0.5859, 0.3313 -0.0015 0.5859, 0.3291 -0.0282 0.5859, 0.3246 -0.0546 0.5859, 0.318 -0.0806 0.5859, 0.3092 -0.1059 0.5859, 0.2983 -0.1304 0.5859, 0.2854 -0.1538 0.5859, 0.2705 -0.1761 0.5859, 0.2539 -0.1971 0.5859, 0.2356 -0.2167 0.5859, 0.2157 -0.2346 0.5859, 0.1943 -0.2508 0.5859, 0.1717 -0.2651 0.5859, 0.148 -0.2775 0.5859, 0.1233 -0.2879 0.5859, 0.0978 -0.2962 0.5859, 0.0717 -0.3023 0.5859, 0.0452 -0.3062 0.5859, 0.0185 -0.3079 0.5859, -0.0083 -0.3073 0.5859, -0.0349 -0.3045 0.5859, -0.0612 -0.2995 0.5859, -0.087 -0.2923 0.5859, -0.1121 -0.283 0.5859, -0.1364 -0.2716 0.5859, -0.1596 -0.2582 0.5859, -0.1816 -0.2429 0.5859, -0.2022 -0.2258 0.5859, -0.2214 -0.2071 0.5859, -0.2389 -0.1868 0.5859, -0.2546 -0.1651 0.5859, -0.2685 -0.1422 0.5859, -0.2804 -0.1182 0.5859, -0.2902 -0.0933 0.5859, -0.298 -0.0677 0.5859, -0.3036 -0.0415 0.5859, -0.3069 -0.0149 0.5859, -0.308 0.0119 0.5859, -0.2995 0.038 0.5906, -0.2962 0.0639 0.5906, -0.2908 0.0895 0.5906, -0.2832 0.1146 0.5906, -0.2736 0.1389 0.5906, -0.2619 0.1623 0.5906, -0.2484 0.1847 0.5906, -0.233 0.2059 0.5906, -0.2159 0.2257 0.5906, -0.1972 0.244 0.5906, -0.1771 0.2607 0.5906, -0.1556 0.2756 0.5906, -0.1329 0.2887 0.5906, -0.1093 0.2998 0.5906, -0.0847 0.3089 0.5906, -0.0595 0.316 0.5906, -0.0338 0.3209 0.5906, -0.0078 0.3236 0.5906, 0.0183 0.3241 0.5906, 0.0444 0.3225 0.5906, 0.0703 0.3187 0.5906, 0.0958 0.3127 0.5906, 0.1207 0.3046 0.5906, 0.1448 0.2945 0.5906, 0.168 0.2824 0.5906, 0.1901 0.2683 0.5906, 0.2109 0.2525 0.5906, 0.2303 0.235 0.5906, 0.2482 0.216 0.5906, 0.2645 0.1954 0.5906, 0.279 0.1737 0.5906, 0.2916 0.1507 0.5906, 0.3022 0.1268 0.5906, 0.3108 0.1021 0.5906, 0.3173 0.0768 0.5906, 0.3217 0.051 0.5906, 0.3239 0.0249 0.5906, 0.3239 -0.0012 0.5906, 0.3217 -0.0273 0.5906, 0.3173 -0.0531 0.5906, 0.3108 -0.0784 0.5906, 0.3022 -0.1031 0.5906, 0.2916 -0.127 0.5906, 0.279 -0.15 0.5906, 0.2645 -0.1717 0.5906, 0.2482 -0.1923 0.5906, 0.2303 -0.2113 0.5906, 0.2109 -0.2288 0.5906, 0.1901 -0.2446 0.5906, 0.168 -0.2587 0.5906, 0.1448 -0.2708 0.5906, 0.1207 -0.2809 0.5906, 0.0958 -0.289 0.5906, 0.0703 -0.295 0.5906, 0.0444 -0.2988 0.5906, 0.0183 -0.3004 0.5906, -0.0078 -0.2999 0.5906, -0.0338 -0.2972 0.5906, -0.0595 -0.2923 0.5906, -0.0847 -0.2852 0.5906, -0.1093 -0.2761 0.5906, -0.1329 -0.265 0.5906, -0.1556 -0.2519 0.5906, -0.1771 -0.237 0.5906, -0.1972 -0.2203 0.5906, -0.2159 -0.202 0.5906, -0.233 -0.1822 0.5906, -0.2484 -0.161 0.5906, -0.2619 -0.1386 0.5906, -0.2736 -0.1152 0.5906, -0.2832 -0.0909 0.5906, -0.2908 -0.0658 0.5906, -0.2962 -0.0402 0.5906, -0.2995 -0.0143 0.5906, -0.3006 0.0119 0.5906, -0.2912 0.0373 0.5935, -0.288 0.0626 0.5935, -0.2827 0.0875 0.5935, -0.2753 0.1118 0.5935, -0.266 0.1355 0.5935, -0.2546 0.1583 0.5935, -0.2414 0.1801 0.5935, -0.2265 0.2007 0.5935, -0.2098 0.22 0.5935, -0.1917 0.2378 0.5935, -0.172 0.254 0.5935, -0.1511 0.2686 0.5935, -0.1291 0.2813 0.5935, -0.106 0.2921 0.5935, -0.0822 0.301 0.5935, -0.0576 0.3079 0.5935, -0.0326 0.3126 0.5935, -0.0073 0.3153 0.5935, 0.0182 0.3158 0.5935, 0.0436 0.3142 0.5935, 0.0688 0.3105 0.5935, 0.0936 0.3047 0.5935, 0.1178 0.2968 0.5935, 0.1412 0.287 0.5935, 0.1638 0.2752 0.5935, 0.1853 0.2615 0.5935, 0.2056 0.2461 0.5935, 0.2245 0.2291 0.5935, 0.2419 0.2105 0.5935, 0.2578 0.1906 0.5935, 0.2719 0.1693 0.5935, 0.2841 0.147 0.5935, 0.2945 0.1238 0.5935, 0.3028 0.0997 0.5935, 0.3092 0.0751 0.5935, 0.3134 0.05 0.5935, 0.3156 0.0246 0.5935, 0.3156 -0.0009 0.5935, 0.3134 -0.0263 0.5935, 0.3092 -0.0514 0.5935, 0.3028 -0.076 0.5935, 0.2945 -0.1001 0.5935, 0.2841 -0.1233 0.5935, 0.2719 -0.1456 0.5935, 0.2578 -0.1669 0.5935, 0.2419 -0.1868 0.5935, 0.2245 -0.2054 0.5935, 0.2056 -0.2224 0.5935, 0.1853 -0.2378 0.5935, 0.1638 -0.2515 0.5935, 0.1412 -0.2633 0.5935, 0.1178 -0.2731 0.5935, 0.0936 -0.281 0.5935, 0.0688 -0.2868 0.5935, 0.0436 -0.2905 0.5935, 0.0182 -0.2921 0.5935, -0.0073 -0.2916 0.5935, -0.0326 -0.2889 0.5935, -0.0576 -0.2842 0.5935, -0.0822 -0.2773 0.5935, -0.106 -0.2684 0.5935, -0.1291 -0.2576 0.5935, -0.1511 -0.2449 0.5935, -0.172 -0.2303 0.5935, -0.1917 -0.2141 0.5935, -0.2098 -0.1963 0.5935, -0.2265 -0.177 0.5935, -0.2414 -0.1564 0.5935, -0.2546 -0.1346 0.5935, -0.266 -0.1118 0.5935, -0.2753 -0.0881 0.5935, -0.2827 -0.0638 0.5935, -0.288 -0.0389 0.5935, -0.2912 -0.0136 0.5935, -0.2922 0.0119 0.5935
            ]
        }
        coordIndex [
            0,1,2,-1,2,1,3,-1,2,3,4,-1,5,6,2,-1,2,6,7,-1,2,7,0,-1,8,9,2,-1,2,9,10,-1,2,10,5,-1,11,12,2,-1,2,12,13,-1,2,13,8,-1,14,15,2,-1,2,15,16,-1,2,16,11,-1,17,18,2,-1,2,18,19,-1,2,19,14,-1,20,21,2,-1,2,21,22,-1,2,22,17,-1,23,24,2,-1,2,24,25,-1,2,25,20,-1,26,27,2,-1,2,27,28,-1,2,28,23,-1,29,30,2,-1,2,30,31,-1,2,31,26,-1,32,33,2,-1,2,33,34,-1,2,34,29,-1,35,36,2,-1,2,36,37,-1,2,37,32,-1,38,39,2,-1,2,39,40,-1,2,40,35,-1,41,42,2,-1,2,42,43,-1,2,43,38,-1,44,45,2,-1,2,45,46,-1,2,46,41,-1,47,48,2,-1,2,48,49,-1,2,49,44,-1,50,51,2,-1,2,51,52,-1,2,52,47,-1,4,53,2,-1,2,53,54,-1,2,54,50,-1,31,30,55,-1,29,56,30,-1,30,56,57,-1,30,57,55,-1,58,59,34,-1,34,59,60,-1,34,60,29,-1,29,60,61,-1,29,61,56,-1,58,34,62,-1,62,34,33,-1,62,33,63,-1,63,33,64,-1,64,33,32,-1,64,32,65,-1,37,66,32,-1,32,66,67,-1,32,67,65,-1,36,68,37,-1,37,68,69,-1,37,69,66,-1,70,71,35,-1,35,71,72,-1,35,72,36,-1,36,72,73,-1,36,73,68,-1,70,35,74,-1,74,35,40,-1,74,40,75,-1,75,40,76,-1,76,40,39,-1,76,39,77,-1,38,78,39,-1,39,78,79,-1,39,79,77,-1,43,80,38,-1,38,80,81,-1,38,81,78,-1,82,83,42,-1,42,83,84,-1,42,84,43,-1,43,84,85,-1,43,85,80,-1,82,42,86,-1,86,42,41,-1,86,41,87,-1,87,41,88,-1,88,41,46,-1,88,46,89,-1,45,90,46,-1,46,90,91,-1,46,91,89,-1,92,93,44,-1,44,93,94,-1,44,94,45,-1,45,94,95,-1,45,95,90,-1,92,44,96,-1,96,44,49,-1,96,49,97,-1,97,49,98,-1,98,49,48,-1,98,48,99,-1,99,48,100,-1,100,48,47,-1,100,47,101,-1,52,102,47,-1,47,102,103,-1,47,103,101,-1,104,105,51,-1,51,105,106,-1,51,106,52,-1,52,106,107,-1,52,107,102,-1,104,51,108,-1,108,51,50,-1,108,50,109,-1,109,50,110,-1,110,50,54,-1,110,54,111,-1,111,54,112,-1,112,54,53,-1,112,53,113,-1,4,114,53,-1,53,114,115,-1,53,115,113,-1,1,116,117,-1,1,117,3,-1,3,117,118,-1,3,118,4,-1,4,118,119,-1,4,119,114,-1,116,1,120,-1,120,1,0,-1,120,0,121,-1,121,0,122,-1,122,0,7,-1,122,7,123,-1,6,124,7,-1,7,124,125,-1,7,125,123,-1,5,126,6,-1,6,126,127,-1,6,127,124,-1,128,129,10,-1,10,129,130,-1,10,130,5,-1,5,130,131,-1,5,131,126,-1,128,10,132,-1,132,10,9,-1,132,9,133,-1,133,9,134,-1,134,9,8,-1,134,8,135,-1,13,136,8,-1,8,136,137,-1,8,137,135,-1,12,138,13,-1,13,138,139,-1,13,139,136,-1,140,141,11,-1,11,141,142,-1,11,142,12,-1,12,142,143,-1,12,143,138,-1,140,11,144,-1,144,11,16,-1,144,16,145,-1,145,16,146,-1,146,16,15,-1,146,15,147,-1,148,149,14,-1,14,149,150,-1,14,150,15,-1,15,150,151,-1,15,151,147,-1,18,152,19,-1,19,152,153,-1,19,153,14,-1,14,153,154,-1,14,154,148,-1,17,155,18,-1,18,155,156,-1,18,156,152,-1,157,158,22,-1,22,158,159,-1,22,159,17,-1,17,159,160,-1,17,160,155,-1,157,22,161,-1,161,22,21,-1,161,21,162,-1,162,21,163,-1,163,21,20,-1,163,20,164,-1,25,165,20,-1,20,165,166,-1,20,166,164,-1,24,167,25,-1,25,167,168,-1,25,168,165,-1,169,170,23,-1,23,170,171,-1,23,171,24,-1,24,171,172,-1,24,172,167,-1,169,23,173,-1,173,23,28,-1,173,28,174,-1,174,28,175,-1,175,28,27,-1,175,27,176,-1,26,177,27,-1,27,177,178,-1,27,178,176,-1,55,179,31,-1,31,179,180,-1,31,180,26,-1,26,180,181,-1,26,181,177,-1,182,183,184,-1,184,183,185,-1,184,185,186,-1,187,188,184,-1,184,188,189,-1,184,189,182,-1,190,191,184,-1,184,191,192,-1,184,192,187,-1,193,194,184,-1,184,194,195,-1,184,195,190,-1,196,197,184,-1,184,197,198,-1,184,198,193,-1,199,200,184,-1,184,200,201,-1,184,201,196,-1,202,203,184,-1,184,203,204,-1,184,204,199,-1,205,206,184,-1,184,206,207,-1,184,207,202,-1,208,209,184,-1,184,209,210,-1,184,210,205,-1,211,212,184,-1,184,212,213,-1,184,213,208,-1,214,215,184,-1,184,215,216,-1,184,216,211,-1,217,218,184,-1,184,218,219,-1,184,219,214,-1,220,221,184,-1,184,221,222,-1,184,222,217,-1,223,224,184,-1,184,224,225,-1,184,225,220,-1,226,227,184,-1,184,227,228,-1,184,228,223,-1,229,230,184,-1,184,230,231,-1,184,231,226,-1,232,233,184,-1,184,233,234,-1,184,234,229,-1,235,236,184,-1,184,236,237,-1,184,237,232,-1,238,239,184,-1,184,239,240,-1,184,240,235,-1,241,242,184,-1,184,242,243,-1,184,243,238,-1,244,245,184,-1,184,245,246,-1,184,246,241,-1,247,248,184,-1,184,248,249,-1,184,249,244,-1,250,251,184,-1,184,251,252,-1,184,252,247,-1,253,254,184,-1,184,254,255,-1,184,255,250,-1,186,256,184,-1,184,256,257,-1,184,257,253,-1,61,258,259,-1,61,60,258,-1,258,60,59,-1,258,59,260,-1,260,59,58,-1,260,58,261,-1,261,58,62,-1,261,62,262,-1,262,62,63,-1,63,64,262,-1,262,64,65,-1,262,65,263,-1,263,65,67,-1,263,67,264,-1,67,66,264,-1,264,66,69,-1,264,69,265,-1,69,68,265,-1,265,68,73,-1,265,73,266,-1,73,72,266,-1,266,72,71,-1,266,71,267,-1,267,71,70,-1,267,70,268,-1,268,70,74,-1,268,74,269,-1,269,74,75,-1,75,76,269,-1,269,76,77,-1,269,77,270,-1,270,77,79,-1,270,79,271,-1,271,79,78,-1,271,78,272,-1,272,78,81,-1,81,80,272,-1,272,80,85,-1,272,85,273,-1,85,84,273,-1,273,84,83,-1,273,83,274,-1,274,83,82,-1,274,82,275,-1,275,82,86,-1,275,86,276,-1,276,86,87,-1,87,88,276,-1,276,88,89,-1,276,89,277,-1,277,89,91,-1,277,91,278,-1,278,91,90,-1,278,90,279,-1,279,90,95,-1,95,94,279,-1,279,94,93,-1,279,93,280,-1,280,93,92,-1,280,92,281,-1,92,96,281,-1,281,96,97,-1,281,97,282,-1,97,98,282,-1,282,98,99,-1,282,99,283,-1,99,100,283,-1,283,100,101,-1,283,101,284,-1,284,101,103,-1,284,103,285,-1,285,103,102,-1,285,102,286,-1,286,102,107,-1,107,106,286,-1,286,106,105,-1,286,105,287,-1,287,105,104,-1,287,104,288,-1,288,104,108,-1,288,108,289,-1,289,108,109,-1,109,110,289,-1,289,110,111,-1,289,111,290,-1,111,112,290,-1,290,112,113,-1,290,113,291,-1,291,113,115,-1,291,115,292,-1,292,115,114,-1,292,114,293,-1,293,114,119,-1,119,118,293,-1,293,118,117,-1,293,117,294,-1,294,117,116,-1,294,116,295,-1,295,116,120,-1,295,120,296,-1,296,120,121,-1,121,122,296,-1,296,122,123,-1,296,123,297,-1,297,123,125,-1,297,125,298,-1,125,124,298,-1,298,124,127,-1,298,127,299,-1,127,126,299,-1,299,126,131,-1,299,131,300,-1,131,130,300,-1,300,130,129,-1,300,129,301,-1,301,129,128,-1,301,128,302,-1,302,128,132,-1,302,132,303,-1,303,132,133,-1,133,134,303,-1,303,134,135,-1,303,135,304,-1,304,135,137,-1,304,137,305,-1,305,137,136,-1,305,136,306,-1,306,136,139,-1,139,138,306,-1,306,138,143,-1,306,143,307,-1,143,142,307,-1,307,142,141,-1,307,141,308,-1,308,141,140,-1,308,140,309,-1,309,140,144,-1,309,144,310,-1,310,144,145,-1,145,146,310,-1,310,146,147,-1,310,147,311,-1,311,147,151,-1,311,151,312,-1,312,151,150,-1,312,150,313,-1,313,150,149,-1,149,148,313,-1,313,148,154,-1,313,154,314,-1,314,154,153,-1,314,153,315,-1,153,152,315,-1,315,152,156,-1,315,156,316,-1,156,155,316,-1,316,155,160,-1,316,160,317,-1,160,159,317,-1,317,159,158,-1,317,158,318,-1,318,158,157,-1,318,157,319,-1,319,157,161,-1,319,161,320,-1,320,161,162,-1,162,163,320,-1,320,163,164,-1,320,164,321,-1,321,164,166,-1,321,166,322,-1,322,166,165,-1,322,165,323,-1,323,165,168,-1,168,167,323,-1,323,167,172,-1,323,172,324,-1,172,171,324,-1,324,171,170,-1,324,170,325,-1,325,170,169,-1,325,169,326,-1,326,169,173,-1,326,173,327,-1,327,173,174,-1,174,175,327,-1,327,175,176,-1,327,176,328,-1,328,176,178,-1,328,178,329,-1,329,178,177,-1,329,177,330,-1,330,177,181,-1,181,180,330,-1,330,180,179,-1,330,179,331,-1,331,179,55,-1,331,55,332,-1,332,55,57,-1,332,57,259,-1,259,57,56,-1,259,56,61,-1,331,333,330,-1,330,333,334,-1,330,334,329,-1,329,334,335,-1,329,335,328,-1,328,335,336,-1,328,336,327,-1,327,336,337,-1,327,337,326,-1,326,337,338,-1,326,338,325,-1,325,338,339,-1,325,339,324,-1,324,339,340,-1,324,340,323,-1,323,340,341,-1,323,341,322,-1,322,341,342,-1,322,342,321,-1,321,342,343,-1,321,343,320,-1,320,343,344,-1,320,344,319,-1,319,344,345,-1,319,345,318,-1,318,345,346,-1,318,346,317,-1,317,346,347,-1,317,347,316,-1,316,347,348,-1,316,348,315,-1,315,348,349,-1,315,349,314,-1,314,349,350,-1,314,350,313,-1,313,350,351,-1,313,351,312,-1,312,351,352,-1,312,352,311,-1,311,352,353,-1,311,353,310,-1,310,353,354,-1,310,354,309,-1,309,354,355,-1,309,355,308,-1,308,355,356,-1,308,356,307,-1,307,356,357,-1,307,357,306,-1,306,357,358,-1,306,358,305,-1,305,358,359,-1,305,359,304,-1,304,359,360,-1,304,360,303,-1,303,360,361,-1,303,361,302,-1,302,361,362,-1,302,362,301,-1,301,362,363,-1,301,363,300,-1,300,363,364,-1,300,364,299,-1,299,364,365,-1,299,365,298,-1,298,365,366,-1,298,366,297,-1,297,366,367,-1,297,367,296,-1,296,367,368,-1,296,368,295,-1,295,368,369,-1,295,369,294,-1,294,369,370,-1,294,370,293,-1,293,370,371,-1,293,371,292,-1,292,371,372,-1,292,372,291,-1,291,372,373,-1,291,373,290,-1,290,373,374,-1,290,374,289,-1,289,374,375,-1,289,375,288,-1,288,375,376,-1,288,376,287,-1,287,376,377,-1,287,377,286,-1,286,377,378,-1,286,378,285,-1,285,378,379,-1,285,379,284,-1,284,379,380,-1,284,380,283,-1,283,380,381,-1,283,381,282,-1,282,381,382,-1,282,382,281,-1,281,382,383,-1,281,383,280,-1,280,383,384,-1,280,384,279,-1,279,384,385,-1,279,385,278,-1,278,385,386,-1,278,386,277,-1,277,386,387,-1,277,387,276,-1,276,387,388,-1,276,388,275,-1,275,388,389,-1,275,389,274,-1,274,389,390,-1,274,390,273,-1,273,390,391,-1,273,391,272,-1,272,391,392,-1,272,392,271,-1,271,392,393,-1,271,393,270,-1,270,393,394,-1,270,394,269,-1,269,394,395,-1,269,395,268,-1,268,395,396,-1,268,396,267,-1,267,396,397,-1,267,397,266,-1,266,397,398,-1,266,398,265,-1,265,398,399,-1,265,399,264,-1,264,399,400,-1,264,400,263,-1,263,400,401,-1,263,401,262,-1,262,401,402,-1,262,402,261,-1,261,402,403,-1,261,403,260,-1,260,403,404,-1,260,404,258,-1,258,404,405,-1,258,405,259,-1,259,405,406,-1,259,406,332,-1,332,406,407,-1,332,407,331,-1,331,407,333,-1,407,408,333,-1,333,408,409,-1,333,409,334,-1,334,409,410,-1,334,410,335,-1,335,410,411,-1,335,411,336,-1,336,411,412,-1,336,412,337,-1,337,412,413,-1,337,413,338,-1,338,413,414,-1,338,414,339,-1,339,414,415,-1,339,415,340,-1,340,415,416,-1,340,416,341,-1,341,416,417,-1,341,417,342,-1,342,417,418,-1,342,418,343,-1,343,418,419,-1,343,419,344,-1,344,419,420,-1,344,420,345,-1,345,420,421,-1,345,421,346,-1,346,421,422,-1,346,422,347,-1,347,422,423,-1,347,423,348,-1,348,423,424,-1,348,424,349,-1,349,424,425,-1,349,425,350,-1,350,425,426,-1,350,426,351,-1,351,426,427,-1,351,427,352,-1,352,427,428,-1,352,428,353,-1,353,428,429,-1,353,429,354,-1,354,429,430,-1,354,430,355,-1,355,430,431,-1,355,431,356,-1,356,431,432,-1,356,432,357,-1,357,432,433,-1,357,433,358,-1,358,433,434,-1,358,434,359,-1,359,434,435,-1,359,435,360,-1,360,435,436,-1,360,436,361,-1,361,436,437,-1,361,437,362,-1,362,437,438,-1,362,438,363,-1,363,438,439,-1,363,439,364,-1,364,439,440,-1,364,440,365,-1,365,440,441,-1,365,441,366,-1,366,441,442,-1,366,442,367,-1,367,442,443,-1,367,443,368,-1,368,443,444,-1,368,444,369,-1,369,444,445,-1,369,445,370,-1,370,445,446,-1,370,446,371,-1,371,446,447,-1,371,447,372,-1,372,447,448,-1,372,448,373,-1,373,448,449,-1,373,449,374,-1,374,449,450,-1,374,450,375,-1,375,450,451,-1,375,451,376,-1,376,451,452,-1,376,452,377,-1,377,452,453,-1,377,453,378,-1,378,453,454,-1,378,454,379,-1,379,454,455,-1,379,455,380,-1,380,455,456,-1,380,456,381,-1,381,456,457,-1,381,457,382,-1,382,457,458,-1,382,458,383,-1,383,458,459,-1,383,459,384,-1,384,459,460,-1,384,460,385,-1,385,460,461,-1,385,461,386,-1,386,461,462,-1,386,462,387,-1,387,462,463,-1,387,463,388,-1,388,463,464,-1,388,464,389,-1,389,464,465,-1,389,465,390,-1,390,465,466,-1,390,466,391,-1,391,466,467,-1,391,467,392,-1,392,467,468,-1,392,468,393,-1,393,468,469,-1,393,469,394,-1,394,469,470,-1,394,470,395,-1,395,470,471,-1,395,471,396,-1,396,471,472,-1,396,472,397,-1,397,472,473,-1,397,473,398,-1,398,473,474,-1,398,474,399,-1,399,474,475,-1,399,475,400,-1,400,475,476,-1,400,476,401,-1,401,476,477,-1,401,477,402,-1,402,477,478,-1,402,478,403,-1,403,478,479,-1,403,479,404,-1,404,479,480,-1,404,480,405,-1,405,480,481,-1,405,481,406,-1,406,481,482,-1,406,482,407,-1,407,482,408,-1,482,483,408,-1,408,483,484,-1,408,484,409,-1,409,484,485,-1,409,485,410,-1,410,485,486,-1,410,486,411,-1,411,486,487,-1,411,487,412,-1,412,487,488,-1,412,488,413,-1,413,488,489,-1,413,489,414,-1,414,489,490,-1,414,490,415,-1,415,490,491,-1,415,491,416,-1,416,491,492,-1,416,492,417,-1,417,492,493,-1,417,493,418,-1,418,493,494,-1,418,494,419,-1,419,494,495,-1,419,495,420,-1,420,495,496,-1,420,496,421,-1,421,496,497,-1,421,497,422,-1,422,497,498,-1,422,498,423,-1,423,498,499,-1,423,499,424,-1,424,499,500,-1,424,500,425,-1,425,500,501,-1,425,501,426,-1,426,501,502,-1,426,502,427,-1,427,502,503,-1,427,503,428,-1,428,503,504,-1,428,504,429,-1,429,504,505,-1,429,505,430,-1,430,505,506,-1,430,506,431,-1,431,506,507,-1,431,507,432,-1,432,507,508,-1,432,508,433,-1,433,508,509,-1,433,509,434,-1,434,509,510,-1,434,510,435,-1,435,510,511,-1,435,511,436,-1,436,511,512,-1,436,512,437,-1,437,512,513,-1,437,513,438,-1,438,513,514,-1,438,514,439,-1,439,514,515,-1,439,515,440,-1,440,515,516,-1,440,516,441,-1,441,516,517,-1,441,517,442,-1,442,517,518,-1,442,518,443,-1,443,518,519,-1,443,519,444,-1,444,519,520,-1,444,520,445,-1,445,520,521,-1,445,521,446,-1,446,521,522,-1,446,522,447,-1,447,522,523,-1,447,523,448,-1,448,523,524,-1,448,524,449,-1,449,524,525,-1,449,525,450,-1,450,525,526,-1,450,526,451,-1,451,526,527,-1,451,527,452,-1,452,527,528,-1,452,528,453,-1,453,528,529,-1,453,529,454,-1,454,529,530,-1,454,530,455,-1,455,530,531,-1,455,531,456,-1,456,531,532,-1,456,532,457,-1,457,532,533,-1,457,533,458,-1,458,533,534,-1,458,534,459,-1,459,534,535,-1,459,535,460,-1,460,535,536,-1,460,536,461,-1,461,536,537,-1,461,537,462,-1,462,537,538,-1,462,538,463,-1,463,538,539,-1,463,539,464,-1,464,539,540,-1,464,540,465,-1,465,540,541,-1,465,541,466,-1,466,541,542,-1,466,542,467,-1,467,542,543,-1,467,543,468,-1,468,543,544,-1,468,544,469,-1,469,544,545,-1,469,545,470,-1,470,545,546,-1,470,546,471,-1,471,546,547,-1,471,547,472,-1,472,547,548,-1,472,548,473,-1,473,548,549,-1,473,549,474,-1,474,549,550,-1,474,550,475,-1,475,550,551,-1,475,551,476,-1,476,551,552,-1,476,552,477,-1,477,552,553,-1,477,553,478,-1,478,553,554,-1,478,554,479,-1,479,554,555,-1,479,555,480,-1,480,555,556,-1,480,556,481,-1,481,556,557,-1,481,557,482,-1,482,557,483,-1,557,558,483,-1,483,558,559,-1,483,559,484,-1,484,559,560,-1,484,560,485,-1,485,560,561,-1,485,561,486,-1,486,561,562,-1,486,562,487,-1,487,562,563,-1,487,563,488,-1,488,563,564,-1,488,564,489,-1,489,564,565,-1,489,565,490,-1,490,565,566,-1,490,566,491,-1,491,566,567,-1,491,567,492,-1,492,567,568,-1,492,568,493,-1,493,568,569,-1,493,569,494,-1,494,569,570,-1,494,570,495,-1,495,570,571,-1,495,571,496,-1,496,571,572,-1,496,572,497,-1,497,572,573,-1,497,573,498,-1,498,573,574,-1,498,574,499,-1,499,574,575,-1,499,575,500,-1,500,575,576,-1,500,576,501,-1,501,576,577,-1,501,577,502,-1,502,577,578,-1,502,578,503,-1,503,578,579,-1,503,579,504,-1,504,579,580,-1,504,580,505,-1,505,580,581,-1,505,581,506,-1,506,581,582,-1,506,582,507,-1,507,582,583,-1,507,583,508,-1,508,583,584,-1,508,584,509,-1,509,584,585,-1,509,585,510,-1,510,585,586,-1,510,586,511,-1,511,586,587,-1,511,587,512,-1,512,587,588,-1,512,588,513,-1,513,588,589,-1,513,589,514,-1,514,589,590,-1,514,590,515,-1,515,590,591,-1,515,591,516,-1,516,591,592,-1,516,592,517,-1,517,592,593,-1,517,593,518,-1,518,593,594,-1,518,594,519,-1,519,594,595,-1,519,595,520,-1,520,595,596,-1,520,596,521,-1,521,596,597,-1,521,597,522,-1,522,597,598,-1,522,598,523,-1,523,598,599,-1,523,599,524,-1,524,599,600,-1,524,600,525,-1,525,600,601,-1,525,601,526,-1,526,601,602,-1,526,602,527,-1,527,602,603,-1,527,603,528,-1,528,603,604,-1,528,604,529,-1,529,604,605,-1,529,605,530,-1,530,605,606,-1,530,606,531,-1,531,606,607,-1,531,607,532,-1,532,607,608,-1,532,608,533,-1,533,608,609,-1,533,609,534,-1,534,609,610,-1,534,610,535,-1,535,610,611,-1,535,611,536,-1,536,611,612,-1,536,612,537,-1,537,612,613,-1,537,613,538,-1,538,613,614,-1,538,614,539,-1,539,614,615,-1,539,615,540,-1,540,615,616,-1,540,616,541,-1,541,616,617,-1,541,617,542,-1,542,617,618,-1,542,618,543,-1,543,618,619,-1,543,619,544,-1,544,619,620,-1,544,620,545,-1,545,620,621,-1,545,621,546,-1,546,621,622,-1,546,622,547,-1,547,622,623,-1,547,623,548,-1,548,623,624,-1,548,624,549,-1,549,624,625,-1,549,625,550,-1,550,625,626,-1,550,626,551,-1,551,626,627,-1,551,627,552,-1,552,627,628,-1,552,628,553,-1,553,628,629,-1,553,629,554,-1,554,629,630,-1,554,630,555,-1,555,630,631,-1,555,631,556,-1,556,631,632,-1,556,632,557,-1,557,632,558,-1,632,633,558,-1,558,633,634,-1,558,634,559,-1,559,634,635,-1,559,635,560,-1,560,635,636,-1,560,636,561,-1,561,636,637,-1,561,637,562,-1,562,637,638,-1,562,638,563,-1,563,638,639,-1,563,639,564,-1,564,639,640,-1,564,640,565,-1,565,640,641,-1,565,641,566,-1,566,641,642,-1,566,642,567,-1,567,642,643,-1,567,643,568,-1,568,643,644,-1,568,644,569,-1,569,644,645,-1,569,645,570,-1,570,645,646,-1,570,646,571,-1,571,646,647,-1,571,647,572,-1,572,647,648,-1,572,648,573,-1,573,648,649,-1,573,649,574,-1,574,649,650,-1,574,650,575,-1,575,650,651,-1,575,651,576,-1,576,651,652,-1,576,652,577,-1,577,652,653,-1,577,653,578,-1,578,653,654,-1,578,654,579,-1,579,654,655,-1,579,655,580,-1,580,655,656,-1,580,656,581,-1,581,656,657,-1,581,657,582,-1,582,657,658,-1,582,658,583,-1,583,658,659,-1,583,659,584,-1,584,659,660,-1,584,660,585,-1,585,660,661,-1,585,661,586,-1,586,661,662,-1,586,662,587,-1,587,662,663,-1,587,663,588,-1,588,663,664,-1,588,664,589,-1,589,664,665,-1,589,665,590,-1,590,665,666,-1,590,666,591,-1,591,666,667,-1,591,667,592,-1,592,667,668,-1,592,668,593,-1,593,668,669,-1,593,669,594,-1,594,669,670,-1,594,670,595,-1,595,670,671,-1,595,671,596,-1,596,671,672,-1,596,672,597,-1,597,672,673,-1,597,673,598,-1,598,673,674,-1,598,674,599,-1,599,674,675,-1,599,675,600,-1,600,675,676,-1,600,676,601,-1,601,676,677,-1,601,677,602,-1,602,677,678,-1,602,678,603,-1,603,678,679,-1,603,679,604,-1,604,679,680,-1,604,680,605,-1,605,680,681,-1,605,681,606,-1,606,681,682,-1,606,682,607,-1,607,682,683,-1,607,683,608,-1,608,683,684,-1,608,684,609,-1,609,684,685,-1,609,685,610,-1,610,685,686,-1,610,686,611,-1,611,686,687,-1,611,687,612,-1,612,687,688,-1,612,688,613,-1,613,688,689,-1,613,689,614,-1,614,689,690,-1,614,690,615,-1,615,690,691,-1,615,691,616,-1,616,691,692,-1,616,692,617,-1,617,692,693,-1,617,693,618,-1,618,693,694,-1,618,694,619,-1,619,694,695,-1,619,695,620,-1,620,695,696,-1,620,696,621,-1,621,696,697,-1,621,697,622,-1,622,697,698,-1,622,698,623,-1,623,698,699,-1,623,699,624,-1,624,699,700,-1,624,700,625,-1,625,700,701,-1,625,701,626,-1,626,701,702,-1,626,702,627,-1,627,702,703,-1,627,703,628,-1,628,703,704,-1,628,704,629,-1,629,704,705,-1,629,705,630,-1,630,705,706,-1,630,706,631,-1,631,706,707,-1,631,707,632,-1,632,707,633,-1,707,183,633,-1,633,183,182,-1,633,182,634,-1,634,182,189,-1,634,189,635,-1,635,189,188,-1,635,188,636,-1,636,188,187,-1,636,187,637,-1,637,187,192,-1,637,192,638,-1,638,192,191,-1,638,191,639,-1,639,191,190,-1,639,190,640,-1,640,190,195,-1,640,195,641,-1,641,195,194,-1,641,194,642,-1,642,194,193,-1,642,193,643,-1,643,193,198,-1,643,198,644,-1,644,198,197,-1,644,197,645,-1,645,197,196,-1,645,196,646,-1,646,196,201,-1,646,201,647,-1,647,201,200,-1,647,200,648,-1,648,200,199,-1,648,199,649,-1,649,199,204,-1,649,204,650,-1,650,204,203,-1,650,203,651,-1,651,203,202,-1,651,202,652,-1,652,202,207,-1,652,207,653,-1,653,207,206,-1,653,206,654,-1,654,206,205,-1,654,205,655,-1,655,205,210,-1,655,210,656,-1,656,210,209,-1,656,209,657,-1,657,209,208,-1,657,208,658,-1,658,208,213,-1,658,213,659,-1,659,213,212,-1,659,212,660,-1,660,212,211,-1,660,211,661,-1,661,211,216,-1,661,216,662,-1,662,216,215,-1,662,215,663,-1,663,215,214,-1,663,214,664,-1,664,214,219,-1,664,219,665,-1,665,219,218,-1,665,218,666,-1,666,218,217,-1,666,217,667,-1,667,217,222,-1,667,222,668,-1,668,222,221,-1,668,221,669,-1,669,221,220,-1,669,220,670,-1,670,220,225,-1,670,225,671,-1,671,225,224,-1,671,224,672,-1,672,224,223,-1,672,223,673,-1,673,223,228,-1,673,228,674,-1,674,228,227,-1,674,227,675,-1,675,227,226,-1,675,226,676,-1,676,226,231,-1,676,231,677,-1,677,231,230,-1,677,230,678,-1,678,230,229,-1,678,229,679,-1,679,229,234,-1,679,234,680,-1,680,234,233,-1,680,233,681,-1,681,233,232,-1,681,232,682,-1,682,232,237,-1,682,237,683,-1,683,237,236,-1,683,236,684,-1,684,236,235,-1,684,235,685,-1,685,235,240,-1,685,240,686,-1,686,240,239,-1,686,239,687,-1,687,239,238,-1,687,238,688,-1,688,238,243,-1,688,243,689,-1,689,243,242,-1,689,242,690,-1,690,242,241,-1,690,241,691,-1,691,241,246,-1,691,246,692,-1,692,246,245,-1,692,245,693,-1,693,245,244,-1,693,244,694,-1,694,244,249,-1,694,249,695,-1,695,249,248,-1,695,248,696,-1,696,248,247,-1,696,247,697,-1,697,247,252,-1,697,252,698,-1,698,252,251,-1,698,251,699,-1,699,251,250,-1,699,250,700,-1,700,250,255,-1,700,255,701,-1,701,255,254,-1,701,254,702,-1,702,254,253,-1,702,253,703,-1,703,253,257,-1,703,257,704,-1,704,257,256,-1,704,256,705,-1,705,256,186,-1,705,186,706,-1,706,186,185,-1,706,185,707,-1,707,185,183,-1,
        ]
    }
}
Shape{
    appearance Appearance {
        material  Material 	{
            diffuseColor 0.8431372549019608 0.8156862745098039 0.7529411764705882
            specularColor 0.4235294117647059 0.40784313725490196 0.3764705882352941
            ambientIntensity 0.8167
            transparency 0.0
            shininess 0.5
        }
    }
    geometry IndexedFaceSet {
        ccw TRUE
        solid FALSE
        coord DEF co Coordinate {
            point [
                0.0017 0.0636 0.0433, 0.0017 0.0507 0.0433, -0.0127 0.2087 0.0433, -0.0012 -0.0415 0.0433, -0.0127 -0.0552 0.0433, -0.0012 -0.0545 0.0433, 0.0622 -0.0545 0.0433, 0.0852 -0.0483 0.0433, 0.0852 -0.0354 0.0433, 0.0622 0.0636 0.0433, 0.0464 -0.0012 0.0433, 0.0464 -0.0415 0.0433, 0.0046 -0.0012 0.0433, 0.0046 0.0118 0.0433, 0.0464 0.0118 0.0433, 0.0464 0.0507 0.0433, 0.2437 -0.0545 0.0433, 0.1247 -0.0552 0.0433, 0.1832 -0.0545 0.0433, 0.1323 -0.0544 0.0433, 0.1438 -0.0505 0.0433, 0.0852 0.0604 0.0433, 0.0852 0.0446 0.0433, 0.1245 0.0508 0.0433, 0.1334 0.0476 0.0433, 0.0874 -0.0366 0.0433, 0.1416 0.0422 0.0433, 0.1487 0.0343 0.0433, 0.1573 0.0033 0.0433, 0.1561 -0.0095 0.0433, 0.1529 -0.0196 0.0433, 0.1266 -0.0417 0.0433, 0.1156 -0.0429 0.0433, 0.1352 -0.0385 0.0433, 0.1424 -0.0337 0.0433, 0.148 -0.0278 0.0433, 0.0999 -0.0412 0.0433, 0.1669 0.0325 0.0433, 0.16 0.0436 0.0433, 0.2278 0.0636 0.0433, 0.1493 0.0538 0.0433, 0.0986 0.0503 0.0433, 0.1129 0.0521 0.0433, 0.1536 0.0252 0.0433, 0.1567 0.0125 0.0433, 0.1533 -0.0444 0.0433, 0.1621 -0.035 0.0433, 0.1832 -0.0415 0.0433, 0.1684 -0.0238 0.0433, 0.2278 -0.0415 0.0433, 0.1381 0.0603 0.0433, 0.1249 0.0641 0.0433, 0.172 -0.0113 0.0433, 0.1731 0.0024 0.0433, 0.1714 0.0192 0.0433, 0.113 0.0651 0.0433, 0.0989 0.0641 0.0433, 0.1098 -0.0552 0.0433, 0.1145 -0.0558 0.0433, -0.0127 -0.185 0.0433, 0.1177 -0.0559 0.0433, 0.2437 0.0636 0.0433, 0.9173 0.2087 0.0433, 0.9173 -0.0552 0.0433, 0.9173 -0.185 0.0433, -0.8937 -0.185 0.0433, -0.8937 -0.0552 0.0433, 0.0978 -0.0535 0.0433, -0.1279 -0.0545 0.0433, -0.1134 -0.0221 0.0433, -0.1066 -0.0327 0.0433, -0.1726 0.0636 0.0433, -0.1884 0.0636 0.0433, -0.2172 -0.0545 0.0433, -0.2345 -0.0545 0.0433, -0.8937 0.2087 0.0433, -0.0969 -0.042 0.0433, -0.0846 -0.0491 0.0433, -0.0709 -0.0532 0.0433, -0.0563 -0.0545 0.0433, -0.0242 -0.0545 0.0433, -0.0242 0.0636 0.0433, -0.0576 0.0636 0.0433, -0.1014 0.0482 0.0433, -0.1098 0.039 0.0433, -0.1153 0.0288 0.0433, -0.0746 0.0618 0.0433, -0.0884 0.057 0.0433, -0.1013 0.0484 0.0433, -0.1452 -0.0545 0.0433, -0.1565 -0.0213 0.0433, -0.2053 -0.0213 0.0433, -0.1184 0.0172 0.0433, -0.1193 0.0061 0.0433, -0.1176 -0.0097 0.0433, -0.8937 0.8386 0.0039, -0.8937 0.8189 0.0039, -0.8937 0.8189 0.0394, -0.8937 0.6615 0.0039, -0.8937 0.2087 0.0039, -0.8937 0.6615 0.0394, -0.8937 -0.8149 0.2795, -0.8937 0.8386 0.2795, -0.8937 -0.7952 0.0039, -0.8937 -0.8149 0.0039, -0.8937 -0.7952 0.0394, -0.8937 -0.6378 0.0394, -0.8937 -0.6378 0.0039, -0.8937 -0.185 0.0039, -0.815 -0.6378 0.0039, 0.9173 -0.185 0.0039, 0.9173 -0.6378 0.0039, 0.8386 -0.6378 0.0039, 0.8386 -0.7952 0.0039, -0.815 -0.7952 0.0039, 0.9173 -0.7952 0.0039, 0.9173 -0.8149 0.0039, 0.8386 -0.8937 0.0039, -0.815 -0.8937 0.0039, 0.9173 0.2087 0.0039, -0.815 0.6615 0.0039, 0.9173 0.8386 0.0039, 0.9173 0.8189 0.0039, 0.8386 0.9174 0.0039, 0.8386 0.8189 0.0039, -0.815 0.8189 0.0039, -0.815 0.9174 0.0039, 0.9173 0.6615 0.0039, 0.8386 0.6615 0.0039, -0.815 0.9174 0.2795, 0.8386 0.9174 0.2795, -0.815 -0.8937 0.2795, 0.8386 -0.8937 0.2795, 0.9173 -0.8149 0.2795, 0.9173 -0.7952 0.0394, 0.9173 -0.6378 0.0394, 0.9173 0.8386 0.2795, 0.9173 0.8189 0.0394, 0.9173 0.6615 0.0394
            ]
        }
        coordIndex [
            0,1,2,-1,2,1,3,-1,2,3,4,-1,4,3,5,-1,4,5,6,-1,7,6,8,-1,8,6,9,-1,10,11,12,-1,12,11,3,-1,12,3,13,-1,13,3,1,-1,13,1,14,-1,14,1,15,-1,16,17,18,-1,18,17,19,-1,18,19,20,-1,2,21,22,-1,23,24,25,-1,25,24,26,-1,25,26,27,-1,28,29,25,-1,25,29,30,-1,31,32,33,-1,33,32,34,-1,30,35,25,-1,25,35,34,-1,25,34,36,-1,36,34,32,-1,37,38,39,-1,39,38,40,-1,0,2,9,-1,9,2,22,-1,9,22,8,-1,8,22,41,-1,8,41,25,-1,25,41,42,-1,25,42,23,-1,27,43,25,-1,25,43,44,-1,25,44,28,-1,20,45,18,-1,18,45,46,-1,18,46,47,-1,47,46,48,-1,47,48,49,-1,50,51,2,-1,48,52,49,-1,49,52,53,-1,49,53,39,-1,39,53,54,-1,39,54,37,-1,51,55,2,-1,2,55,56,-1,2,56,21,-1,57,58,59,-1,59,58,60,-1,59,60,17,-1,40,50,39,-1,39,50,2,-1,39,2,61,-1,61,2,62,-1,61,62,16,-1,16,62,63,-1,16,63,17,-1,17,63,64,-1,17,64,59,-1,65,66,59,-1,59,66,4,-1,59,4,57,-1,57,4,6,-1,57,6,67,-1,67,6,7,-1,68,69,70,-1,2,71,72,-1,73,4,74,-1,74,4,66,-1,74,66,72,-1,72,66,75,-1,72,75,2,-1,70,76,68,-1,68,76,77,-1,68,77,78,-1,79,80,4,-1,4,80,81,-1,4,81,2,-1,2,81,82,-1,83,84,71,-1,71,84,85,-1,82,86,2,-1,2,86,87,-1,2,87,71,-1,71,87,88,-1,71,88,83,-1,78,79,68,-1,68,79,4,-1,68,4,89,-1,89,4,73,-1,89,73,90,-1,90,73,91,-1,85,92,71,-1,71,92,93,-1,71,93,68,-1,68,93,94,-1,68,94,69,-1,95,96,97,-1,98,99,100,-1,100,99,75,-1,66,65,101,-1,95,97,102,-1,102,97,100,-1,102,100,101,-1,101,100,75,-1,101,75,66,-1,103,104,105,-1,105,104,101,-1,105,101,106,-1,106,101,65,-1,106,65,107,-1,107,65,108,-1,107,108,109,-1,109,108,110,-1,110,111,112,-1,110,112,109,-1,109,112,113,-1,109,113,114,-1,115,116,113,-1,113,116,117,-1,113,117,114,-1,114,117,118,-1,114,118,103,-1,103,118,104,-1,119,99,120,-1,120,99,98,-1,121,122,123,-1,123,122,124,-1,96,95,125,-1,125,95,126,-1,127,119,128,-1,128,119,120,-1,128,120,124,-1,124,120,125,-1,124,125,123,-1,123,125,126,-1,129,130,126,-1,126,130,123,-1,102,129,95,-1,95,129,126,-1,131,101,118,-1,118,101,104,-1,132,131,117,-1,117,131,118,-1,133,132,116,-1,116,132,117,-1,116,115,134,-1,111,110,135,-1,135,110,64,-1,63,62,136,-1,116,134,133,-1,133,134,135,-1,133,135,136,-1,136,135,64,-1,136,64,63,-1,122,121,137,-1,137,121,136,-1,137,136,138,-1,138,136,62,-1,138,62,127,-1,127,62,119,-1,130,136,123,-1,123,136,121,-1,133,136,132,-1,132,136,130,-1,132,130,131,-1,131,130,129,-1,131,129,101,-1,101,129,102,-1,64,110,59,-1,59,110,108,-1,59,108,65,-1,75,99,2,-1,2,99,119,-1,2,119,62,-1,
        ]
    }
}
Shape{
    appearance Appearance {
        material  Material 	{
            diffuseColor 0.7686274509803922 0.7686274509803922 0.7686274509803922
            specularColor 0.615686274509804 0.615686274509804 0.615686274509804
            ambientIntensity 0.7686
            transparency 0.0
            shininess 0.5
        }
    }
    geometry IndexedFaceSet {
        ccw TRUE
        solid FALSE
        coord DEF co Coordinate {
            point [
                0.9583 0.8189 0.1655, 0.9968 0.8189 0.1573, 0.9342 0.8189 0.053, 0.9727 0.8189 0.0448, 0.9583 0.6615 0.1655, 0.9342 0.6615 0.053, 0.9968 0.6615 0.1573, 0.9727 0.6615 0.0448, 0.9173 0.8189 0.0039, 0.9173 0.8189 0.0394, 0.9212 0.8189 0.0398, 0.9329 0.8189 0.0493, 0.9686 0.8189 0.0326, 0.9309 0.8189 0.046, 0.9619 0.8189 0.0217, 0.9282 0.8189 0.0432, 0.9529 0.8189 0.0126, 0.9249 0.8189 0.0411, 0.9421 0.8189 0.0057, 0.93 0.8189 0.0014, 0.9173 0.8189 0.0, 0.9173 0.6615 0.0394, 0.9212 0.6615 0.0398, 0.9249 0.6615 0.0411, 0.9282 0.6615 0.0432, 0.9309 0.6615 0.046, 0.9329 0.6615 0.0493, 0.9173 0.6615 0.0039, 0.9173 0.6615 0.0, 0.93 0.6615 0.0014, 0.9421 0.6615 0.0057, 0.9529 0.6615 0.0126, 0.9619 0.6615 0.0217, 0.9686 0.6615 0.0326, 0.8386 0.8189 0.0, 0.8386 0.6615 0.0, 0.8386 0.8189 0.0039, 0.8386 0.6615 0.0039, 0.9583 -0.6378 0.1655, 0.9968 -0.6378 0.1573, 0.9342 -0.6378 0.053, 0.9727 -0.6378 0.0448, 0.9583 -0.7952 0.1655, 0.9342 -0.7952 0.053, 0.9968 -0.7952 0.1573, 0.9727 -0.7952 0.0448, 0.9173 -0.6378 0.0039, 0.9173 -0.6378 0.0394, 0.9212 -0.6378 0.0398, 0.9329 -0.6378 0.0493, 0.9686 -0.6378 0.0326, 0.9309 -0.6378 0.046, 0.9619 -0.6378 0.0217, 0.9282 -0.6378 0.0432, 0.9529 -0.6378 0.0126, 0.9249 -0.6378 0.0411, 0.9421 -0.6378 0.0057, 0.93 -0.6378 0.0014, 0.9173 -0.6378 0.0, 0.9173 -0.7952 0.0394, 0.9212 -0.7952 0.0398, 0.9249 -0.7952 0.0411, 0.9282 -0.7952 0.0432, 0.9309 -0.7952 0.046, 0.9329 -0.7952 0.0493, 0.9173 -0.7952 0.0039, 0.9173 -0.7952 0.0, 0.93 -0.7952 0.0014, 0.9421 -0.7952 0.0057, 0.9529 -0.7952 0.0126, 0.9619 -0.7952 0.0217, 0.9686 -0.7952 0.0326, 0.8386 -0.6378 0.0, 0.8386 -0.7952 0.0, 0.8386 -0.6378 0.0039, 0.8386 -0.7952 0.0039, -0.9347 0.6615 0.1655, -0.9732 0.6615 0.1573, -0.9106 0.6615 0.053, -0.9491 0.6615 0.0448, -0.9347 0.8189 0.1655, -0.9106 0.8189 0.053, -0.9732 0.8189 0.1573, -0.9491 0.8189 0.0448, -0.8937 0.6615 0.0039, -0.8937 0.6615 0.0394, -0.8976 0.6615 0.0398, -0.9094 0.6615 0.0493, -0.945 0.6615 0.0326, -0.9073 0.6615 0.046, -0.9383 0.6615 0.0217, -0.9046 0.6615 0.0432, -0.9293 0.6615 0.0126, -0.9013 0.6615 0.0411, -0.9185 0.6615 0.0057, -0.9064 0.6615 0.0014, -0.8937 0.6615 0.0, -0.8937 0.8189 0.0394, -0.8976 0.8189 0.0398, -0.9013 0.8189 0.0411, -0.9046 0.8189 0.0432, -0.9073 0.8189 0.046, -0.9094 0.8189 0.0493, -0.8937 0.8189 0.0039, -0.8937 0.8189 0.0, -0.9064 0.8189 0.0014, -0.9185 0.8189 0.0057, -0.9293 0.8189 0.0126, -0.9383 0.8189 0.0217, -0.945 0.8189 0.0326, -0.815 0.6615 0.0, -0.815 0.8189 0.0, -0.815 0.6615 0.0039, -0.815 0.8189 0.0039, -0.9347 -0.7952 0.1655, -0.9732 -0.7952 0.1573, -0.9106 -0.7952 0.053, -0.9491 -0.7952 0.0448, -0.9347 -0.6378 0.1655, -0.9106 -0.6378 0.053, -0.9732 -0.6378 0.1573, -0.9491 -0.6378 0.0448, -0.8937 -0.7952 0.0039, -0.8937 -0.7952 0.0394, -0.8976 -0.7952 0.0398, -0.9094 -0.7952 0.0493, -0.945 -0.7952 0.0326, -0.9073 -0.7952 0.046, -0.9383 -0.7952 0.0217, -0.9046 -0.7952 0.0432, -0.9293 -0.7952 0.0126, -0.9013 -0.7952 0.0411, -0.9185 -0.7952 0.0057, -0.9064 -0.7952 0.0014, -0.8937 -0.7952 0.0, -0.8937 -0.6378 0.0394, -0.8976 -0.6378 0.0398, -0.9013 -0.6378 0.0411, -0.9046 -0.6378 0.0432, -0.9073 -0.6378 0.046, -0.9094 -0.6378 0.0493, -0.8937 -0.6378 0.0039, -0.8937 -0.6378 0.0, -0.9064 -0.6378 0.0014, -0.9185 -0.6378 0.0057, -0.9293 -0.6378 0.0126, -0.9383 -0.6378 0.0217, -0.945 -0.6378 0.0326, -0.815 -0.7952 0.0, -0.815 -0.6378 0.0, -0.815 -0.7952 0.0039, -0.815 -0.6378 0.0039
            ]
        }
        coordIndex [
            0,1,2,-1,2,1,3,-1,4,0,5,-1,5,0,2,-1,6,4,7,-1,7,4,5,-1,1,6,3,-1,3,6,7,-1,8,9,10,-1,2,3,11,-1,11,3,12,-1,11,12,13,-1,13,12,14,-1,13,14,15,-1,15,14,16,-1,15,16,17,-1,17,16,18,-1,17,18,10,-1,10,18,19,-1,10,19,8,-1,8,19,20,-1,9,21,10,-1,10,21,22,-1,10,22,17,-1,17,22,23,-1,17,23,15,-1,15,23,24,-1,15,24,13,-1,13,24,25,-1,13,25,11,-1,11,25,26,-1,11,26,2,-1,2,26,5,-1,27,28,29,-1,21,27,22,-1,22,27,29,-1,22,29,23,-1,23,29,30,-1,23,30,24,-1,24,30,31,-1,24,31,25,-1,25,31,32,-1,25,32,26,-1,26,32,33,-1,26,33,5,-1,5,33,7,-1,3,7,33,-1,3,33,12,-1,12,33,32,-1,12,32,14,-1,14,32,31,-1,14,31,16,-1,16,31,30,-1,16,30,18,-1,18,30,29,-1,18,29,19,-1,19,29,28,-1,19,28,20,-1,20,28,34,-1,34,28,35,-1,8,20,36,-1,36,20,34,-1,37,35,27,-1,27,35,28,-1,0,4,1,-1,1,4,6,-1,34,35,36,-1,36,35,37,-1,38,39,40,-1,40,39,41,-1,42,38,43,-1,43,38,40,-1,44,42,45,-1,45,42,43,-1,39,44,41,-1,41,44,45,-1,46,47,48,-1,40,41,49,-1,49,41,50,-1,49,50,51,-1,51,50,52,-1,51,52,53,-1,53,52,54,-1,53,54,55,-1,55,54,56,-1,55,56,48,-1,48,56,57,-1,48,57,46,-1,46,57,58,-1,47,59,48,-1,48,59,60,-1,48,60,55,-1,55,60,61,-1,55,61,53,-1,53,61,62,-1,53,62,51,-1,51,62,63,-1,51,63,49,-1,49,63,64,-1,49,64,40,-1,40,64,43,-1,65,66,67,-1,59,65,60,-1,60,65,67,-1,60,67,61,-1,61,67,68,-1,61,68,62,-1,62,68,69,-1,62,69,63,-1,63,69,70,-1,63,70,64,-1,64,70,71,-1,64,71,43,-1,43,71,45,-1,41,45,71,-1,41,71,50,-1,50,71,70,-1,50,70,52,-1,52,70,69,-1,52,69,54,-1,54,69,68,-1,54,68,56,-1,56,68,67,-1,56,67,57,-1,57,67,66,-1,57,66,58,-1,58,66,72,-1,72,66,73,-1,46,58,74,-1,74,58,72,-1,75,73,65,-1,65,73,66,-1,38,42,39,-1,39,42,44,-1,72,73,74,-1,74,73,75,-1,76,77,78,-1,78,77,79,-1,80,76,81,-1,81,76,78,-1,82,80,83,-1,83,80,81,-1,77,82,79,-1,79,82,83,-1,84,85,86,-1,78,79,87,-1,87,79,88,-1,87,88,89,-1,89,88,90,-1,89,90,91,-1,91,90,92,-1,91,92,93,-1,93,92,94,-1,93,94,86,-1,86,94,95,-1,86,95,84,-1,84,95,96,-1,85,97,86,-1,86,97,98,-1,86,98,93,-1,93,98,99,-1,93,99,91,-1,91,99,100,-1,91,100,89,-1,89,100,101,-1,89,101,87,-1,87,101,102,-1,87,102,78,-1,78,102,81,-1,103,104,105,-1,97,103,98,-1,98,103,105,-1,98,105,99,-1,99,105,106,-1,99,106,100,-1,100,106,107,-1,100,107,101,-1,101,107,108,-1,101,108,102,-1,102,108,109,-1,102,109,81,-1,81,109,83,-1,79,83,109,-1,79,109,88,-1,88,109,108,-1,88,108,90,-1,90,108,107,-1,90,107,92,-1,92,107,106,-1,92,106,94,-1,94,106,105,-1,94,105,95,-1,95,105,104,-1,95,104,96,-1,96,104,110,-1,110,104,111,-1,96,110,84,-1,84,110,112,-1,111,104,113,-1,113,104,103,-1,76,80,77,-1,77,80,82,-1,110,111,112,-1,112,111,113,-1,114,115,116,-1,116,115,117,-1,118,114,119,-1,119,114,116,-1,120,118,121,-1,121,118,119,-1,115,120,117,-1,117,120,121,-1,122,123,124,-1,116,117,125,-1,125,117,126,-1,125,126,127,-1,127,126,128,-1,127,128,129,-1,129,128,130,-1,129,130,131,-1,131,130,132,-1,131,132,124,-1,124,132,133,-1,124,133,122,-1,122,133,134,-1,123,135,124,-1,124,135,136,-1,124,136,131,-1,131,136,137,-1,131,137,129,-1,129,137,138,-1,129,138,127,-1,127,138,139,-1,127,139,125,-1,125,139,140,-1,125,140,116,-1,116,140,119,-1,141,142,143,-1,135,141,136,-1,136,141,143,-1,136,143,137,-1,137,143,144,-1,137,144,138,-1,138,144,145,-1,138,145,139,-1,139,145,146,-1,139,146,140,-1,140,146,147,-1,140,147,119,-1,119,147,121,-1,117,121,147,-1,117,147,126,-1,126,147,146,-1,126,146,128,-1,128,146,145,-1,128,145,130,-1,130,145,144,-1,130,144,132,-1,132,144,143,-1,132,143,133,-1,133,143,142,-1,133,142,134,-1,134,142,148,-1,148,142,149,-1,134,148,122,-1,122,148,150,-1,149,142,151,-1,151,142,141,-1,114,118,115,-1,115,118,120,-1,148,149,150,-1,150,149,151,-1,
        ]
    }
}
Shape{
    appearance Appearance {
        material  Material 	{
            diffuseColor 1.0 1.0 1.0
            specularColor 0.8784313725490196 0.8784313725490196 0.8784313725490196
            ambientIntensity 1.0
            transparency 0.0
            shininess 0.5
        }
    }
    geometry IndexedFaceSet {
        ccw TRUE
        solid FALSE
        coord DEF co Coordinate {
            point [
                -0.1884 0.0636 0.0472, -0.2345 -0.0545 0.0472, -0.1884 0.0636 0.0433, -0.2345 -0.0545 0.0433, -0.2172 -0.0545 0.0472, -0.2172 -0.0545 0.0433, -0.2053 -0.0213 0.0472, -0.2053 -0.0213 0.0433, -0.1565 -0.0213 0.0472, -0.1565 -0.0213 0.0433, -0.1452 -0.0545 0.0472, -0.1452 -0.0545 0.0433, -0.1279 -0.0545 0.0472, -0.1279 -0.0545 0.0433, -0.1726 0.0636 0.0472, -0.1726 0.0636 0.0433, -0.1605 -0.0084 0.0472, -0.1781 0.041 0.0472, -0.1792 0.0451 0.0472, -0.18 0.0492 0.0472, -0.1804 0.0492 0.0472, -0.1811 0.0451 0.0472, -0.1822 0.041 0.0472, -0.2 -0.0084 0.0472, -0.1605 -0.0084 0.0433, -0.2 -0.0084 0.0433, -0.1781 0.041 0.0433, -0.1792 0.0451 0.0433, -0.18 0.0492 0.0433, -0.1804 0.0492 0.0433, -0.1811 0.0451 0.0433, -0.1822 0.041 0.0433, -0.0563 -0.0545 0.0472, -0.0242 -0.0545 0.0472, -0.0563 -0.0545 0.0433, -0.0242 -0.0545 0.0433, -0.0242 0.0636 0.0472, -0.0242 0.0636 0.0433, -0.0576 0.0636 0.0472, -0.0576 0.0636 0.0433, -0.1193 0.0061 0.0472, -0.1193 0.0061 0.0433, -0.1184 0.0172 0.0433, -0.1184 0.0172 0.0472, -0.1153 0.0288 0.0433, -0.1153 0.0288 0.0472, -0.1098 0.039 0.0433, -0.1098 0.039 0.0472, -0.1014 0.0482 0.0433, -0.1014 0.0482 0.0472, -0.1013 0.0484 0.0433, -0.1013 0.0484 0.0472, -0.0884 0.057 0.0433, -0.0884 0.057 0.0472, -0.0746 0.0618 0.0433, -0.0746 0.0618 0.0472, -0.0709 -0.0532 0.0433, -0.0709 -0.0532 0.0472, -0.0846 -0.0491 0.0433, -0.0846 -0.0491 0.0472, -0.0969 -0.042 0.0433, -0.0969 -0.042 0.0472, -0.1066 -0.0327 0.0433, -0.1066 -0.0327 0.0472, -0.1134 -0.0221 0.0433, -0.1134 -0.0221 0.0472, -0.1176 -0.0097 0.0433, -0.1176 -0.0097 0.0472, -0.0956 0.0341 0.0472, -0.0898 0.0402 0.0472, -0.0812 0.0458 0.0472, -0.0715 0.0492 0.0472, -0.0575 0.0507 0.0472, -0.0401 0.0507 0.0472, -0.0401 -0.0415 0.0472, -0.0568 -0.0415 0.0472, -0.0693 -0.0403 0.0472, -0.0792 -0.0372 0.0472, -0.0873 -0.0325 0.0472, -0.0939 -0.0259 0.0472, -0.0989 -0.0178 0.0472, -0.1024 -0.0067 0.0472, -0.1034 0.0057 0.0472, -0.1024 0.0175 0.0472, -0.0997 0.0268 0.0472, -0.0575 0.0507 0.0433, -0.0401 0.0507 0.0433, -0.0715 0.0492 0.0433, -0.0812 0.0458 0.0433, -0.0898 0.0402 0.0433, -0.0956 0.0341 0.0433, -0.0997 0.0268 0.0433, -0.1024 0.0175 0.0433, -0.1034 0.0057 0.0433, -0.1024 -0.0067 0.0433, -0.0989 -0.0178 0.0433, -0.0939 -0.0259 0.0433, -0.0873 -0.0325 0.0433, -0.0792 -0.0372 0.0433, -0.0693 -0.0403 0.0433, -0.0568 -0.0415 0.0433, -0.0401 -0.0415 0.0433, -0.0012 -0.0415 0.0472, -0.0012 -0.0545 0.0472, -0.0012 -0.0415 0.0433, -0.0012 -0.0545 0.0433, 0.0622 -0.0545 0.0472, 0.0622 -0.0545 0.0433, 0.0622 0.0636 0.0472, 0.0622 0.0636 0.0433, 0.0017 0.0636 0.0472, 0.0017 0.0636 0.0433, 0.0017 0.0507 0.0472, 0.0017 0.0507 0.0433, 0.0464 0.0507 0.0472, 0.0464 0.0507 0.0433, 0.0464 0.0118 0.0472, 0.0464 0.0118 0.0433, 0.0046 0.0118 0.0472, 0.0046 0.0118 0.0433, 0.0046 -0.0012 0.0472, 0.0046 -0.0012 0.0433, 0.0464 -0.0012 0.0472, 0.0464 -0.0012 0.0433, 0.0464 -0.0415 0.0472, 0.0464 -0.0415 0.0433, 0.0852 -0.0354 0.0472, 0.0852 -0.0483 0.0472, 0.0852 -0.0354 0.0433, 0.0852 -0.0483 0.0433, 0.0978 -0.0535 0.0472, 0.1177 -0.0559 0.0472, 0.1177 -0.0559 0.0433, 0.1145 -0.0558 0.0433, 0.1145 -0.0558 0.0472, 0.1098 -0.0552 0.0433, 0.0978 -0.0535 0.0433, 0.1731 0.0024 0.0472, 0.1731 0.0024 0.0433, 0.172 -0.0113 0.0433, 0.172 -0.0113 0.0472, 0.1684 -0.0238 0.0433, 0.1684 -0.0238 0.0472, 0.1621 -0.035 0.0433, 0.1621 -0.035 0.0472, 0.1533 -0.0444 0.0433, 0.1533 -0.0444 0.0472, 0.1438 -0.0505 0.0433, 0.1438 -0.0505 0.0472, 0.1323 -0.0544 0.0433, 0.1323 -0.0544 0.0472, 0.1247 -0.0552 0.0433, 0.113 0.0651 0.0472, 0.113 0.0651 0.0433, 0.1249 0.0641 0.0433, 0.1249 0.0641 0.0472, 0.1381 0.0603 0.0433, 0.1381 0.0603 0.0472, 0.1493 0.0538 0.0433, 0.1493 0.0538 0.0472, 0.16 0.0436 0.0433, 0.16 0.0436 0.0472, 0.1669 0.0325 0.0433, 0.1669 0.0325 0.0472, 0.1714 0.0192 0.0433, 0.1714 0.0192 0.0472, 0.0852 0.0604 0.0472, 0.0852 0.0604 0.0433, 0.0989 0.0641 0.0433, 0.0989 0.0641 0.0472, 0.0852 0.0446 0.0472, 0.0852 0.0446 0.0433, 0.1129 0.0521 0.0472, 0.1129 0.0521 0.0433, 0.0986 0.0503 0.0433, 0.0986 0.0503 0.0472, 0.1573 0.0033 0.0472, 0.1573 0.0033 0.0433, 0.1567 0.0125 0.0433, 0.1567 0.0125 0.0472, 0.1536 0.0252 0.0433, 0.1536 0.0252 0.0472, 0.1487 0.0343 0.0433, 0.1487 0.0343 0.0472, 0.1416 0.0422 0.0433, 0.1416 0.0422 0.0472, 0.1334 0.0476 0.0433, 0.1334 0.0476 0.0472, 0.1245 0.0508 0.0433, 0.1245 0.0508 0.0472, 0.1156 -0.0429 0.0472, 0.1156 -0.0429 0.0433, 0.1266 -0.0417 0.0433, 0.1266 -0.0417 0.0472, 0.1352 -0.0385 0.0433, 0.1352 -0.0385 0.0472, 0.1424 -0.0337 0.0433, 0.1424 -0.0337 0.0472, 0.148 -0.0278 0.0433, 0.148 -0.0278 0.0472, 0.1529 -0.0196 0.0433, 0.1529 -0.0196 0.0472, 0.1561 -0.0095 0.0433, 0.1561 -0.0095 0.0472, 0.0874 -0.0366 0.0433, 0.0874 -0.0366 0.0472, 0.0999 -0.0412 0.0433, 0.0999 -0.0412 0.0472, 0.1832 -0.0415 0.0472, 0.1832 -0.0545 0.0472, 0.1832 -0.0415 0.0433, 0.1832 -0.0545 0.0433, 0.2437 -0.0545 0.0472, 0.2437 -0.0545 0.0433, 0.2437 0.0636 0.0472, 0.2437 0.0636 0.0433, 0.2278 0.0636 0.0472, 0.2278 0.0636 0.0433, 0.2278 -0.0415 0.0472, 0.2278 -0.0415 0.0433
            ]
        }
        coordIndex [
            0,1,2,-1,2,1,3,-1,1,4,3,-1,3,4,5,-1,4,6,5,-1,5,6,7,-1,6,8,7,-1,7,8,9,-1,8,10,9,-1,9,10,11,-1,10,12,11,-1,11,12,13,-1,12,14,13,-1,13,14,15,-1,14,0,15,-1,15,0,2,-1,16,17,14,-1,12,10,8,-1,17,18,14,-1,14,18,19,-1,14,19,0,-1,0,19,20,-1,0,20,21,-1,21,22,0,-1,0,22,23,-1,0,23,1,-1,4,1,6,-1,6,1,23,-1,6,23,8,-1,8,23,16,-1,8,16,12,-1,12,16,14,-1,16,23,24,-1,24,23,25,-1,17,16,26,-1,26,16,24,-1,17,26,27,-1,17,27,18,-1,18,27,28,-1,18,28,19,-1,20,19,29,-1,29,19,28,-1,20,29,30,-1,20,30,21,-1,21,30,31,-1,21,31,22,-1,23,22,25,-1,25,22,31,-1,32,33,34,-1,34,33,35,-1,33,36,35,-1,35,36,37,-1,36,38,37,-1,37,38,39,-1,40,41,42,-1,40,42,43,-1,43,42,44,-1,43,44,45,-1,45,44,46,-1,45,46,47,-1,47,46,48,-1,47,48,49,-1,49,48,50,-1,49,50,51,-1,51,50,52,-1,51,52,53,-1,53,52,54,-1,53,54,55,-1,55,54,39,-1,55,39,38,-1,32,34,56,-1,32,56,57,-1,57,56,58,-1,57,58,59,-1,59,58,60,-1,59,60,61,-1,61,60,62,-1,61,62,63,-1,63,62,64,-1,63,64,65,-1,65,64,66,-1,65,66,67,-1,67,66,41,-1,67,41,40,-1,45,47,68,-1,68,47,49,-1,68,49,69,-1,69,49,51,-1,69,51,70,-1,70,51,53,-1,70,53,71,-1,71,53,55,-1,71,55,72,-1,72,55,38,-1,72,38,73,-1,73,38,36,-1,73,36,74,-1,74,36,33,-1,74,33,75,-1,75,33,32,-1,75,32,76,-1,76,32,57,-1,76,57,77,-1,77,57,59,-1,77,59,78,-1,78,59,61,-1,78,61,79,-1,79,61,63,-1,79,63,80,-1,80,63,65,-1,80,65,81,-1,81,65,67,-1,81,67,82,-1,82,67,40,-1,82,40,83,-1,83,40,43,-1,83,43,84,-1,84,43,45,-1,84,45,68,-1,72,73,85,-1,85,73,86,-1,72,85,87,-1,72,87,71,-1,71,87,88,-1,71,88,70,-1,70,88,89,-1,70,89,69,-1,69,89,90,-1,69,90,68,-1,68,90,91,-1,68,91,84,-1,84,91,92,-1,84,92,83,-1,83,92,93,-1,83,93,82,-1,82,93,94,-1,82,94,81,-1,81,94,95,-1,81,95,80,-1,80,95,96,-1,80,96,79,-1,79,96,97,-1,79,97,78,-1,78,97,98,-1,78,98,77,-1,77,98,99,-1,77,99,76,-1,76,99,100,-1,76,100,75,-1,74,75,101,-1,101,75,100,-1,73,74,86,-1,86,74,101,-1,102,103,104,-1,104,103,105,-1,103,106,105,-1,105,106,107,-1,106,108,107,-1,107,108,109,-1,108,110,109,-1,109,110,111,-1,110,112,111,-1,111,112,113,-1,112,114,113,-1,113,114,115,-1,114,116,115,-1,115,116,117,-1,116,118,117,-1,117,118,119,-1,118,120,119,-1,119,120,121,-1,120,122,121,-1,121,122,123,-1,122,124,123,-1,123,124,125,-1,124,102,125,-1,125,102,104,-1,106,103,102,-1,102,124,106,-1,106,124,122,-1,106,122,108,-1,112,110,114,-1,114,110,108,-1,114,108,116,-1,116,108,122,-1,116,122,118,-1,118,122,120,-1,126,127,128,-1,128,127,129,-1,129,127,130,-1,131,132,133,-1,131,133,134,-1,134,133,135,-1,134,135,130,-1,130,135,136,-1,130,136,129,-1,137,138,139,-1,137,139,140,-1,140,139,141,-1,140,141,142,-1,142,141,143,-1,142,143,144,-1,144,143,145,-1,144,145,146,-1,146,145,147,-1,146,147,148,-1,148,147,149,-1,148,149,150,-1,150,149,131,-1,131,149,151,-1,131,151,132,-1,152,153,154,-1,152,154,155,-1,155,154,156,-1,155,156,157,-1,157,156,158,-1,157,158,159,-1,159,158,160,-1,159,160,161,-1,161,160,162,-1,161,162,163,-1,163,162,164,-1,163,164,165,-1,165,164,138,-1,165,138,137,-1,166,167,168,-1,166,168,169,-1,169,168,153,-1,169,153,152,-1,166,170,167,-1,167,170,171,-1,172,173,174,-1,172,174,175,-1,175,174,171,-1,175,171,170,-1,176,177,178,-1,176,178,179,-1,179,178,180,-1,179,180,181,-1,181,180,182,-1,181,182,183,-1,183,182,184,-1,183,184,185,-1,185,184,186,-1,185,186,187,-1,187,186,188,-1,187,188,189,-1,189,188,173,-1,189,173,172,-1,190,191,192,-1,190,192,193,-1,193,192,194,-1,193,194,195,-1,195,194,196,-1,195,196,197,-1,197,196,198,-1,197,198,199,-1,199,198,200,-1,199,200,201,-1,201,200,202,-1,201,202,203,-1,203,202,177,-1,203,177,176,-1,126,128,204,-1,126,204,205,-1,205,204,206,-1,205,206,207,-1,207,206,191,-1,207,191,190,-1,193,131,190,-1,190,131,134,-1,190,134,207,-1,207,134,130,-1,207,130,205,-1,205,130,127,-1,205,127,126,-1,170,166,175,-1,175,166,169,-1,175,169,172,-1,172,169,152,-1,172,152,189,-1,189,152,155,-1,189,155,187,-1,187,155,157,-1,187,157,185,-1,185,157,159,-1,185,159,183,-1,183,159,161,-1,183,161,181,-1,181,161,163,-1,181,163,179,-1,179,163,165,-1,179,165,176,-1,176,165,137,-1,176,137,203,-1,203,137,140,-1,203,140,201,-1,201,140,142,-1,201,142,199,-1,199,142,144,-1,199,144,197,-1,197,144,146,-1,197,146,195,-1,195,146,148,-1,195,148,193,-1,193,148,150,-1,193,150,131,-1,208,209,210,-1,210,209,211,-1,209,212,211,-1,211,212,213,-1,212,214,213,-1,213,214,215,-1,214,216,215,-1,215,216,217,-1,216,218,217,-1,217,218,219,-1,218,208,219,-1,219,208,210,-1,216,214,218,-1,218,214,212,-1,218,212,208,-1,208,212,209,-1,
        ]
    }
}
Shape{
    appearance Appearance {
        material  Material 	{
            diffuseColor 0.8431372549019608 0.8156862745098039 0.7529411764705882
            specularColor 0.4235294117647059 0.40784313725490196 0.3764705882352941
            ambientIntensity 0.8167
            transparency 0.0
            shininess 0.5
        }
    }
    geometry IndexedFaceSet {
        ccw TRUE
        solid FALSE
        coord DEF co Coordinate {
            point [
                -0.1605 -0.0084 0.0433, -0.2 -0.0084 0.0433, -0.1781 0.041 0.0433, -0.1822 0.041 0.0433, -0.1792 0.0451 0.0433, -0.1811 0.0451 0.0433, -0.18 0.0492 0.0433, -0.1804 0.0492 0.0433, -0.0401 0.0507 0.0433, -0.0401 -0.0415 0.0433, -0.0575 0.0507 0.0433, -0.0568 -0.0415 0.0433, -0.0693 -0.0403 0.0433, -0.1034 0.0057 0.0433, -0.1024 0.0175 0.0433, -0.0997 0.0268 0.0433, -0.0715 0.0492 0.0433, -0.0792 -0.0372 0.0433, -0.0873 -0.0325 0.0433, -0.0939 -0.0259 0.0433, -0.0989 -0.0178 0.0433, -0.1024 -0.0067 0.0433, -0.0956 0.0341 0.0433, -0.0898 0.0402 0.0433, -0.0812 0.0458 0.0433
            ]
        }
        coordIndex [
            0,1,2,-1,2,1,3,-1,2,3,4,-1,4,3,5,-1,4,5,6,-1,6,5,7,-1,8,9,10,-1,10,9,11,-1,10,11,12,-1,13,14,10,-1,10,14,15,-1,10,15,16,-1,12,17,10,-1,10,17,18,-1,10,18,19,-1,19,20,10,-1,10,20,21,-1,10,21,13,-1,22,23,15,-1,15,23,24,-1,15,24,16,-1,
        ]
    }
}
Shape{
    appearance Appearance {
        material  Material 	{
            diffuseColor 0.8313725490196079 0.8392156862745098 0.8313725490196079
            specularColor 0.4980392156862745 0.5019607843137255 0.4980392156862745
            ambientIntensity 0.836
            transparency 0.0
            shininess 0.5
        }
    }
    geometry IndexedFaceSet {
        ccw TRUE
        solid FALSE
        coord DEF co Coordinate {
            point [
                -0.3425 -0.8937 0.3189, -0.3425 -0.8937 0.2795, -0.3425 -0.9039 0.3176, -0.3425 -0.9133 0.3136, -0.3425 -0.8937 0.187, -0.3425 -0.933 0.187, -0.3425 -0.933 0.2795, -0.3425 -0.9317 0.2897, -0.3425 -0.9278 0.2992, -0.3425 -0.9215 0.3074, -0.067 -0.933 0.0039, -0.067 -0.8937 0.0039, 0.0905 -0.933 0.0039, 0.0905 -0.8937 0.0039, 0.3661 0.9567 0.2795, -0.126 0.9567 0.1424, -0.1355 0.9567 0.1463, -0.3425 0.9567 0.2795, -0.1077 0.9567 0.1185, -0.1116 0.9567 0.128, -0.1179 0.9567 0.1361, -0.1457 0.9567 0.1477, -0.3032 0.9567 0.1477, -0.3425 0.9567 0.187, -0.3412 0.9567 0.1769, 0.1496 0.9567 0.1424, 0.1414 0.9567 0.1361, 0.1352 0.9567 0.128, 0.1312 0.9567 0.1185, 0.1299 0.9567 0.1083, -0.3134 0.9567 0.149, -0.3229 0.9567 0.1529, -0.331 0.9567 0.1592, 0.3464 0.9567 0.1529, 0.3369 0.9567 0.149, 0.3546 0.9567 0.1592, 0.3268 0.9567 0.1477, 0.3608 0.9567 0.1674, -0.3373 0.9567 0.1674, 0.1591 0.9567 0.1463, 0.1693 0.9567 0.1477, 0.3661 0.9567 0.187, 0.3648 0.9567 0.1769, 0.1299 0.9567 0.0433, -0.1063 0.9567 0.0433, -0.1063 0.9567 0.1083, 0.1076 0.9567 0.0078, 0.0993 0.9567 0.0049, 0.0905 0.9567 0.0039, -0.067 0.9567 0.0039, -0.0757 0.9567 0.0049, -0.0915 0.9567 0.0125, -0.0977 0.9567 0.0188, -0.1024 0.9567 0.0262, 0.1289 0.9567 0.0345, 0.126 0.9567 0.0262, 0.1213 0.9567 0.0188, -0.084 0.9567 0.0078, -0.1053 0.9567 0.0345, 0.1151 0.9567 0.0125, -0.3425 0.9174 0.187, -0.3425 0.9174 0.2795, -0.3425 0.9554 0.2897, -0.3425 0.937 0.3136, -0.3425 0.9276 0.3176, -0.3425 0.9174 0.3189, -0.3425 0.9452 0.3074, -0.3425 0.9515 0.2992, -0.1355 0.9174 0.1463, -0.126 0.9174 0.1424, 0.3661 0.9174 0.2795, -0.1179 0.9174 0.1361, -0.1116 0.9174 0.128, -0.1077 0.9174 0.1185, 0.1591 0.9174 0.1463, 0.1693 0.9174 0.1477, 0.3268 0.9174 0.1477, 0.3661 0.9174 0.187, 0.3648 0.9174 0.1769, -0.1457 0.9174 0.1477, -0.3032 0.9174 0.1477, -0.3412 0.9174 0.1769, 0.3369 0.9174 0.149, 0.3464 0.9174 0.1529, 0.3546 0.9174 0.1592, 0.1352 0.9174 0.128, 0.1414 0.9174 0.1361, 0.1496 0.9174 0.1424, -0.3373 0.9174 0.1674, -0.331 0.9174 0.1592, -0.3134 0.9174 0.149, -0.3229 0.9174 0.1529, 0.3608 0.9174 0.1674, -0.1063 0.9174 0.0433, 0.1299 0.9174 0.0433, -0.1063 0.9174 0.1083, 0.1299 0.9174 0.1083, 0.1312 0.9174 0.1185, -0.0757 0.9174 0.0049, -0.067 0.9174 0.0039, -0.1024 0.9174 0.0262, -0.0977 0.9174 0.0188, -0.0915 0.9174 0.0125, -0.1053 0.9174 0.0345, 0.0905 0.9174 0.0039, 0.0993 0.9174 0.0049, -0.084 0.9174 0.0078, 0.1151 0.9174 0.0125, 0.1213 0.9174 0.0188, 0.126 0.9174 0.0262, 0.1076 0.9174 0.0078, 0.1289 0.9174 0.0345, -0.9331 -0.1456 0.1948, -0.8937 -0.1456 0.1948, -0.9331 -0.1456 0.2795, -0.8937 -0.1456 0.2795, -0.9318 -0.1456 0.2897, -0.9134 -0.1456 0.3136, -0.9039 -0.1456 0.3176, -0.8937 -0.1456 0.3189, -0.9216 -0.1456 0.3074, -0.9278 -0.1456 0.2992, 0.9173 -0.097 0.1419, 0.9173 -0.1131 0.1543, 0.9173 -0.1456 0.2795, 0.9173 -0.1213 0.1584, 0.9173 -0.1456 0.1948, 0.9173 0.1693 0.2795, 0.9173 0.1693 0.1948, 0.9173 0.1682 0.1856, 0.9173 0.165 0.1769, 0.9173 0.1599 0.1692, 0.9173 0.1531 0.1629, 0.9173 -0.1294 0.1629, 0.9173 -0.1362 0.1692, 0.9173 -0.1413 0.1769, 0.9173 -0.1445 0.1856, 0.9173 0.0906 0.0433, 0.9173 -0.0669 0.0433, 0.9173 0.0906 0.063, 0.9173 -0.0669 0.063, 0.9173 0.0917 0.0796, 0.9173 -0.0711 0.0954, 0.9173 0.0997 0.1098, 0.9173 -0.0822 0.1224, 0.9173 0.113 0.1331, 0.9173 0.1287 0.1489, 0.9173 0.145 0.1584, 0.9567 -0.1456 0.1948, 0.9567 -0.1456 0.2795, 0.9553 -0.1456 0.2897, 0.9514 -0.1456 0.2992, 0.9451 -0.1456 0.3074, 0.937 -0.1456 0.3136, 0.9275 -0.1456 0.3176, 0.9173 -0.1456 0.3189, 0.9567 0.1287 0.1489, 0.9567 0.145 0.1584, 0.9567 0.1531 0.1629, 0.9567 0.1599 0.1692, 0.9567 0.165 0.1769, 0.9567 0.1682 0.1856, 0.9567 0.1693 0.1948, 0.9567 0.1693 0.2795, 0.9567 -0.1362 0.1692, 0.9567 -0.1294 0.1629, 0.9567 -0.1413 0.1769, 0.9567 -0.1213 0.1584, 0.9567 -0.1445 0.1856, 0.9567 -0.0669 0.063, 0.9567 -0.0669 0.0433, 0.9567 0.0906 0.0433, 0.9567 0.0906 0.063, 0.9567 0.0917 0.0796, 0.9567 -0.0711 0.0954, 0.9567 0.0997 0.1098, 0.9567 -0.0822 0.1224, 0.9567 0.113 0.1331, 0.9567 -0.097 0.1419, 0.9567 -0.1131 0.1543, 0.9553 0.1693 0.2897, 0.937 0.1693 0.3136, 0.9275 0.1693 0.3176, 0.9173 0.1693 0.3189, 0.9451 0.1693 0.3074, 0.9514 0.1693 0.2992, 0.85 -0.0881 0.0039, 0.834 -0.1037 0.0039, 0.7205 -0.0669 0.0039, 0.8242 -0.1201 0.0039, 0.8194 -0.1284 0.0039, 0.8128 -0.1352 0.0039, 0.8047 -0.1403 0.0039, 0.7957 -0.1432 0.0039, 0.7862 0.1677 0.0039, 0.7957 0.1669 0.0039, 0.7205 0.0906 0.0039, 0.886 0.0947 0.0039, 0.9173 0.0906 0.0039, 0.9173 -0.0669 0.0039, 0.7768 0.1661 0.0039, 0.8047 0.164 0.0039, 0.8128 0.1589 0.0039, 0.8194 0.1521 0.0039, 0.8242 0.1438 0.0039, 0.8279 0.1363 0.0039, 0.8404 0.1201 0.0039, 0.8597 0.1055 0.0039, 0.8732 -0.0752 0.0039, 0.9027 -0.0678 0.0039, 0.7426 -0.1217 0.0039, 0.7306 -0.1055 0.0039, 0.7584 -0.1342 0.0039, 0.7768 -0.1424 0.0039, 0.7862 -0.144 0.0039, 0.723 -0.0869 0.0039, 0.7306 0.1292 0.0039, 0.7426 0.1454 0.0039, 0.7584 0.1579 0.0039, 0.723 0.1106 0.0039, 0.8388 0.7664 0.3189, 0.8567 0.7432 0.3189, 0.9173 0.8386 0.3189, 0.6882 0.8712 0.3189, 0.7172 0.8674 0.3189, 0.8386 0.9174 0.3189, 0.7663 -0.8152 0.3189, 0.7431 -0.833 0.3189, 0.8386 -0.8937 0.3189, -0.8153 -0.7427 0.3189, -0.8331 -0.7195 0.3189, -0.8937 -0.8149 0.3189, -0.7427 0.8389 0.3189, -0.7195 0.8567 0.3189, -0.815 0.9174 0.3189, 0.6878 0.8712 0.3189, 0.8674 0.7173 0.3189, 0.8712 0.6879 0.3189, 0.7431 0.8567 0.3189, 0.7666 0.8386 0.3189, 0.8386 0.7666 0.3189, 0.7172 -0.8437 0.3189, 0.6878 -0.8475 0.3189, 0.3661 -0.8937 0.3189, -0.8438 -0.6936 0.3189, -0.8476 -0.6642 0.3189, 0.8674 -0.6936 0.3189, 0.8567 -0.7195 0.3189, 0.9173 -0.8149 0.3189, 0.8386 -0.7429 0.3189, 0.7666 -0.8149 0.3189, -0.6936 -0.8437 0.3189, -0.7195 -0.833 0.3189, -0.815 -0.8937 0.3189, -0.743 -0.8149 0.3189, -0.815 -0.7429 0.3189, -0.8438 0.7173 0.3189, -0.8331 0.7432 0.3189, -0.8937 0.8386 0.3189, -0.815 0.7666 0.3189, -0.743 0.8386 0.3189, 0.8712 -0.6642 0.3189, 0.8712 -0.6646 0.3189, 0.3661 0.9174 0.3189, -0.6643 0.8712 0.3189, -0.6936 0.8674 0.3189, -0.6643 -0.8475 0.3189, -0.6646 -0.8475 0.3189, -0.8937 0.1693 0.3189, -0.8476 0.6879 0.3189, -0.8476 0.6883 0.3189, 0.8386 0.9174 0.2795, 0.9173 0.8386 0.2795, 0.9173 -0.8149 0.2795, 0.8386 -0.8937 0.2795, -0.8937 0.8386 0.2795, -0.815 0.9174 0.2795, -0.8937 0.1693 0.2795, -0.8937 -0.8149 0.2795, -0.815 -0.8937 0.2795, 0.3661 -0.8937 0.2795, -0.8937 0.1693 0.1948, -0.9331 0.1693 0.1948, -0.9331 0.1693 0.2795, -0.9318 0.1693 0.2897, -0.9278 0.1693 0.2992, -0.9216 0.1693 0.3074, -0.9134 0.1693 0.3136, -0.9039 0.1693 0.3176, -0.9331 0.1682 0.1856, -0.9331 0.165 0.1769, -0.9331 0.1599 0.1692, -0.9331 0.1531 0.1629, -0.9331 -0.097 0.1419, -0.9331 -0.1131 0.1543, -0.9331 -0.1213 0.1584, -0.9331 -0.1294 0.1629, -0.9331 -0.1362 0.1692, -0.9331 -0.1413 0.1769, -0.9331 -0.1445 0.1856, -0.9331 0.0906 0.0433, -0.9331 -0.0669 0.0433, -0.9331 0.0906 0.063, -0.9331 -0.0669 0.063, -0.9331 0.0917 0.0796, -0.9331 -0.0711 0.0954, -0.9331 0.0997 0.1098, -0.9331 -0.0822 0.1224, -0.9331 0.113 0.1331, -0.9331 0.1287 0.1489, -0.9331 0.145 0.1584, 0.3661 -0.933 0.187, 0.3661 -0.933 0.2795, 0.3268 -0.933 0.1477, -0.126 -0.933 0.1424, -0.1179 -0.933 0.1361, 0.1414 -0.933 0.1361, 0.1496 -0.933 0.1424, 0.1591 -0.933 0.1463, 0.1693 -0.933 0.1477, -0.1116 -0.933 0.128, 0.1312 -0.933 0.1185, 0.1352 -0.933 0.128, -0.1077 -0.933 0.1185, -0.1063 -0.933 0.1083, 0.1299 -0.933 0.1083, 0.3464 -0.933 0.1529, 0.3546 -0.933 0.1592, 0.3608 -0.933 0.1674, -0.1355 -0.933 0.1463, -0.1457 -0.933 0.1477, -0.3032 -0.933 0.1477, -0.3412 -0.933 0.1769, -0.3373 -0.933 0.1674, 0.3369 -0.933 0.149, 0.3648 -0.933 0.1769, -0.331 -0.933 0.1592, -0.3229 -0.933 0.1529, -0.3134 -0.933 0.149, -0.1024 -0.933 0.0262, -0.0977 -0.933 0.0188, 0.1151 -0.933 0.0125, 0.1213 -0.933 0.0188, 0.126 -0.933 0.0262, 0.1299 -0.933 0.0433, 0.0993 -0.933 0.0049, 0.1076 -0.933 0.0078, 0.1289 -0.933 0.0345, -0.1063 -0.933 0.0433, -0.1053 -0.933 0.0345, -0.0915 -0.933 0.0125, -0.084 -0.933 0.0078, -0.0757 -0.933 0.0049, 0.3661 -0.8937 0.187, 0.3661 -0.9039 0.3176, 0.3661 -0.9133 0.3136, 0.3661 -0.9215 0.3074, 0.3661 -0.9278 0.2992, 0.3661 -0.9317 0.2897, 0.3661 0.9554 0.2897, 0.3661 0.9515 0.2992, 0.3661 0.9452 0.3074, 0.3661 0.937 0.3136, 0.3661 0.9276 0.3176, -0.8937 0.1287 0.1489, -0.8937 0.145 0.1584, -0.8937 0.1531 0.1629, -0.8937 0.1599 0.1692, -0.8937 -0.1413 0.1769, -0.8937 -0.1362 0.1692, -0.8937 -0.1445 0.1856, -0.8937 0.165 0.1769, -0.8937 0.1682 0.1856, -0.8937 -0.0669 0.063, -0.8937 -0.0669 0.0433, -0.8937 0.0906 0.0433, -0.8937 -0.1294 0.1629, -0.8937 -0.1213 0.1584, -0.8937 -0.1131 0.1543, -0.8937 -0.097 0.1419, -0.8937 0.113 0.1331, -0.8937 -0.0822 0.1224, -0.8937 0.0997 0.1098, -0.8937 -0.0711 0.0954, -0.8937 0.0917 0.0796, -0.8937 0.0906 0.063, -0.6969 -0.0669 0.0039, -0.7892 -0.1352 0.0039, -0.7958 -0.1284 0.0039, -0.8169 0.1201 0.0039, -0.6969 0.0906 0.0039, -0.8044 0.1363 0.0039, -0.8006 0.1438 0.0039, -0.7532 -0.1424 0.0039, -0.7626 -0.144 0.0039, -0.7721 -0.1432 0.0039, -0.7811 -0.1403 0.0039, -0.707 -0.1055 0.0039, -0.719 -0.1217 0.0039, -0.7348 -0.1342 0.0039, -0.7958 0.1521 0.0039, -0.7892 0.1589 0.0039, -0.7811 0.164 0.0039, -0.7721 0.1669 0.0039, -0.7626 0.1677 0.0039, -0.7532 0.1661 0.0039, -0.8937 -0.0669 0.0039, -0.8937 0.0906 0.0039, -0.8791 -0.0678 0.0039, -0.8625 0.0947 0.0039, -0.8497 -0.0752 0.0039, -0.8361 0.1055 0.0039, -0.8265 -0.0881 0.0039, -0.8104 -0.1037 0.0039, -0.8006 -0.1201 0.0039, -0.6994 -0.0869 0.0039, -0.7348 0.1579 0.0039, -0.719 0.1454 0.0039, -0.6994 0.1106 0.0039, -0.707 0.1292 0.0039, -0.126 -0.8937 0.1424, 0.1496 -0.8937 0.1424, -0.1179 -0.8937 0.1361, 0.1414 -0.8937 0.1361, 0.1693 -0.8937 0.1477, 0.1591 -0.8937 0.1463, -0.1355 -0.8937 0.1463, -0.1457 -0.8937 0.1477, -0.3032 -0.8937 0.1477, -0.3412 -0.8937 0.1769, -0.1077 -0.8937 0.1185, 0.1312 -0.8937 0.1185, 0.1299 -0.8937 0.1083, 0.1352 -0.8937 0.128, -0.1116 -0.8937 0.128, -0.3229 -0.8937 0.1529, -0.331 -0.8937 0.1592, -0.3373 -0.8937 0.1674, 0.3268 -0.8937 0.1477, 0.3648 -0.8937 0.1769, 0.3608 -0.8937 0.1674, 0.3546 -0.8937 0.1592, 0.3464 -0.8937 0.1529, 0.3369 -0.8937 0.149, -0.3134 -0.8937 0.149, 0.1299 -0.8937 0.0433, -0.1063 -0.8937 0.0433, -0.1063 -0.8937 0.1083, 0.1289 -0.8937 0.0345, 0.126 -0.8937 0.0262, 0.1213 -0.8937 0.0188, 0.1151 -0.8937 0.0125, 0.1076 -0.8937 0.0078, 0.0993 -0.8937 0.0049, -0.0757 -0.8937 0.0049, -0.0915 -0.8937 0.0125, -0.0977 -0.8937 0.0188, -0.1024 -0.8937 0.0262, -0.084 -0.8937 0.0078, -0.1053 -0.8937 0.0345, 0.7768 0.1661 0.0433, 0.7584 0.1579 0.0433, 0.7426 0.1454 0.0433, 0.7306 0.1292 0.0433, 0.723 0.1106 0.0433, 0.7205 0.0906 0.0433, 0.7205 -0.0669 0.0433, 0.723 -0.0869 0.0433, 0.7306 -0.1055 0.0433, 0.7426 -0.1217 0.0433, 0.7584 -0.1342 0.0433, 0.7768 -0.1424 0.0433, 0.8404 0.1201 0.0433, 0.8194 -0.1284 0.0433, 0.8128 -0.1352 0.0433, 0.8047 -0.1403 0.0433, 0.7862 -0.144 0.0433, 0.7957 -0.1432 0.0433, 0.8279 0.1363 0.0433, 0.8242 0.1438 0.0433, 0.8194 0.1521 0.0433, 0.8128 0.1589 0.0433, 0.8047 0.164 0.0433, 0.7957 0.1669 0.0433, 0.9027 -0.0678 0.0433, 0.886 0.0947 0.0433, 0.8732 -0.0752 0.0433, 0.8597 0.1055 0.0433, 0.85 -0.0881 0.0433, 0.834 -0.1037 0.0433, 0.8242 -0.1201 0.0433, 0.7862 0.1677 0.0433, -0.7532 -0.1424 0.0433, -0.7348 -0.1342 0.0433, -0.719 -0.1217 0.0433, -0.707 -0.1055 0.0433, -0.6994 -0.0869 0.0433, -0.6969 -0.0669 0.0433, -0.6969 0.0906 0.0433, -0.6994 0.1106 0.0433, -0.707 0.1292 0.0433, -0.719 0.1454 0.0433, -0.7348 0.1579 0.0433, -0.7532 0.1661 0.0433, -0.8265 -0.0881 0.0433, -0.8104 -0.1037 0.0433, -0.8006 -0.1201 0.0433, -0.7958 -0.1284 0.0433, -0.7892 -0.1352 0.0433, -0.7811 -0.1403 0.0433, -0.7721 -0.1432 0.0433, -0.7626 0.1677 0.0433, -0.7721 0.1669 0.0433, -0.7811 0.164 0.0433, -0.7892 0.1589 0.0433, -0.7958 0.1521 0.0433, -0.8625 0.0947 0.0433, -0.8006 0.1438 0.0433, -0.8044 0.1363 0.0433, -0.8169 0.1201 0.0433, -0.8361 0.1055 0.0433, -0.8497 -0.0752 0.0433, -0.8791 -0.0678 0.0433, -0.7626 -0.144 0.0433, -0.7036 0.7993 0.342, -0.7756 0.7273 0.342, -0.6575 0.6879 0.4533, -0.6643 0.6811 0.4533, -0.7919 0.6879 0.342, -0.7919 -0.6642 0.342, -0.6806 0.6418 0.4533, -0.6806 -0.6181 0.4533, -0.6575 -0.6642 0.4533, -0.6643 -0.6574 0.4533, -0.7036 -0.7756 0.342, -0.7756 -0.7036 0.342, -0.6643 -0.7919 0.342, 0.6878 -0.7919 0.342, -0.6181 -0.6805 0.4533, 0.6417 -0.6805 0.4533, 0.7272 -0.7756 0.342, 0.7992 -0.7036 0.342, 0.6811 -0.6642 0.4533, 0.6878 -0.6574 0.4533, 0.8155 -0.6642 0.342, 0.8155 0.6879 0.342, 0.7041 -0.6181 0.4533, 0.7041 0.6418 0.4533, 0.7992 0.7273 0.342, 0.7272 0.7993 0.342, 0.6878 0.6811 0.4533, 0.6811 0.6879 0.4533, 0.6878 0.8156 0.342, -0.6643 0.8156 0.342, 0.6417 0.7042 0.4533, -0.6181 0.7042 0.4533, 0.6485 -0.6181 0.4764, 0.3597 -0.0552 0.4764, 0.3407 -0.1198 0.4764, 0.3099 -0.1797 0.4764, 0.2682 -0.2327 0.4764, 0.6417 -0.6248 0.4764, 0.2173 -0.2768 0.4764, 0.159 -0.3105 0.4764, 0.3099 0.2034 0.4764, 0.3407 0.1435 0.4764, 0.6485 0.6418 0.4764, 0.3597 0.0789 0.4764, 0.3661 0.0119 0.4764, 0.0953 -0.3325 0.4764, 0.0286 -0.3421 0.4764, -0.6181 -0.6248 0.4764, -0.0386 -0.3389 0.4764, -0.1041 -0.323 0.4764, -0.1654 0.3187 0.4764, -0.1041 0.3467 0.4764, -0.6181 0.6485 0.4764, -0.0386 0.3626 0.4764, 0.6417 0.6485 0.4764, 0.0286 0.3658 0.4764, 0.0953 0.3562 0.4764, -0.3282 0.1117 0.4764, -0.3032 0.1742 0.4764, -0.6249 0.6418 0.4764, -0.2667 0.2309 0.4764, -0.2202 0.2796 0.4764, 0.159 0.3342 0.4764, 0.2173 0.3005 0.4764, 0.2682 0.2564 0.4764, -0.1654 -0.295 0.4764, -0.2202 -0.2559 0.4764, -0.6249 -0.6181 0.4764, -0.2667 -0.2072 0.4764, -0.3032 -0.1505 0.4764, -0.3282 -0.088 0.4764, -0.3409 -0.0218 0.4764, -0.3409 0.0455 0.4764
            ]
        }
        coordIndex [
            0,1,2,-1,2,1,3,-1,4,5,1,-1,1,5,6,-1,1,6,7,-1,7,8,1,-1,1,8,9,-1,1,9,3,-1,10,11,12,-1,12,11,13,-1,14,15,16,-1,14,16,17,-1,18,19,14,-1,14,19,20,-1,14,20,15,-1,16,21,17,-1,17,21,22,-1,17,22,23,-1,23,22,24,-1,18,25,26,-1,26,27,18,-1,18,27,28,-1,18,28,29,-1,30,31,32,-1,33,34,35,-1,35,34,36,-1,35,36,37,-1,30,32,22,-1,22,32,38,-1,22,38,24,-1,25,18,39,-1,39,18,14,-1,39,14,40,-1,40,14,41,-1,40,41,36,-1,36,41,42,-1,36,42,37,-1,43,44,29,-1,29,44,45,-1,29,45,18,-1,46,47,43,-1,43,47,48,-1,43,48,44,-1,44,48,49,-1,44,49,50,-1,51,52,53,-1,54,55,56,-1,50,57,44,-1,44,57,51,-1,44,51,58,-1,58,51,53,-1,54,56,43,-1,43,56,59,-1,43,59,46,-1,23,60,17,-1,17,60,61,-1,17,61,62,-1,63,61,64,-1,64,61,65,-1,63,66,61,-1,61,66,67,-1,61,67,62,-1,68,69,70,-1,70,69,71,-1,71,72,70,-1,70,72,73,-1,70,73,74,-1,74,75,70,-1,70,75,76,-1,70,76,77,-1,77,76,78,-1,68,70,79,-1,79,70,61,-1,79,61,80,-1,80,61,60,-1,80,60,81,-1,82,83,84,-1,85,86,73,-1,73,86,87,-1,73,87,74,-1,81,88,80,-1,80,88,89,-1,80,89,90,-1,90,89,91,-1,82,84,76,-1,76,84,92,-1,76,92,78,-1,93,94,95,-1,95,94,96,-1,95,96,73,-1,73,96,97,-1,73,97,85,-1,98,99,93,-1,100,101,102,-1,100,102,103,-1,93,99,94,-1,94,99,104,-1,94,104,105,-1,103,102,93,-1,93,102,106,-1,93,106,98,-1,107,108,109,-1,105,110,94,-1,94,110,107,-1,94,107,111,-1,111,107,109,-1,49,48,99,-1,99,48,104,-1,112,113,114,-1,114,113,115,-1,114,115,116,-1,117,115,118,-1,118,115,119,-1,117,120,115,-1,115,120,121,-1,115,121,116,-1,122,123,124,-1,124,123,125,-1,124,125,126,-1,127,128,124,-1,124,128,129,-1,129,130,124,-1,124,130,131,-1,124,131,132,-1,133,134,135,-1,133,135,125,-1,125,135,136,-1,125,136,126,-1,137,138,139,-1,139,138,140,-1,139,140,141,-1,141,140,142,-1,141,142,143,-1,143,142,144,-1,143,144,145,-1,145,144,122,-1,145,122,146,-1,146,122,124,-1,146,124,147,-1,147,124,132,-1,126,148,124,-1,124,148,149,-1,149,150,124,-1,124,150,151,-1,124,151,152,-1,152,153,124,-1,124,153,154,-1,124,154,155,-1,149,156,157,-1,157,158,149,-1,149,158,159,-1,149,159,160,-1,160,161,149,-1,149,161,162,-1,149,162,163,-1,164,165,166,-1,166,165,167,-1,166,167,168,-1,169,170,171,-1,171,172,169,-1,169,172,173,-1,169,173,174,-1,174,173,175,-1,174,175,176,-1,176,175,177,-1,176,177,178,-1,178,177,156,-1,178,156,179,-1,179,156,149,-1,179,149,167,-1,167,149,148,-1,167,148,168,-1,162,128,163,-1,163,128,127,-1,163,127,180,-1,181,127,182,-1,182,127,183,-1,181,184,127,-1,127,184,185,-1,127,185,180,-1,186,187,188,-1,188,187,189,-1,188,189,190,-1,190,191,188,-1,188,191,192,-1,188,192,193,-1,194,195,196,-1,197,198,199,-1,194,196,200,-1,195,201,196,-1,196,201,202,-1,196,202,203,-1,203,204,196,-1,196,204,205,-1,196,205,188,-1,188,205,206,-1,188,206,186,-1,186,206,207,-1,186,207,208,-1,208,207,197,-1,208,197,209,-1,209,197,199,-1,210,211,212,-1,212,211,213,-1,193,214,188,-1,188,214,213,-1,188,213,215,-1,215,213,211,-1,216,217,218,-1,200,196,218,-1,218,196,219,-1,218,219,216,-1,220,221,222,-1,223,224,225,-1,226,227,228,-1,229,230,231,-1,232,233,234,-1,223,225,235,-1,221,236,222,-1,222,236,237,-1,222,237,183,-1,224,238,225,-1,225,238,239,-1,225,239,222,-1,222,239,240,-1,222,240,220,-1,227,241,228,-1,228,241,242,-1,228,242,243,-1,230,244,231,-1,231,244,245,-1,231,245,119,-1,246,247,248,-1,248,247,249,-1,248,249,228,-1,228,249,250,-1,228,250,226,-1,251,252,253,-1,253,252,254,-1,253,254,231,-1,231,254,255,-1,231,255,229,-1,256,257,258,-1,258,257,259,-1,258,259,234,-1,234,259,260,-1,234,260,232,-1,183,237,155,-1,155,237,261,-1,155,261,248,-1,248,261,262,-1,248,262,246,-1,225,263,235,-1,235,263,65,-1,235,65,264,-1,264,65,234,-1,264,234,265,-1,265,234,233,-1,243,242,0,-1,0,242,266,-1,0,266,253,-1,253,266,267,-1,253,267,251,-1,119,245,268,-1,268,245,269,-1,268,269,258,-1,258,269,270,-1,258,270,256,-1,271,272,70,-1,70,272,127,-1,124,273,274,-1,275,276,277,-1,277,276,61,-1,277,61,115,-1,115,61,1,-1,115,1,278,-1,278,1,279,-1,274,280,124,-1,124,280,1,-1,124,1,127,-1,127,1,61,-1,127,61,70,-1,258,234,275,-1,275,234,276,-1,268,258,277,-1,277,258,275,-1,281,282,277,-1,277,282,283,-1,283,284,277,-1,277,284,285,-1,277,285,286,-1,286,287,277,-1,277,287,288,-1,277,288,268,-1,283,282,114,-1,114,282,289,-1,289,290,114,-1,114,290,291,-1,114,291,292,-1,293,294,114,-1,114,294,295,-1,114,295,112,-1,112,295,296,-1,296,297,112,-1,112,297,298,-1,112,298,299,-1,300,301,302,-1,302,301,303,-1,302,303,304,-1,304,303,305,-1,304,305,306,-1,306,305,307,-1,306,307,308,-1,308,307,293,-1,308,293,309,-1,309,293,114,-1,309,114,310,-1,310,114,292,-1,231,119,278,-1,278,119,115,-1,253,231,279,-1,279,231,278,-1,253,279,0,-1,0,279,1,-1,311,312,313,-1,314,315,316,-1,316,317,6,-1,6,317,318,-1,6,318,312,-1,312,318,319,-1,312,319,313,-1,320,321,315,-1,315,321,322,-1,315,322,316,-1,320,323,321,-1,321,323,324,-1,321,324,325,-1,326,327,328,-1,314,316,329,-1,329,316,6,-1,329,6,330,-1,330,6,5,-1,330,5,331,-1,331,5,332,-1,331,332,333,-1,313,334,311,-1,311,334,326,-1,311,326,335,-1,335,326,328,-1,336,337,333,-1,333,337,338,-1,333,338,331,-1,339,340,10,-1,341,342,343,-1,10,12,344,-1,344,12,345,-1,345,346,344,-1,344,346,341,-1,344,341,347,-1,347,341,343,-1,325,324,344,-1,344,324,348,-1,344,348,10,-1,10,348,349,-1,10,349,339,-1,350,351,340,-1,340,351,352,-1,340,352,10,-1,311,353,312,-1,312,353,280,-1,243,354,280,-1,280,354,355,-1,280,355,356,-1,356,357,280,-1,280,357,358,-1,280,358,312,-1,228,243,274,-1,274,243,280,-1,248,228,273,-1,273,228,274,-1,155,248,124,-1,124,248,273,-1,222,183,272,-1,272,183,127,-1,225,222,271,-1,271,222,272,-1,263,225,70,-1,70,225,271,-1,77,41,70,-1,70,41,14,-1,14,359,70,-1,70,359,360,-1,70,360,361,-1,361,362,70,-1,70,362,363,-1,70,363,263,-1,65,61,234,-1,234,61,276,-1,281,277,115,-1,364,365,115,-1,115,365,366,-1,115,366,367,-1,368,369,370,-1,370,369,113,-1,367,371,115,-1,115,371,372,-1,115,372,281,-1,373,374,375,-1,369,376,113,-1,113,376,377,-1,113,377,115,-1,115,377,378,-1,115,378,364,-1,364,378,379,-1,364,379,380,-1,380,379,381,-1,380,381,382,-1,382,381,383,-1,382,383,384,-1,384,383,373,-1,384,373,385,-1,385,373,375,-1,386,387,388,-1,386,389,390,-1,390,389,391,-1,390,391,392,-1,393,394,386,-1,394,395,386,-1,386,395,396,-1,386,396,387,-1,397,398,399,-1,392,400,390,-1,390,400,401,-1,390,401,402,-1,402,403,390,-1,390,403,404,-1,390,404,405,-1,406,407,408,-1,408,407,409,-1,408,409,410,-1,410,409,411,-1,410,411,412,-1,412,411,389,-1,412,389,413,-1,413,389,386,-1,413,386,414,-1,414,386,388,-1,393,386,399,-1,399,386,415,-1,399,415,397,-1,405,416,390,-1,390,416,417,-1,390,417,418,-1,418,417,419,-1,420,421,422,-1,422,421,423,-1,424,425,1,-1,1,425,421,-1,1,421,426,-1,426,421,420,-1,426,427,1,-1,1,427,428,-1,1,428,4,-1,4,428,429,-1,430,431,432,-1,423,433,422,-1,422,433,431,-1,422,431,434,-1,434,431,430,-1,435,436,437,-1,1,280,424,-1,424,280,353,-1,424,353,438,-1,438,353,439,-1,438,439,440,-1,441,442,440,-1,440,442,443,-1,440,443,438,-1,429,428,437,-1,437,428,444,-1,437,444,435,-1,445,446,432,-1,432,446,447,-1,432,447,430,-1,445,448,449,-1,449,450,445,-1,445,450,451,-1,445,451,452,-1,452,453,445,-1,445,453,13,-1,445,13,446,-1,446,13,11,-1,446,11,454,-1,455,456,457,-1,454,458,446,-1,446,458,455,-1,446,455,459,-1,459,455,457,-1,460,200,218,-1,460,218,461,-1,461,218,217,-1,461,217,462,-1,462,217,216,-1,462,216,463,-1,463,216,219,-1,463,219,464,-1,464,219,196,-1,464,196,465,-1,466,465,188,-1,188,465,196,-1,466,188,215,-1,466,215,467,-1,467,215,211,-1,467,211,468,-1,468,211,210,-1,468,210,469,-1,469,210,212,-1,469,212,470,-1,470,212,213,-1,470,213,471,-1,465,466,472,-1,473,466,474,-1,474,466,475,-1,471,476,466,-1,466,476,477,-1,466,477,475,-1,472,478,465,-1,465,478,479,-1,465,479,480,-1,480,481,465,-1,465,481,482,-1,465,482,483,-1,468,469,470,-1,138,137,484,-1,484,137,485,-1,484,485,486,-1,486,485,487,-1,486,487,488,-1,488,487,472,-1,488,472,489,-1,489,472,466,-1,489,466,490,-1,490,466,473,-1,483,491,465,-1,465,491,460,-1,465,460,464,-1,471,466,470,-1,470,466,467,-1,470,467,468,-1,464,460,463,-1,463,460,461,-1,463,461,462,-1,492,393,399,-1,492,399,493,-1,493,399,398,-1,493,398,494,-1,494,398,397,-1,494,397,495,-1,495,397,415,-1,495,415,496,-1,496,415,386,-1,496,386,497,-1,498,497,390,-1,390,497,386,-1,498,390,418,-1,498,418,499,-1,499,418,419,-1,499,419,500,-1,500,419,417,-1,500,417,501,-1,501,417,416,-1,501,416,502,-1,502,416,405,-1,502,405,503,-1,504,505,497,-1,497,505,506,-1,497,506,507,-1,507,508,497,-1,497,508,509,-1,497,509,510,-1,502,503,498,-1,498,503,511,-1,498,511,512,-1,512,513,498,-1,498,513,514,-1,498,514,515,-1,516,375,374,-1,515,517,498,-1,498,517,518,-1,498,518,497,-1,497,518,519,-1,497,519,504,-1,504,519,520,-1,504,520,521,-1,521,520,516,-1,521,516,522,-1,522,516,374,-1,502,498,501,-1,501,498,499,-1,501,499,500,-1,510,523,497,-1,497,523,492,-1,497,492,496,-1,496,492,493,-1,496,493,495,-1,495,493,494,-1,243,0,2,-1,243,2,354,-1,354,2,3,-1,354,3,355,-1,355,3,9,-1,355,9,356,-1,356,9,8,-1,356,8,357,-1,357,8,7,-1,357,7,358,-1,358,7,6,-1,358,6,312,-1,119,268,288,-1,119,288,118,-1,118,288,287,-1,118,287,117,-1,117,287,286,-1,117,286,120,-1,120,286,285,-1,120,285,121,-1,121,285,284,-1,121,284,116,-1,116,284,283,-1,116,283,114,-1,183,155,154,-1,183,154,182,-1,182,154,153,-1,182,153,181,-1,181,153,152,-1,181,152,184,-1,184,152,151,-1,184,151,185,-1,185,151,150,-1,185,150,180,-1,180,150,149,-1,180,149,163,-1,65,263,363,-1,65,363,64,-1,64,363,362,-1,64,362,63,-1,63,362,361,-1,63,361,66,-1,66,361,360,-1,66,360,67,-1,67,360,359,-1,67,359,62,-1,62,359,14,-1,62,14,17,-1,524,525,526,-1,526,525,527,-1,528,529,530,-1,530,529,531,-1,532,533,534,-1,534,533,535,-1,536,537,538,-1,538,537,539,-1,540,541,542,-1,542,541,543,-1,544,545,546,-1,546,545,547,-1,548,549,550,-1,550,549,551,-1,552,553,554,-1,554,553,555,-1,556,557,558,-1,558,559,556,-1,556,559,560,-1,556,560,561,-1,561,560,562,-1,561,562,563,-1,564,565,566,-1,566,565,567,-1,566,567,556,-1,556,567,568,-1,556,568,557,-1,563,569,561,-1,561,569,570,-1,561,570,571,-1,571,570,572,-1,571,572,573,-1,574,575,576,-1,576,575,577,-1,576,577,578,-1,578,577,579,-1,578,579,580,-1,581,582,583,-1,583,582,584,-1,583,584,576,-1,576,584,585,-1,576,585,574,-1,580,586,578,-1,578,586,587,-1,578,587,566,-1,566,587,588,-1,566,588,564,-1,573,589,571,-1,571,589,590,-1,571,590,591,-1,591,590,592,-1,591,592,593,-1,593,594,591,-1,591,594,595,-1,591,595,583,-1,583,595,596,-1,583,596,581,-1,
        ]
    }
}
Shape{
    appearance Appearance {
        material  Material 	{
            diffuseColor 0.07058823529411765 0.07058823529411765 0.07058823529411765
            specularColor 0.00392156862745098 0.00392156862745098 0.00392156862745098
            ambientIntensity 0.102
            transparency 0.0
            shininess 0.5
        }
    }
    geometry IndexedFaceSet {
        ccw TRUE
        solid FALSE
        coord DEF co Coordinate {
            point [
                0.3661 0.0119 0.3976, 0.3661 0.0119 0.4764, 0.3597 0.0789 0.3976, 0.3597 0.0789 0.4764, 0.3407 0.1435 0.3976, 0.3407 0.1435 0.4764, 0.3099 0.2034 0.3976, 0.3099 0.2034 0.4764, 0.2682 0.2564 0.3976, 0.2682 0.2564 0.4764, 0.2173 0.3005 0.3976, 0.2173 0.3005 0.4764, 0.159 0.3342 0.3976, 0.159 0.3342 0.4764, 0.0953 0.3562 0.3976, 0.0953 0.3562 0.4764, 0.0286 0.3658 0.3976, 0.0286 0.3658 0.4764, -0.0386 0.3626 0.3976, -0.0386 0.3626 0.4764, -0.1041 0.3467 0.3976, -0.1041 0.3467 0.4764, -0.1654 0.3187 0.3976, -0.1654 0.3187 0.4764, -0.2202 0.2796 0.3976, -0.2202 0.2796 0.4764, -0.2667 0.2309 0.3976, -0.2667 0.2309 0.4764, -0.3032 0.1742 0.3976, -0.3032 0.1742 0.4764, -0.3282 0.1117 0.3976, -0.3282 0.1117 0.4764, -0.3409 0.0455 0.3976, -0.3409 0.0455 0.4764, -0.3409 -0.0218 0.3976, -0.3409 -0.0218 0.4764, -0.3282 -0.088 0.3976, -0.3282 -0.088 0.4764, -0.3032 -0.1505 0.3976, -0.3032 -0.1505 0.4764, -0.2667 -0.2072 0.3976, -0.2667 -0.2072 0.4764, -0.2202 -0.2559 0.3976, -0.2202 -0.2559 0.4764, -0.1654 -0.295 0.3976, -0.1654 -0.295 0.4764, -0.1041 -0.323 0.3976, -0.1041 -0.323 0.4764, -0.0386 -0.3389 0.3976, -0.0386 -0.3389 0.4764, 0.0286 -0.3421 0.3976, 0.0286 -0.3421 0.4764, 0.0953 -0.3325 0.3976, 0.0953 -0.3325 0.4764, 0.159 -0.3105 0.3976, 0.159 -0.3105 0.4764, 0.2173 -0.2768 0.3976, 0.2173 -0.2768 0.4764, 0.2682 -0.2327 0.3976, 0.2682 -0.2327 0.4764, 0.3099 -0.1797 0.3976, 0.3099 -0.1797 0.4764, 0.3407 -0.1198 0.3976, 0.3407 -0.1198 0.4764, 0.3597 -0.0552 0.3976, 0.3597 -0.0552 0.4764, 0.0118 0.0119 0.3976
            ]
        }
        coordIndex [
            0,1,2,-1,2,1,3,-1,2,3,4,-1,4,3,5,-1,4,5,6,-1,6,5,7,-1,6,7,8,-1,8,7,9,-1,8,9,10,-1,10,9,11,-1,10,11,12,-1,12,11,13,-1,12,13,14,-1,14,13,15,-1,14,15,16,-1,16,15,17,-1,16,17,18,-1,18,17,19,-1,18,19,20,-1,20,19,21,-1,20,21,22,-1,22,21,23,-1,22,23,24,-1,24,23,25,-1,24,25,26,-1,26,25,27,-1,26,27,28,-1,28,27,29,-1,28,29,30,-1,30,29,31,-1,30,31,32,-1,32,31,33,-1,32,33,34,-1,34,33,35,-1,34,35,36,-1,36,35,37,-1,36,37,38,-1,38,37,39,-1,38,39,40,-1,40,39,41,-1,40,41,42,-1,42,41,43,-1,42,43,44,-1,44,43,45,-1,44,45,46,-1,46,45,47,-1,46,47,48,-1,48,47,49,-1,48,49,50,-1,50,49,51,-1,50,51,52,-1,52,51,53,-1,52,53,54,-1,54,53,55,-1,54,55,56,-1,56,55,57,-1,56,57,58,-1,58,57,59,-1,58,59,60,-1,60,59,61,-1,60,61,62,-1,62,61,63,-1,62,63,64,-1,64,63,65,-1,64,65,0,-1,0,65,1,-1,62,64,66,-1,66,64,0,-1,66,0,2,-1,56,58,66,-1,66,58,60,-1,66,60,62,-1,50,52,66,-1,66,52,54,-1,66,54,56,-1,44,46,66,-1,66,46,48,-1,66,48,50,-1,38,40,66,-1,66,40,42,-1,66,42,44,-1,32,34,66,-1,66,34,36,-1,66,36,38,-1,26,28,66,-1,66,28,30,-1,66,30,32,-1,20,22,66,-1,66,22,24,-1,66,24,26,-1,14,16,66,-1,66,16,18,-1,66,18,20,-1,8,10,66,-1,66,10,12,-1,66,12,14,-1,2,4,66,-1,66,4,6,-1,66,6,8,-1,
        ]
    }
}
Shape{
    appearance Appearance {
        material  Material 	{
            diffuseColor 0.8313725490196079 0.8392156862745098 0.8313725490196079
            specularColor 0.4980392156862745 0.5019607843137255 0.4980392156862745
            ambientIntensity 0.836
            transparency 0.0
            shininess 0.5
        }
    }
    geometry IndexedFaceSet {
        ccw TRUE
        solid FALSE
        coord DEF co Coordinate {
            point [
                0.7272 0.7993 0.342, 0.7992 0.7273 0.342, 0.7387 0.8108 0.3294, 0.8107 0.7388 0.3294, 0.7522 0.8242 0.3216, 0.8242 0.7522 0.3216, 0.7666 0.8386 0.3189, 0.8386 0.7666 0.3189, 0.7334 0.8398 0.3213, 0.6878 0.8319 0.3294, 0.6878 0.8156 0.342, 0.688 0.8156 0.3419, 0.6878 0.8509 0.3216, 0.6881 0.8319 0.3294, 0.7031 0.8156 0.3401, 0.7074 0.831 0.3285, 0.7033 0.8156 0.34, 0.7163 0.8102 0.34, 0.7242 0.824 0.3285, 0.7164 0.8101 0.3401, 0.6878 0.8712 0.3189, 0.6882 0.8509 0.3216, 0.7122 0.8486 0.3213, 0.6882 0.8712 0.3189, 0.7172 0.8674 0.3189, 0.7431 0.8567 0.3189, 0.8318 0.6879 0.3294, 0.8508 0.6879 0.3216, 0.8486 0.7122 0.3213, 0.7994 0.7271 0.3419, 0.8109 0.7386 0.3294, 0.81 0.7165 0.3401, 0.824 0.7243 0.3285, 0.8102 0.7163 0.34, 0.8155 0.7034 0.34, 0.8309 0.7075 0.3285, 0.8155 0.7032 0.3401, 0.8244 0.752 0.3216, 0.8398 0.7334 0.3213, 0.8155 0.6879 0.342, 0.8388 0.7664 0.3189, 0.8567 0.7432 0.3189, 0.8674 0.7173 0.3189, 0.8712 0.6879 0.3189, -0.6643 0.8156 0.342, -0.6643 0.8319 0.3294, -0.6643 0.8509 0.3216, -0.6643 0.8712 0.3189, 0.6417 0.7042 0.4533, 0.6522 0.7013 0.4548, 0.6554 0.7004 0.4552, 0.6621 0.6977 0.4552, 0.6811 0.6879 0.4533, 0.6716 0.6933 0.4548, 0.6687 0.6949 0.4552, 0.6417 0.6485 0.4764, 0.6485 0.6418 0.4764, 0.6526 0.6595 0.4748, 0.6594 0.6527 0.4748, 0.6561 0.6629 0.4734, 0.6628 0.6561 0.4734, 0.6631 0.67 0.4703, 0.6699 0.6632 0.4703, 0.6694 0.6762 0.4655, 0.6762 0.6695 0.4655, 0.6728 0.6796 0.463, 0.6796 0.6729 0.463, 0.6878 0.6811 0.4533, 0.6949 0.6688 0.4552, 0.6949 0.6686 0.4552, 0.7003 0.6557 0.4552, 0.7004 0.6555 0.4552, 0.7041 0.6418 0.4533, 0.8155 -0.6642 0.342, 0.8318 -0.6642 0.3294, 0.8508 -0.6642 0.3216, 0.8712 -0.6642 0.3189, -0.6886 0.8486 0.3213, -0.7152 0.8108 0.3294, -0.7036 0.7993 0.342, -0.7035 0.7994 0.3419, -0.7286 0.8242 0.3216, -0.715 0.811 0.3294, -0.6928 0.8101 0.3401, -0.7007 0.824 0.3285, -0.6927 0.8102 0.34, -0.6797 0.8156 0.34, -0.6839 0.831 0.3285, -0.6796 0.8156 0.3401, -0.743 0.8386 0.3189, -0.7284 0.8244 0.3216, -0.7098 0.8398 0.3213, -0.7427 0.8389 0.3189, -0.7195 0.8567 0.3189, -0.6936 0.8674 0.3189, 0.6417 0.6877 0.4655, 0.6417 0.6788 0.4703, 0.6476 0.6782 0.4703, 0.6417 0.6688 0.4734, 0.6417 0.664 0.4748, 0.6447 0.6637 0.4748, 0.6503 0.6614 0.4748, 0.6476 0.6628 0.4748, 0.6503 0.6917 0.463, 0.6585 0.6892 0.463, 0.6661 0.6851 0.463, 0.6533 0.6765 0.4703, 0.6585 0.6737 0.4703, 0.6417 0.6925 0.463, 0.6909 0.6532 0.463, 0.6866 0.6638 0.463, 0.6618 0.6495 0.4748, 0.6747 0.6569 0.4703, 0.6687 0.6418 0.4734, 0.6777 0.6496 0.4703, 0.6639 0.6418 0.4748, 0.6634 0.6458 0.4748, 0.6924 0.6418 0.463, 0.6877 0.6418 0.4655, 0.6788 0.6418 0.4703, 0.8107 -0.7151 0.3294, 0.8242 -0.7285 0.3216, 0.8398 -0.7097 0.3213, 0.8155 -0.6644 0.3419, 0.8318 -0.6645 0.3294, 0.8155 -0.6795 0.3401, 0.8309 -0.6838 0.3285, 0.8155 -0.6797 0.34, 0.8102 -0.6926 0.34, 0.824 -0.7006 0.3285, 0.81 -0.6928 0.3401, 0.8508 -0.6645 0.3216, 0.8486 -0.6885 0.3213, 0.7992 -0.7036 0.342, 0.8712 -0.6646 0.3189, 0.8674 -0.6936 0.3189, 0.8567 -0.7195 0.3189, 0.8386 -0.7429 0.3189, -0.7756 0.7273 0.342, -0.7871 0.7388 0.3294, -0.8006 0.7522 0.3216, -0.815 0.7666 0.3189, -0.6575 0.6879 0.4533, -0.6451 0.6949 0.4552, -0.645 0.695 0.4552, -0.632 0.7004 0.4552, -0.6319 0.7004 0.4552, -0.6181 0.7042 0.4533, -0.6181 0.6925 0.463, -0.6181 0.6877 0.4655, -0.6181 0.6788 0.4703, -0.6181 0.6688 0.4734, -0.6181 0.664 0.4748, -0.6181 0.6485 0.4764, 0.7041 -0.6181 0.4533, 0.6924 -0.6181 0.463, 0.6877 -0.6181 0.4655, 0.6788 -0.6181 0.4703, 0.6687 -0.6181 0.4734, 0.6639 -0.6181 0.4748, 0.6485 -0.6181 0.4764, 0.7004 -0.6318 0.4552, 0.7003 -0.632 0.4552, 0.6949 -0.6449 0.4552, 0.6949 -0.6451 0.4552, 0.6878 -0.6574 0.4533, 0.7272 -0.7756 0.342, 0.7387 -0.7871 0.3294, 0.7522 -0.8005 0.3216, 0.7666 -0.8149 0.3189, -0.8162 0.7334 0.3213, -0.8082 0.6879 0.3294, -0.7919 0.6879 0.342, -0.792 0.6881 0.3419, -0.8272 0.6879 0.3216, -0.8083 0.6882 0.3294, -0.7919 0.7032 0.3401, -0.8073 0.7075 0.3285, -0.7919 0.7034 0.34, -0.7866 0.7163 0.34, -0.8004 0.7243 0.3285, -0.7865 0.7165 0.3401, -0.8476 0.6879 0.3189, -0.8272 0.6882 0.3216, -0.825 0.7122 0.3213, -0.8476 0.6883 0.3189, -0.8438 0.7173 0.3189, -0.8331 0.7432 0.3189, -0.6295 0.691 0.463, -0.6401 0.6866 0.463, -0.6291 0.6595 0.4748, -0.6259 0.6619 0.4748, -0.6325 0.6629 0.4734, -0.6333 0.6748 0.4703, -0.6396 0.67 0.4703, -0.626 0.6778 0.4703, -0.6221 0.6635 0.4748, -0.6459 0.6762 0.4655, -0.6492 0.6796 0.463, 0.6866 -0.6401 0.463, 0.6909 -0.6295 0.463, 0.6634 -0.6221 0.4748, 0.6777 -0.6259 0.4703, 0.6628 -0.6324 0.4734, 0.6747 -0.6332 0.4703, 0.6594 -0.629 0.4748, 0.6618 -0.6258 0.4748, 0.6796 -0.6492 0.463, 0.6762 -0.6458 0.4655, 0.6699 -0.6395 0.4703, 0.6878 -0.8082 0.3294, 0.6878 -0.8272 0.3216, 0.7122 -0.8249 0.3213, 0.7271 -0.7757 0.3419, 0.7386 -0.7873 0.3294, 0.7164 -0.7864 0.3401, 0.7242 -0.8003 0.3285, 0.7163 -0.7865 0.34, 0.7033 -0.7919 0.34, 0.7074 -0.8073 0.3285, 0.7031 -0.7919 0.3401, 0.752 -0.8007 0.3216, 0.7334 -0.8161 0.3213, 0.6878 -0.7919 0.342, 0.7663 -0.8152 0.3189, 0.7431 -0.833 0.3189, 0.7172 -0.8437 0.3189, 0.6878 -0.8475 0.3189, -0.7919 -0.6642 0.342, -0.8082 -0.6642 0.3294, -0.8272 -0.6642 0.3216, -0.8476 -0.6642 0.3189, -0.6806 0.6418 0.4533, -0.6777 0.6522 0.4548, -0.6768 0.6555 0.4552, -0.674 0.6621 0.4552, -0.6643 0.6811 0.4533, -0.6696 0.6717 0.4548, -0.6713 0.6688 0.4552, -0.6249 0.6418 0.4764, -0.6358 0.6527 0.4748, -0.6392 0.6561 0.4734, -0.6463 0.6632 0.4703, -0.6526 0.6695 0.4655, -0.656 0.6729 0.463, 0.6417 -0.6248 0.4764, 0.6526 -0.6358 0.4748, 0.6561 -0.6392 0.4734, 0.6631 -0.6463 0.4703, 0.6694 -0.6525 0.4655, 0.6728 -0.6559 0.463, 0.6811 -0.6642 0.4533, 0.6687 -0.6712 0.4552, 0.6685 -0.6713 0.4552, 0.6556 -0.6767 0.4552, 0.6554 -0.6767 0.4552, 0.6417 -0.6805 0.4533, -0.6643 -0.7919 0.342, -0.6643 -0.8082 0.3294, -0.6643 -0.8272 0.3216, -0.6643 -0.8475 0.3189, -0.7036 -0.7756 0.342, -0.7756 -0.7036 0.342, -0.7152 -0.7871 0.3294, -0.7871 -0.7151 0.3294, -0.7286 -0.8005 0.3216, -0.8006 -0.7285 0.3216, -0.743 -0.8149 0.3189, -0.815 -0.7429 0.3189, -0.825 -0.6885 0.3213, -0.7758 -0.7034 0.3419, -0.7873 -0.7149 0.3294, -0.7865 -0.6928 0.3401, -0.8004 -0.7006 0.3285, -0.7866 -0.6926 0.34, -0.7919 -0.6797 0.34, -0.8073 -0.6838 0.3285, -0.7919 -0.6795 0.3401, -0.8008 -0.7283 0.3216, -0.8162 -0.7097 0.3213, -0.8153 -0.7427 0.3189, -0.8331 -0.7195 0.3189, -0.8438 -0.6936 0.3189, -0.6641 0.6418 0.4655, -0.6552 0.6418 0.4703, -0.6546 0.6477 0.4703, -0.6452 0.6418 0.4734, -0.6403 0.6418 0.4748, -0.64 0.6448 0.4748, -0.6377 0.6504 0.4748, -0.6392 0.6477 0.4748, -0.668 0.6504 0.463, -0.6655 0.6586 0.463, -0.6615 0.6662 0.463, -0.6529 0.6534 0.4703, -0.6501 0.6586 0.4703, -0.6689 0.6418 0.463, 0.6531 -0.6673 0.463, 0.6637 -0.6629 0.463, 0.6494 -0.6382 0.4748, 0.6569 -0.6511 0.4703, 0.6417 -0.6451 0.4734, 0.6496 -0.6541 0.4703, 0.6417 -0.6403 0.4748, 0.6457 -0.6398 0.4748, 0.6417 -0.6688 0.463, 0.6417 -0.664 0.4655, 0.6417 -0.6551 0.4703, -0.7098 -0.8161 0.3213, -0.6645 -0.7919 0.3419, -0.6645 -0.8082 0.3294, -0.6796 -0.7919 0.3401, -0.6839 -0.8073 0.3285, -0.6797 -0.7919 0.34, -0.6927 -0.7865 0.34, -0.7007 -0.8003 0.3285, -0.6928 -0.7864 0.3401, -0.6646 -0.8272 0.3216, -0.6886 -0.8249 0.3213, -0.6646 -0.8475 0.3189, -0.6936 -0.8437 0.3189, -0.7195 -0.833 0.3189, -0.6806 -0.6181 0.4533, -0.6777 -0.6285 0.4548, -0.6768 -0.6318 0.4552, -0.674 -0.6384 0.4552, -0.6713 -0.6451 0.4552, -0.6696 -0.648 0.4548, -0.6643 -0.6574 0.4533, -0.6689 -0.6181 0.463, -0.6641 -0.6181 0.4655, -0.6552 -0.6181 0.4703, -0.6452 -0.6181 0.4734, -0.6403 -0.6181 0.4748, -0.6249 -0.6181 0.4764, -0.6181 -0.6805 0.4533, -0.6181 -0.6688 0.463, -0.6181 -0.664 0.4655, -0.6181 -0.6551 0.4703, -0.6181 -0.6451 0.4734, -0.6181 -0.6403 0.4748, -0.6181 -0.6248 0.4764, -0.6286 -0.6776 0.4548, -0.6319 -0.6767 0.4552, -0.6385 -0.674 0.4552, -0.6575 -0.6642 0.4533, -0.6481 -0.6696 0.4548, -0.6451 -0.6712 0.4552, -0.6526 -0.6458 0.4655, -0.6463 -0.6395 0.4703, -0.6501 -0.6349 0.4703, -0.6392 -0.6324 0.4734, -0.6358 -0.629 0.4748, -0.6377 -0.6267 0.4748, -0.64 -0.6211 0.4748, -0.6392 -0.624 0.4748, -0.6615 -0.6425 0.463, -0.6655 -0.6349 0.463, -0.668 -0.6267 0.463, -0.6529 -0.6297 0.4703, -0.6546 -0.624 0.4703, -0.656 -0.6492 0.463, -0.624 -0.6545 0.4703, -0.6211 -0.64 0.4748, -0.6267 -0.6377 0.4748, -0.624 -0.6391 0.4748, -0.6291 -0.6358 0.4748, -0.6267 -0.668 0.463, -0.635 -0.6655 0.463, -0.6426 -0.6614 0.463, -0.6492 -0.6559 0.463, -0.6297 -0.6528 0.4703, -0.635 -0.65 0.4703, -0.6325 -0.6392 0.4734, -0.6396 -0.6463 0.4703, -0.6459 -0.6525 0.4655
            ]
        }
        coordIndex [
            0,1,2,-1,2,1,3,-1,2,3,4,-1,4,3,5,-1,4,5,6,-1,6,5,7,-1,2,4,8,-1,9,10,11,-1,12,9,13,-1,9,11,13,-1,13,11,14,-1,13,14,15,-1,14,16,15,-1,15,16,17,-1,15,17,18,-1,18,17,19,-1,20,12,21,-1,21,12,13,-1,21,13,22,-1,22,13,15,-1,22,15,8,-1,8,15,18,-1,8,18,2,-1,2,18,19,-1,2,19,0,-1,20,21,23,-1,23,21,22,-1,23,22,24,-1,24,22,8,-1,24,8,25,-1,25,8,4,-1,25,4,6,-1,26,27,28,-1,3,1,29,-1,5,3,30,-1,3,29,30,-1,30,29,31,-1,30,31,32,-1,31,33,32,-1,32,33,34,-1,32,34,35,-1,35,34,36,-1,7,5,37,-1,37,5,30,-1,37,30,38,-1,38,30,32,-1,38,32,28,-1,28,32,35,-1,28,35,26,-1,26,35,36,-1,26,36,39,-1,7,37,40,-1,40,37,38,-1,40,38,41,-1,41,38,28,-1,41,28,42,-1,42,28,27,-1,42,27,43,-1,44,10,45,-1,45,10,9,-1,45,9,46,-1,46,9,12,-1,46,12,47,-1,47,12,20,-1,10,48,11,-1,11,48,49,-1,11,49,14,-1,14,49,50,-1,14,50,16,-1,16,50,51,-1,16,51,17,-1,17,51,19,-1,52,0,53,-1,53,0,19,-1,53,19,54,-1,54,19,51,-1,55,56,57,-1,57,56,58,-1,57,58,59,-1,59,58,60,-1,59,60,61,-1,61,60,62,-1,61,62,63,-1,63,62,64,-1,63,64,65,-1,65,64,66,-1,65,66,52,-1,52,66,67,-1,1,67,29,-1,29,67,68,-1,29,68,31,-1,31,68,33,-1,33,68,69,-1,33,69,34,-1,34,69,70,-1,34,70,36,-1,70,71,36,-1,36,71,72,-1,36,72,39,-1,39,73,26,-1,26,73,74,-1,26,74,27,-1,27,74,75,-1,27,75,43,-1,43,75,76,-1,45,46,77,-1,78,79,80,-1,81,78,82,-1,78,80,82,-1,82,80,83,-1,82,83,84,-1,83,85,84,-1,84,85,86,-1,84,86,87,-1,87,86,88,-1,89,81,90,-1,90,81,82,-1,90,82,91,-1,91,82,84,-1,91,84,77,-1,77,84,87,-1,77,87,45,-1,45,87,88,-1,45,88,44,-1,89,90,92,-1,92,90,91,-1,92,91,93,-1,93,91,77,-1,93,77,94,-1,94,77,46,-1,94,46,47,-1,95,96,97,-1,98,99,100,-1,55,101,102,-1,57,101,55,-1,100,99,55,-1,49,103,50,-1,50,103,104,-1,50,104,51,-1,51,104,54,-1,54,104,105,-1,54,105,53,-1,53,105,65,-1,53,65,52,-1,97,102,106,-1,106,102,101,-1,106,101,107,-1,107,101,57,-1,96,98,97,-1,97,98,100,-1,97,100,102,-1,102,100,55,-1,49,48,103,-1,103,48,108,-1,103,108,95,-1,57,59,107,-1,107,59,61,-1,107,61,63,-1,95,97,103,-1,103,97,106,-1,103,106,104,-1,104,106,107,-1,104,107,105,-1,105,107,63,-1,105,63,65,-1,71,70,109,-1,110,69,68,-1,58,111,60,-1,60,111,112,-1,60,112,62,-1,113,114,115,-1,115,114,116,-1,115,116,56,-1,62,112,64,-1,64,112,110,-1,64,110,66,-1,66,110,68,-1,66,68,67,-1,70,69,109,-1,109,69,110,-1,109,110,114,-1,114,110,112,-1,114,112,116,-1,116,112,111,-1,116,111,56,-1,58,56,111,-1,72,71,117,-1,117,71,109,-1,117,109,118,-1,118,109,114,-1,118,114,119,-1,119,114,113,-1,120,121,122,-1,74,73,123,-1,75,74,124,-1,74,123,124,-1,124,123,125,-1,124,125,126,-1,125,127,126,-1,126,127,128,-1,126,128,129,-1,129,128,130,-1,76,75,131,-1,131,75,124,-1,131,124,132,-1,132,124,126,-1,132,126,122,-1,122,126,129,-1,122,129,120,-1,120,129,130,-1,120,130,133,-1,76,131,134,-1,134,131,132,-1,134,132,135,-1,135,132,122,-1,135,122,136,-1,136,122,121,-1,136,121,137,-1,138,79,139,-1,139,79,78,-1,139,78,140,-1,140,78,81,-1,140,81,141,-1,141,81,89,-1,79,142,80,-1,80,142,143,-1,80,143,83,-1,83,143,85,-1,85,143,144,-1,85,144,86,-1,86,144,145,-1,86,145,88,-1,145,146,88,-1,88,146,147,-1,88,147,44,-1,48,147,108,-1,108,147,148,-1,108,148,95,-1,95,148,149,-1,95,149,96,-1,96,149,150,-1,96,150,98,-1,98,150,151,-1,98,151,99,-1,99,151,152,-1,99,152,55,-1,55,152,153,-1,154,72,155,-1,155,72,117,-1,155,117,156,-1,156,117,118,-1,156,118,157,-1,157,118,119,-1,157,119,158,-1,158,119,113,-1,158,113,159,-1,159,113,115,-1,159,115,160,-1,160,115,56,-1,73,154,123,-1,123,154,161,-1,123,161,125,-1,125,161,127,-1,127,161,162,-1,127,162,128,-1,128,162,163,-1,128,163,130,-1,163,164,130,-1,130,164,165,-1,130,165,133,-1,133,166,120,-1,120,166,167,-1,120,167,121,-1,121,167,168,-1,121,168,137,-1,137,168,169,-1,139,140,170,-1,171,172,173,-1,174,171,175,-1,171,173,175,-1,175,173,176,-1,175,176,177,-1,176,178,177,-1,177,178,179,-1,177,179,180,-1,180,179,181,-1,182,174,183,-1,183,174,175,-1,183,175,184,-1,184,175,177,-1,184,177,170,-1,170,177,180,-1,170,180,139,-1,139,180,181,-1,139,181,138,-1,182,183,185,-1,185,183,184,-1,185,184,186,-1,186,184,170,-1,186,170,187,-1,187,170,140,-1,187,140,141,-1,146,145,188,-1,189,144,143,-1,190,191,192,-1,192,191,193,-1,192,193,194,-1,151,195,152,-1,152,195,196,-1,152,196,153,-1,194,193,197,-1,197,193,189,-1,197,189,198,-1,198,189,143,-1,198,143,142,-1,145,144,188,-1,188,144,189,-1,188,189,195,-1,195,189,193,-1,195,193,196,-1,196,193,191,-1,196,191,153,-1,190,153,191,-1,147,146,148,-1,148,146,188,-1,148,188,149,-1,149,188,195,-1,149,195,150,-1,150,195,151,-1,164,163,199,-1,200,162,161,-1,159,201,158,-1,158,201,202,-1,158,202,157,-1,203,204,205,-1,205,204,206,-1,205,206,160,-1,157,202,156,-1,156,202,200,-1,156,200,155,-1,155,200,161,-1,155,161,154,-1,163,162,199,-1,199,162,200,-1,199,200,204,-1,204,200,202,-1,204,202,206,-1,206,202,201,-1,206,201,160,-1,159,160,201,-1,165,164,207,-1,207,164,199,-1,207,199,208,-1,208,199,204,-1,208,204,209,-1,209,204,203,-1,210,211,212,-1,167,166,213,-1,168,167,214,-1,167,213,214,-1,214,213,215,-1,214,215,216,-1,215,217,216,-1,216,217,218,-1,216,218,219,-1,219,218,220,-1,169,168,221,-1,221,168,214,-1,221,214,222,-1,222,214,216,-1,222,216,212,-1,212,216,219,-1,212,219,210,-1,210,219,220,-1,210,220,223,-1,169,221,224,-1,224,221,222,-1,224,222,225,-1,225,222,212,-1,225,212,226,-1,226,212,211,-1,226,211,227,-1,228,172,229,-1,229,172,171,-1,229,171,230,-1,230,171,174,-1,230,174,231,-1,231,174,182,-1,172,232,173,-1,173,232,233,-1,173,233,176,-1,176,233,234,-1,176,234,178,-1,178,234,235,-1,178,235,179,-1,179,235,181,-1,236,138,237,-1,237,138,181,-1,237,181,238,-1,238,181,235,-1,239,153,240,-1,240,153,190,-1,240,190,241,-1,241,190,192,-1,241,192,242,-1,242,192,194,-1,242,194,243,-1,243,194,197,-1,243,197,244,-1,244,197,198,-1,244,198,236,-1,236,198,142,-1,160,245,205,-1,205,245,246,-1,205,246,203,-1,203,246,247,-1,203,247,209,-1,209,247,248,-1,209,248,208,-1,208,248,249,-1,208,249,207,-1,207,249,250,-1,207,250,165,-1,165,250,251,-1,166,251,213,-1,213,251,252,-1,213,252,215,-1,215,252,217,-1,217,252,253,-1,217,253,218,-1,218,253,254,-1,218,254,220,-1,254,255,220,-1,220,255,256,-1,220,256,223,-1,223,257,210,-1,210,257,258,-1,210,258,211,-1,211,258,259,-1,211,259,227,-1,227,259,260,-1,261,262,263,-1,263,262,264,-1,263,264,265,-1,265,264,266,-1,265,266,267,-1,267,266,268,-1,229,230,269,-1,264,262,270,-1,266,264,271,-1,264,270,271,-1,271,270,272,-1,271,272,273,-1,272,274,273,-1,273,274,275,-1,273,275,276,-1,276,275,277,-1,268,266,278,-1,278,266,271,-1,278,271,279,-1,279,271,273,-1,279,273,269,-1,269,273,276,-1,269,276,229,-1,229,276,277,-1,229,277,228,-1,268,278,280,-1,280,278,279,-1,280,279,281,-1,281,279,269,-1,281,269,282,-1,282,269,230,-1,282,230,231,-1,283,284,285,-1,286,287,288,-1,239,289,290,-1,240,289,239,-1,288,287,239,-1,233,291,234,-1,234,291,292,-1,234,292,235,-1,235,292,238,-1,238,292,293,-1,238,293,237,-1,237,293,244,-1,237,244,236,-1,285,290,294,-1,294,290,289,-1,294,289,295,-1,295,289,240,-1,284,286,285,-1,285,286,288,-1,285,288,290,-1,290,288,239,-1,233,232,291,-1,291,232,296,-1,291,296,283,-1,240,241,295,-1,295,241,242,-1,295,242,243,-1,283,285,291,-1,291,285,294,-1,291,294,292,-1,292,294,295,-1,292,295,293,-1,293,295,243,-1,293,243,244,-1,255,254,297,-1,298,253,252,-1,246,299,247,-1,247,299,300,-1,247,300,248,-1,301,302,303,-1,303,302,304,-1,303,304,245,-1,248,300,249,-1,249,300,298,-1,249,298,250,-1,250,298,252,-1,250,252,251,-1,254,253,297,-1,297,253,298,-1,297,298,302,-1,302,298,300,-1,302,300,304,-1,304,300,299,-1,304,299,245,-1,246,245,299,-1,256,255,305,-1,305,255,297,-1,305,297,306,-1,306,297,302,-1,306,302,307,-1,307,302,301,-1,263,265,308,-1,258,257,309,-1,259,258,310,-1,258,309,310,-1,310,309,311,-1,310,311,312,-1,311,313,312,-1,312,313,314,-1,312,314,315,-1,315,314,316,-1,260,259,317,-1,317,259,310,-1,317,310,318,-1,318,310,312,-1,318,312,308,-1,308,312,315,-1,308,315,263,-1,263,315,316,-1,263,316,261,-1,260,317,319,-1,319,317,318,-1,319,318,320,-1,320,318,308,-1,320,308,321,-1,321,308,265,-1,321,265,267,-1,322,228,323,-1,323,228,277,-1,323,277,324,-1,324,277,275,-1,324,275,325,-1,325,275,274,-1,325,274,326,-1,326,274,272,-1,326,272,327,-1,327,272,270,-1,327,270,328,-1,328,270,262,-1,232,322,296,-1,296,322,329,-1,296,329,283,-1,283,329,330,-1,283,330,284,-1,284,330,331,-1,284,331,286,-1,286,331,332,-1,286,332,287,-1,287,332,333,-1,287,333,239,-1,239,333,334,-1,335,256,336,-1,336,256,305,-1,336,305,337,-1,337,305,306,-1,337,306,338,-1,338,306,307,-1,338,307,339,-1,339,307,301,-1,339,301,340,-1,340,301,303,-1,340,303,341,-1,341,303,245,-1,257,335,309,-1,309,335,342,-1,309,342,311,-1,311,342,343,-1,311,343,313,-1,313,343,344,-1,313,344,314,-1,314,344,316,-1,345,261,346,-1,346,261,316,-1,346,316,347,-1,347,316,344,-1,348,349,350,-1,351,352,353,-1,334,354,355,-1,333,354,334,-1,353,352,334,-1,327,356,326,-1,326,356,357,-1,326,357,325,-1,325,357,324,-1,324,357,358,-1,324,358,323,-1,323,358,329,-1,323,329,322,-1,350,355,359,-1,359,355,354,-1,359,354,360,-1,360,354,333,-1,349,351,350,-1,350,351,353,-1,350,353,355,-1,355,353,334,-1,327,328,356,-1,356,328,361,-1,356,361,348,-1,333,332,360,-1,360,332,331,-1,360,331,330,-1,348,350,356,-1,356,350,359,-1,356,359,357,-1,357,359,360,-1,357,360,358,-1,358,360,330,-1,358,330,329,-1,337,338,362,-1,339,340,363,-1,341,364,365,-1,366,364,341,-1,363,340,341,-1,342,367,343,-1,343,367,368,-1,343,368,344,-1,344,368,347,-1,347,368,369,-1,347,369,346,-1,346,369,370,-1,346,370,345,-1,362,365,371,-1,371,365,364,-1,371,364,372,-1,372,364,366,-1,338,339,362,-1,362,339,363,-1,362,363,365,-1,365,363,341,-1,342,335,367,-1,367,335,336,-1,367,336,337,-1,366,373,372,-1,372,373,374,-1,372,374,375,-1,337,362,367,-1,367,362,371,-1,367,371,368,-1,368,371,372,-1,368,372,369,-1,369,372,375,-1,369,375,370,-1,341,334,366,-1,366,334,352,-1,366,352,373,-1,373,352,351,-1,373,351,374,-1,374,351,349,-1,374,349,375,-1,375,349,348,-1,375,348,370,-1,370,348,361,-1,370,361,345,-1,345,361,328,-1,
        ]
    }
}
Shape{
    appearance Appearance {
        material  Material 	{
            diffuseColor 0.7686274509803922 0.7686274509803922 0.7686274509803922
            specularColor 0.615686274509804 0.615686274509804 0.615686274509804
            ambientIntensity 0.7686
            transparency 0.0
            shininess 0.5
        }
    }
    geometry IndexedFaceSet {
        ccw TRUE
        solid FALSE
        coord DEF co Coordinate {
            point [
                0.9567 -0.1213 0.1584, 0.9173 -0.1213 0.1584, 0.9173 -0.1131 0.1543, 0.9567 -0.1131 0.1543, 0.9173 -0.097 0.1419, 0.9567 -0.097 0.1419, 0.9173 -0.0822 0.1224, 0.9567 -0.0822 0.1224, 0.9173 -0.0711 0.0954, 0.9567 -0.0711 0.0954, 0.9173 -0.0669 0.063, 0.9567 -0.0669 0.063, 0.9567 -0.0669 0.0433, 0.9173 -0.0669 0.0433, 0.9553 -0.0669 0.0331, 0.937 -0.0669 0.0092, 0.9275 -0.0669 0.0053, 0.9173 -0.0669 0.0039, 0.9451 -0.0669 0.0155, 0.9514 -0.0669 0.0236, 0.9567 0.0906 0.063, 0.9173 0.0906 0.063, 0.9173 0.0917 0.0796, 0.9567 0.0917 0.0796, 0.9173 0.0997 0.1098, 0.9567 0.0997 0.1098, 0.9173 0.113 0.1331, 0.9567 0.113 0.1331, 0.9173 0.1287 0.1489, 0.9567 0.1287 0.1489, 0.9173 0.145 0.1584, 0.9567 0.145 0.1584, 0.9173 0.0906 0.0433, 0.9567 0.0906 0.0433, 0.9553 0.0906 0.0331, 0.9514 0.0906 0.0236, 0.9451 0.0906 0.0155, 0.937 0.0906 0.0092, 0.9275 0.0906 0.0053, 0.9173 0.0906 0.0039, 0.8242 0.1438 0.0039, 0.8242 0.1438 0.0433, 0.8279 0.1363 0.0433, 0.8279 0.1363 0.0039, 0.8404 0.1201 0.0433, 0.8404 0.1201 0.0039, 0.8597 0.1055 0.0433, 0.8597 0.1055 0.0039, 0.886 0.0947 0.0433, 0.886 0.0947 0.0039, 0.9027 -0.0678 0.0433, 0.9027 -0.0678 0.0039, 0.8732 -0.0752 0.0433, 0.8732 -0.0752 0.0039, 0.85 -0.0881 0.0433, 0.85 -0.0881 0.0039, 0.834 -0.1037 0.0433, 0.834 -0.1037 0.0039, 0.8242 -0.1201 0.0433, 0.8242 -0.1201 0.0039, -0.9331 -0.0669 0.063, -0.8937 -0.0669 0.063, -0.8937 -0.0711 0.0954, -0.9331 -0.0711 0.0954, -0.8937 -0.0822 0.1224, -0.9331 -0.0822 0.1224, -0.8937 -0.097 0.1419, -0.9331 -0.097 0.1419, -0.8937 -0.1131 0.1543, -0.9331 -0.1131 0.1543, -0.8937 -0.1213 0.1584, -0.9331 -0.1213 0.1584, -0.8937 -0.0669 0.0433, -0.9039 -0.0669 0.0053, -0.8937 -0.0669 0.0039, -0.9331 -0.0669 0.0433, -0.9318 -0.0669 0.0331, -0.9278 -0.0669 0.0236, -0.9216 -0.0669 0.0155, -0.9134 -0.0669 0.0092, -0.9331 0.145 0.1584, -0.8937 0.145 0.1584, -0.8937 0.1287 0.1489, -0.9331 0.1287 0.1489, -0.8937 0.113 0.1331, -0.9331 0.113 0.1331, -0.8937 0.0997 0.1098, -0.9331 0.0997 0.1098, -0.8937 0.0917 0.0796, -0.9331 0.0917 0.0796, -0.8937 0.0906 0.063, -0.9331 0.0906 0.063, -0.9331 0.0906 0.0433, -0.8937 0.0906 0.0433, -0.9318 0.0906 0.0331, -0.9134 0.0906 0.0092, -0.9039 0.0906 0.0053, -0.8937 0.0906 0.0039, -0.9216 0.0906 0.0155, -0.9278 0.0906 0.0236, -0.8625 0.0947 0.0433, -0.8625 0.0947 0.0039, -0.8361 0.1055 0.0433, -0.8361 0.1055 0.0039, -0.8169 0.1201 0.0433, -0.8169 0.1201 0.0039, -0.8044 0.1363 0.0433, -0.8044 0.1363 0.0039, -0.8006 0.1438 0.0433, -0.8006 0.1438 0.0039, -0.8006 -0.1201 0.0039, -0.8006 -0.1201 0.0433, -0.8104 -0.1037 0.0433, -0.8104 -0.1037 0.0039, -0.8265 -0.0881 0.0433, -0.8265 -0.0881 0.0039, -0.8497 -0.0752 0.0433, -0.8497 -0.0752 0.0039, -0.8791 -0.0678 0.0433, -0.8791 -0.0678 0.0039, 0.8194 -0.1284 0.0433, 0.8194 -0.1284 0.0039, 0.8128 -0.1352 0.0433, 0.8128 -0.1352 0.0039, 0.8047 -0.1403 0.0433, 0.8047 -0.1403 0.0039, 0.7957 -0.1432 0.0433, 0.7957 -0.1432 0.0039, 0.7862 -0.144 0.0433, 0.7862 -0.144 0.0039, 0.7768 -0.1424 0.0433, 0.7768 -0.1424 0.0039, 0.9567 -0.1456 0.1948, 0.9173 -0.1456 0.1948, 0.9173 -0.1445 0.1856, 0.9567 -0.1445 0.1856, 0.9173 -0.1413 0.1769, 0.9567 -0.1413 0.1769, 0.9173 -0.1362 0.1692, 0.9567 -0.1362 0.1692, 0.9173 -0.1294 0.1629, 0.9567 -0.1294 0.1629, 0.9173 0.1531 0.1629, 0.9567 0.1531 0.1629, 0.9173 0.1599 0.1692, 0.9567 0.1599 0.1692, 0.9173 0.165 0.1769, 0.9567 0.165 0.1769, 0.9173 0.1682 0.1856, 0.9567 0.1682 0.1856, 0.9173 0.1693 0.1948, 0.9567 0.1693 0.1948, 0.7768 0.1661 0.0039, 0.7768 0.1661 0.0433, 0.7862 0.1677 0.0433, 0.7862 0.1677 0.0039, 0.7957 0.1669 0.0433, 0.7957 0.1669 0.0039, 0.8047 0.164 0.0433, 0.8047 0.164 0.0039, 0.8128 0.1589 0.0433, 0.8128 0.1589 0.0039, 0.8194 0.1521 0.0433, 0.8194 0.1521 0.0039, -0.7532 -0.1424 0.0039, -0.7532 -0.1424 0.0433, -0.7626 -0.144 0.0433, -0.7626 -0.144 0.0039, -0.7721 -0.1432 0.0433, -0.7721 -0.1432 0.0039, -0.7811 -0.1403 0.0433, -0.7811 -0.1403 0.0039, -0.7892 -0.1352 0.0433, -0.7892 -0.1352 0.0039, -0.7958 -0.1284 0.0433, -0.7958 -0.1284 0.0039, -0.8937 -0.1294 0.1629, -0.9331 -0.1294 0.1629, -0.8937 -0.1362 0.1692, -0.9331 -0.1362 0.1692, -0.8937 -0.1413 0.1769, -0.9331 -0.1413 0.1769, -0.8937 -0.1445 0.1856, -0.9331 -0.1445 0.1856, -0.8937 -0.1456 0.1948, -0.9331 -0.1456 0.1948, -0.7958 0.1521 0.0433, -0.7958 0.1521 0.0039, -0.7892 0.1589 0.0433, -0.7892 0.1589 0.0039, -0.7811 0.164 0.0433, -0.7811 0.164 0.0039, -0.7721 0.1669 0.0433, -0.7721 0.1669 0.0039, -0.7626 0.1677 0.0433, -0.7626 0.1677 0.0039, -0.7532 0.1661 0.0433, -0.7532 0.1661 0.0039, -0.9331 0.1693 0.1948, -0.8937 0.1693 0.1948, -0.8937 0.1682 0.1856, -0.9331 0.1682 0.1856, -0.8937 0.165 0.1769, -0.9331 0.165 0.1769, -0.8937 0.1599 0.1692, -0.9331 0.1599 0.1692, -0.8937 0.1531 0.1629, -0.9331 0.1531 0.1629, 0.3268 0.9174 0.1477, 0.3268 0.9567 0.1477, 0.3369 0.9567 0.149, 0.3369 0.9174 0.149, 0.3464 0.9567 0.1529, 0.3464 0.9174 0.1529, 0.3546 0.9567 0.1592, 0.3546 0.9174 0.1592, 0.3608 0.9567 0.1674, 0.3608 0.9174 0.1674, 0.3648 0.9567 0.1769, 0.3648 0.9174 0.1769, 0.3661 0.9567 0.187, 0.3661 0.9174 0.187, 0.1693 0.9174 0.1477, 0.1693 0.9567 0.1477, 0.1299 0.9174 0.1083, 0.1299 0.9567 0.1083, 0.1312 0.9174 0.1185, 0.1312 0.9567 0.1185, 0.1352 0.9174 0.128, 0.1352 0.9567 0.128, 0.1414 0.9174 0.1361, 0.1414 0.9567 0.1361, 0.1496 0.9174 0.1424, 0.1496 0.9567 0.1424, 0.1591 0.9174 0.1463, 0.1591 0.9567 0.1463, 0.0905 0.9174 0.0039, 0.0905 0.9567 0.0039, 0.0993 0.9567 0.0049, 0.0993 0.9174 0.0049, 0.1076 0.9567 0.0078, 0.1076 0.9174 0.0078, 0.1151 0.9567 0.0125, 0.1151 0.9174 0.0125, 0.1213 0.9567 0.0188, 0.1213 0.9174 0.0188, 0.126 0.9567 0.0262, 0.126 0.9174 0.0262, 0.1289 0.9567 0.0345, 0.1289 0.9174 0.0345, 0.1299 0.9567 0.0433, 0.1299 0.9174 0.0433, -0.3425 0.9174 0.187, -0.3425 0.9567 0.187, -0.3412 0.9567 0.1769, -0.3412 0.9174 0.1769, -0.3373 0.9567 0.1674, -0.3373 0.9174 0.1674, -0.331 0.9567 0.1592, -0.331 0.9174 0.1592, -0.3229 0.9567 0.1529, -0.3229 0.9174 0.1529, -0.3134 0.9567 0.149, -0.3134 0.9174 0.149, -0.3032 0.9567 0.1477, -0.3032 0.9174 0.1477, -0.1457 0.9174 0.1477, -0.1457 0.9567 0.1477, -0.1355 0.9174 0.1463, -0.1355 0.9567 0.1463, -0.126 0.9174 0.1424, -0.126 0.9567 0.1424, -0.1179 0.9174 0.1361, -0.1179 0.9567 0.1361, -0.1116 0.9174 0.128, -0.1116 0.9567 0.128, -0.1077 0.9174 0.1185, -0.1077 0.9567 0.1185, -0.1063 0.9174 0.1083, -0.1063 0.9567 0.1083, -0.1063 0.9174 0.0433, -0.1063 0.9567 0.0433, -0.1053 0.9567 0.0345, -0.1053 0.9174 0.0345, -0.1024 0.9567 0.0262, -0.1024 0.9174 0.0262, -0.0977 0.9567 0.0188, -0.0977 0.9174 0.0188, -0.0915 0.9567 0.0125, -0.0915 0.9174 0.0125, -0.084 0.9567 0.0078, -0.084 0.9174 0.0078, -0.0757 0.9567 0.0049, -0.0757 0.9174 0.0049, -0.067 0.9567 0.0039, -0.067 0.9174 0.0039, -0.3032 -0.8937 0.1477, -0.3032 -0.933 0.1477, -0.3134 -0.933 0.149, -0.3134 -0.8937 0.149, -0.3229 -0.933 0.1529, -0.3229 -0.8937 0.1529, -0.331 -0.933 0.1592, -0.331 -0.8937 0.1592, -0.3373 -0.933 0.1674, -0.3373 -0.8937 0.1674, -0.3412 -0.933 0.1769, -0.3412 -0.8937 0.1769, -0.3425 -0.933 0.187, -0.3425 -0.8937 0.187, -0.1457 -0.8937 0.1477, -0.1457 -0.933 0.1477, -0.1063 -0.8937 0.1083, -0.1063 -0.933 0.1083, -0.1077 -0.8937 0.1185, -0.1077 -0.933 0.1185, -0.1116 -0.8937 0.128, -0.1116 -0.933 0.128, -0.1179 -0.8937 0.1361, -0.1179 -0.933 0.1361, -0.126 -0.8937 0.1424, -0.126 -0.933 0.1424, -0.1355 -0.8937 0.1463, -0.1355 -0.933 0.1463, -0.067 -0.8937 0.0039, -0.067 -0.933 0.0039, -0.0757 -0.933 0.0049, -0.0757 -0.8937 0.0049, -0.084 -0.933 0.0078, -0.084 -0.8937 0.0078, -0.0915 -0.933 0.0125, -0.0915 -0.8937 0.0125, -0.0977 -0.933 0.0188, -0.0977 -0.8937 0.0188, -0.1024 -0.933 0.0262, -0.1024 -0.8937 0.0262, -0.1053 -0.933 0.0345, -0.1053 -0.8937 0.0345, -0.1063 -0.933 0.0433, -0.1063 -0.8937 0.0433, 0.3661 -0.8937 0.187, 0.3661 -0.933 0.187, 0.3648 -0.933 0.1769, 0.3648 -0.8937 0.1769, 0.3608 -0.933 0.1674, 0.3608 -0.8937 0.1674, 0.3546 -0.933 0.1592, 0.3546 -0.8937 0.1592, 0.3464 -0.933 0.1529, 0.3464 -0.8937 0.1529, 0.3369 -0.933 0.149, 0.3369 -0.8937 0.149, 0.3268 -0.933 0.1477, 0.3268 -0.8937 0.1477, 0.1693 -0.8937 0.1477, 0.1693 -0.933 0.1477, 0.1591 -0.8937 0.1463, 0.1591 -0.933 0.1463, 0.1496 -0.8937 0.1424, 0.1496 -0.933 0.1424, 0.1414 -0.8937 0.1361, 0.1414 -0.933 0.1361, 0.1352 -0.8937 0.128, 0.1352 -0.933 0.128, 0.1312 -0.8937 0.1185, 0.1312 -0.933 0.1185, 0.1299 -0.8937 0.1083, 0.1299 -0.933 0.1083, 0.1299 -0.8937 0.0433, 0.1299 -0.933 0.0433, 0.1289 -0.933 0.0345, 0.1289 -0.8937 0.0345, 0.126 -0.933 0.0262, 0.126 -0.8937 0.0262, 0.1213 -0.933 0.0188, 0.1213 -0.8937 0.0188, 0.1151 -0.933 0.0125, 0.1151 -0.8937 0.0125, 0.1076 -0.933 0.0078, 0.1076 -0.8937 0.0078, 0.0993 -0.933 0.0049, 0.0993 -0.8937 0.0049, 0.0905 -0.933 0.0039, 0.0905 -0.8937 0.0039
            ]
        }
        coordIndex [
            0,1,2,-1,0,2,3,-1,3,2,4,-1,3,4,5,-1,5,4,6,-1,5,6,7,-1,7,6,8,-1,7,8,9,-1,9,8,10,-1,9,10,11,-1,11,10,12,-1,12,10,13,-1,12,13,14,-1,15,13,16,-1,16,13,17,-1,15,18,13,-1,13,18,19,-1,13,19,14,-1,20,21,22,-1,20,22,23,-1,23,22,24,-1,23,24,25,-1,25,24,26,-1,25,26,27,-1,27,26,28,-1,27,28,29,-1,29,28,30,-1,29,30,31,-1,21,20,32,-1,32,20,33,-1,33,34,32,-1,32,34,35,-1,32,35,36,-1,36,37,32,-1,32,37,38,-1,32,38,39,-1,40,41,42,-1,40,42,43,-1,43,42,44,-1,43,44,45,-1,45,44,46,-1,45,46,47,-1,47,46,48,-1,47,48,49,-1,49,48,32,-1,49,32,39,-1,17,13,50,-1,17,50,51,-1,51,50,52,-1,51,52,53,-1,53,52,54,-1,53,54,55,-1,55,54,56,-1,55,56,57,-1,57,56,58,-1,57,58,59,-1,60,61,62,-1,60,62,63,-1,63,62,64,-1,63,64,65,-1,65,64,66,-1,65,66,67,-1,67,66,68,-1,67,68,69,-1,69,68,70,-1,69,70,71,-1,72,61,60,-1,73,74,72,-1,60,75,72,-1,72,75,76,-1,72,76,77,-1,77,78,72,-1,72,78,79,-1,72,79,73,-1,80,81,82,-1,80,82,83,-1,83,82,84,-1,83,84,85,-1,85,84,86,-1,85,86,87,-1,87,86,88,-1,87,88,89,-1,89,88,90,-1,89,90,91,-1,91,90,92,-1,92,90,93,-1,92,93,94,-1,95,93,96,-1,96,93,97,-1,95,98,93,-1,93,98,99,-1,93,99,94,-1,97,93,100,-1,97,100,101,-1,101,100,102,-1,101,102,103,-1,103,102,104,-1,103,104,105,-1,105,104,106,-1,105,106,107,-1,107,106,108,-1,107,108,109,-1,110,111,112,-1,110,112,113,-1,113,112,114,-1,113,114,115,-1,115,114,116,-1,115,116,117,-1,117,116,118,-1,117,118,119,-1,119,118,72,-1,119,72,74,-1,59,58,120,-1,59,120,121,-1,121,120,122,-1,121,122,123,-1,123,122,124,-1,123,124,125,-1,125,124,126,-1,125,126,127,-1,127,126,128,-1,127,128,129,-1,129,128,130,-1,129,130,131,-1,132,133,134,-1,132,134,135,-1,135,134,136,-1,135,136,137,-1,137,136,138,-1,137,138,139,-1,139,138,140,-1,139,140,141,-1,141,140,1,-1,141,1,0,-1,31,30,142,-1,31,142,143,-1,143,142,144,-1,143,144,145,-1,145,144,146,-1,145,146,147,-1,147,146,148,-1,147,148,149,-1,149,148,150,-1,149,150,151,-1,152,153,154,-1,152,154,155,-1,155,154,156,-1,155,156,157,-1,157,156,158,-1,157,158,159,-1,159,158,160,-1,159,160,161,-1,161,160,162,-1,161,162,163,-1,163,162,41,-1,163,41,40,-1,164,165,166,-1,164,166,167,-1,167,166,168,-1,167,168,169,-1,169,168,170,-1,169,170,171,-1,171,170,172,-1,171,172,173,-1,173,172,174,-1,173,174,175,-1,175,174,111,-1,175,111,110,-1,71,70,176,-1,71,176,177,-1,177,176,178,-1,177,178,179,-1,179,178,180,-1,179,180,181,-1,181,180,182,-1,181,182,183,-1,183,182,184,-1,183,184,185,-1,109,108,186,-1,109,186,187,-1,187,186,188,-1,187,188,189,-1,189,188,190,-1,189,190,191,-1,191,190,192,-1,191,192,193,-1,193,192,194,-1,193,194,195,-1,195,194,196,-1,195,196,197,-1,198,199,200,-1,198,200,201,-1,201,200,202,-1,201,202,203,-1,203,202,204,-1,203,204,205,-1,205,204,206,-1,205,206,207,-1,207,206,81,-1,207,81,80,-1,97,74,73,-1,97,73,96,-1,96,73,79,-1,96,79,95,-1,95,79,78,-1,95,78,98,-1,98,78,77,-1,98,77,99,-1,99,77,76,-1,99,76,94,-1,94,76,75,-1,94,75,92,-1,17,39,38,-1,17,38,16,-1,16,38,37,-1,16,37,15,-1,15,37,36,-1,15,36,18,-1,18,36,35,-1,18,35,19,-1,19,35,34,-1,19,34,14,-1,14,34,33,-1,14,33,12,-1,208,209,210,-1,208,210,211,-1,211,210,212,-1,211,212,213,-1,213,212,214,-1,213,214,215,-1,215,214,216,-1,215,216,217,-1,217,216,218,-1,217,218,219,-1,219,218,220,-1,219,220,221,-1,208,222,209,-1,209,222,223,-1,224,225,226,-1,226,225,227,-1,226,227,228,-1,228,227,229,-1,228,229,230,-1,230,229,231,-1,230,231,232,-1,232,231,233,-1,232,233,234,-1,234,233,235,-1,234,235,222,-1,222,235,223,-1,236,237,238,-1,236,238,239,-1,239,238,240,-1,239,240,241,-1,241,240,242,-1,241,242,243,-1,243,242,244,-1,243,244,245,-1,245,244,246,-1,245,246,247,-1,247,246,248,-1,247,248,249,-1,249,248,250,-1,249,250,251,-1,224,251,225,-1,225,251,250,-1,252,253,254,-1,252,254,255,-1,255,254,256,-1,255,256,257,-1,257,256,258,-1,257,258,259,-1,259,258,260,-1,259,260,261,-1,261,260,262,-1,261,262,263,-1,263,262,264,-1,263,264,265,-1,266,265,267,-1,267,265,264,-1,266,267,268,-1,268,267,269,-1,268,269,270,-1,270,269,271,-1,270,271,272,-1,272,271,273,-1,272,273,274,-1,274,273,275,-1,274,275,276,-1,276,275,277,-1,276,277,278,-1,278,277,279,-1,280,278,281,-1,281,278,279,-1,280,281,282,-1,280,282,283,-1,283,282,284,-1,283,284,285,-1,285,284,286,-1,285,286,287,-1,287,286,288,-1,287,288,289,-1,289,288,290,-1,289,290,291,-1,291,290,292,-1,291,292,293,-1,293,292,294,-1,293,294,295,-1,296,297,298,-1,296,298,299,-1,299,298,300,-1,299,300,301,-1,301,300,302,-1,301,302,303,-1,303,302,304,-1,303,304,305,-1,305,304,306,-1,305,306,307,-1,307,306,308,-1,307,308,309,-1,296,310,297,-1,297,310,311,-1,312,313,314,-1,314,313,315,-1,314,315,316,-1,316,315,317,-1,316,317,318,-1,318,317,319,-1,318,319,320,-1,320,319,321,-1,320,321,322,-1,322,321,323,-1,322,323,310,-1,310,323,311,-1,324,325,326,-1,324,326,327,-1,327,326,328,-1,327,328,329,-1,329,328,330,-1,329,330,331,-1,331,330,332,-1,331,332,333,-1,333,332,334,-1,333,334,335,-1,335,334,336,-1,335,336,337,-1,337,336,338,-1,337,338,339,-1,312,339,313,-1,313,339,338,-1,340,341,342,-1,340,342,343,-1,343,342,344,-1,343,344,345,-1,345,344,346,-1,345,346,347,-1,347,346,348,-1,347,348,349,-1,349,348,350,-1,349,350,351,-1,351,350,352,-1,351,352,353,-1,354,353,355,-1,355,353,352,-1,354,355,356,-1,356,355,357,-1,356,357,358,-1,358,357,359,-1,358,359,360,-1,360,359,361,-1,360,361,362,-1,362,361,363,-1,362,363,364,-1,364,363,365,-1,364,365,366,-1,366,365,367,-1,368,366,369,-1,369,366,367,-1,368,369,370,-1,368,370,371,-1,371,370,372,-1,371,372,373,-1,373,372,374,-1,373,374,375,-1,375,374,376,-1,375,376,377,-1,377,376,378,-1,377,378,379,-1,379,378,380,-1,379,380,381,-1,381,380,382,-1,381,382,383,-1,
        ]
    }
}