#VRML V2.0 utf8
# 3D model generated by easyeda2kicad.py (https://github.com/uPesy/easyeda2kicad.py)

Shape{
    appearance Appearance {
        material  Material 	{
            diffuseColor 0.25098039215686274 0.25098039215686274 0.25098039215686274
            specularColor 0.12549019607843137 0.12549019607843137 0.12549019607843137
            ambientIntensity 0.251
            transparency 0.0
            shininess 0.5
        }
    }
    geometry IndexedFaceSet {
        ccw TRUE
        solid FALSE
        coord DEF co Coordinate {
            point [
                1.8263 -0.7283 1.7374, 1.8263 -0.7283 1.8637, 1.4266 -0.7283 1.8637, 1.8263 -0.7283 2.2868, 1.4266 -0.7283 2.2868, 1.8263 -0.7283 4.5175, 1.4266 -0.7283 4.5175, 1.1995 -0.7283 1.3904, 1.1958 -0.7283 1.39, 1.2283 -0.7283 1.39, 1.1711 -0.7283 1.3904, 1.1673 -0.7283 1.3917, 1.1673 -0.7283 1.39, 1.333 -0.7283 1.7334, 1.3332 -0.7283 1.7333, 1.3332 -0.7283 1.7374, -1.7193 -0.7283 1.858, -1.7149 -0.7283 1.8637, -1.7858 -0.7283 1.8637, 0.2646 -0.7283 1.5863, 0.2714 -0.7283 1.6017, -0.0187 -0.7283 1.6017, 0.7181 -0.7283 1.7227, 0.7496 -0.7283 1.6863, 0.918 -0.7283 1.7374, 0.7694 -0.7283 1.6478, 0.774 -0.7283 1.6462, 0.4984 -0.7283 1.7494, 0.5422 -0.7283 1.7663, -0.0187 -0.7283 1.8637, 0.5891 -0.7283 1.7721, 0.6285 -0.7283 1.7679, 0.918 -0.7283 1.8637, 0.6761 -0.7283 1.7511, 0.6964 -0.7283 1.7374, 0.479 -0.7283 1.7374, -0.0187 -0.7283 1.7374, 0.4752 -0.7283 1.7351, 0.2797 -0.7283 1.6204, 0.3026 -0.7283 1.6497, 0.3743 -0.7283 1.6906, 0.4117 -0.7283 1.6952, 0.4529 -0.7283 1.716, 0.4226 -0.7283 1.6946, 0.4335 -0.7283 1.6933, 0.309 -0.7283 1.6557, 0.3391 -0.7283 1.677, -0.0187 -0.7283 1.5453, 0.2581 -0.7283 1.5453, 0.2582 -0.7283 1.5506, 0.3274 -0.7283 1.4129, 0.2978 -0.7283 1.4381, -0.0187 -0.7283 1.39, 0.3617 -0.7283 1.3962, 0.2762 -0.7283 1.469, 0.2626 -0.7283 1.5043, 0.258 -0.7283 1.5415, 0.3737 -0.7283 1.3926, 0.3749 -0.7283 1.39, 0.3833 -0.7283 1.3722, -0.0187 -0.7283 1.3371, 0.3974 -0.7283 1.3548, 0.416 -0.7283 1.3408, -0.0187 -0.7283 1.1024, 0.4379 -0.7283 1.3316, 0.4246 -0.7283 1.3371, 0.5031 -0.7283 1.3371, 0.4869 -0.7283 1.3309, 0.918 -0.7283 1.1024, 0.4639 -0.7283 1.328, 0.4603 -0.7283 1.3281, 0.5527 -0.7283 1.39, 0.5526 -0.7283 1.3895, 0.918 -0.7283 1.3371, 0.5414 -0.7283 1.3684, 0.5269 -0.7283 1.3522, 0.508 -0.7283 1.339, 0.804 -0.7283 1.531, 0.8005 -0.7283 1.5453, 0.6666 -0.7283 1.5453, 0.6739 -0.7283 1.446, 0.6804 -0.7283 1.4485, 0.6916 -0.7283 1.5026, 0.6681 -0.7283 1.4418, 0.8282 -0.7283 1.4334, 0.8024 -0.7283 1.4115, 0.918 -0.7283 1.39, 0.8471 -0.7283 1.4596, 0.6878 -0.7283 1.4495, 0.6887 -0.7283 1.4494, 0.6915 -0.7283 1.4488, 0.859 -0.7283 1.5545, 0.8603 -0.7283 1.5453, 0.918 -0.7283 1.5453, 0.8633 -0.7283 1.5235, 0.859 -0.7283 1.4897, 0.7852 -0.7283 1.4723, 0.7956 -0.7283 1.4871, 0.8022 -0.7283 1.504, 0.8045 -0.7283 1.5226, 0.6584 -0.7283 1.4201, 0.6586 -0.7283 1.4238, 0.5587 -0.7283 1.4324, 0.6605 -0.7283 1.431, 0.6642 -0.7283 1.4375, 0.6805 -0.7283 1.3915, 0.6743 -0.7283 1.394, 0.6681 -0.7283 1.3984, 0.6659 -0.7283 1.4006, 0.6618 -0.7283 1.4066, 0.6593 -0.7283 1.413, 0.5582 -0.7283 1.4129, 0.5587 -0.7283 1.4229, 0.6935 -0.7283 1.4485, 0.7362 -0.7283 1.4485, 0.7533 -0.7283 1.4518, 0.7735 -0.7283 1.3973, 0.7419 -0.7283 1.3907, 0.6859 -0.7283 1.3907, 0.77 -0.7283 1.4596, 0.784 -0.7283 1.4711, 0.7217 -0.7283 1.6017, 0.6622 -0.7283 1.5529, 0.7229 -0.7283 1.5966, 0.3386 -0.7283 1.6017, 0.3287 -0.7283 1.5876, 0.6475 -0.7283 1.5453, 0.3206 -0.7283 1.5664, 0.318 -0.7283 1.5453, 0.7798 -0.7283 1.5776, 0.7651 -0.7283 1.5879, 0.7995 -0.7283 1.5492, 0.7907 -0.7283 1.5656, 0.7486 -0.7283 1.5943, 0.7305 -0.7283 1.5966, 0.535 -0.7283 1.4865, 0.5184 -0.7283 1.5016, 0.4983 -0.7283 1.5124, 0.3257 -0.7283 1.5055, 0.337 -0.7283 1.4864, 0.3851 -0.7283 1.4765, 0.354 -0.7283 1.4689, 0.3747 -0.7283 1.4561, 0.4202 -0.7283 1.5079, 0.4008 -0.7283 1.4944, 0.3177 -0.7283 1.5434, 0.3189 -0.7283 1.5287, 0.4412 -0.7283 1.516, 0.4639 -0.7283 1.5188, 0.4754 -0.7283 1.5181, 0.7024 -0.7283 1.6537, 0.6809 -0.7283 1.6792, 0.4629 -0.7283 1.6241, 0.6787 -0.7283 1.6813, 0.652 -0.7283 1.6998, 0.4774 -0.7283 1.6541, 0.4563 -0.7283 1.6277, 0.717 -0.7283 1.6231, 0.435 -0.7283 1.6355, 0.4126 -0.7283 1.6383, 0.4026 -0.7283 1.6378, 0.4987 -0.7283 1.6795, 0.6223 -0.7283 1.7112, 0.5241 -0.7283 1.6981, 0.59 -0.7283 1.7152, 0.5551 -0.7283 1.7107, 0.3792 -0.7283 1.6322, 0.3581 -0.7283 1.6209, 0.3419 -0.7283 1.6065, 0.8473 -0.7283 1.5835, 0.918 -0.7283 1.6017, 0.8022 -0.7283 1.6322, 0.828 -0.7283 1.6105, 0.8343 -0.7283 1.6017, 1.0437 -0.7283 1.39, 1.0437 -0.7283 1.3911, 0.9726 -0.7283 1.3911, 1.0413 -0.7283 1.5246, 1.0437 -0.7283 1.5453, 0.9726 -0.7283 1.5246, 0.9898 -0.7283 1.4512, 0.9898 -0.7283 1.4063, 1.0376 -0.7283 1.4512, 1.0437 -0.7283 1.4063, 1.0376 -0.7283 1.4665, 1.0413 -0.7283 1.5092, 0.9898 -0.7283 1.4665, 0.9898 -0.7283 1.5092, 1.0464 -0.7283 1.5453, 1.0444 -0.7283 1.4063, 1.0444 -0.7283 1.3911, 1.0464 -0.7283 1.39, 1.4755 -0.7283 1.6393, 1.4266 -0.7283 1.6393, 1.4891 -0.7283 1.6028, 1.4266 -0.7283 1.6017, 1.5082 -0.7283 1.6028, 1.8263 -0.7283 1.6017, 1.4573 -0.7283 1.7363, 1.4266 -0.7283 1.7374, 1.42 -0.7283 1.6393, 1.4071 -0.7283 1.6028, 1.3844 -0.7283 1.6017, 1.3881 -0.7283 1.6028, 1.3844 -0.7283 1.7374, 1.4266 -0.7283 1.7038, 1.4389 -0.7283 1.7363, 1.2283 -0.7283 1.6629, 1.1923 -0.7283 1.6629, 1.2283 -0.7283 1.618, 1.1923 -0.7283 1.618, 1.2594 -0.7283 1.7374, 1.2283 -0.7283 1.7374, 1.2438 -0.7283 1.7363, 1.2283 -0.7283 1.7363, 1.24 -0.7283 1.6629, 1.2468 -0.7283 1.618, 1.24 -0.7283 1.6782, 1.2438 -0.7283 1.7209, 1.2283 -0.7283 1.6782, 1.2283 -0.7283 1.7209, 1.1923 -0.7283 1.7209, 1.1923 -0.7283 1.6782, 1.2594 -0.7283 1.6017, 1.2468 -0.7283 1.6028, 1.2283 -0.7283 1.6017, 1.2283 -0.7283 1.6028, 1.1751 -0.7283 1.6028, 1.1751 -0.7283 1.7363, 1.1673 -0.7283 1.7374, 1.1673 -0.7283 1.6017, 1.154 -0.7283 1.6017, 1.154 -0.7283 1.7374, 1.1483 -0.7283 1.7151, 1.1483 -0.7283 1.7331, 1.1483 -0.7283 1.6249, 1.1483 -0.7283 1.6084, 1.1461 -0.7283 1.6072, 1.1317 -0.7283 1.6025, 1.1232 -0.7283 1.6017, 1.1452 -0.7283 1.7167, 1.1315 -0.7283 1.7214, 1.1215 -0.7283 1.6163, 1.1364 -0.7283 1.6193, 1.0665 -0.7283 1.6665, 1.0665 -0.7283 1.6681, 1.1169 -0.7283 1.723, 1.112 -0.7283 1.7228, 1.1003 -0.7283 1.7206, 1.0782 -0.7283 1.7054, 1.0721 -0.7283 1.6958, 1.068 -0.7283 1.6836, 1.0687 -0.7283 1.6502, 1.0729 -0.7283 1.6394, 1.0796 -0.7283 1.63, 1.0913 -0.7283 1.621, 1.1009 -0.7283 1.6174, 1.1139 -0.7283 1.6159, 1.0898 -0.7283 1.7158, 1.0805 -0.7283 1.7082, 1.0825 -0.7283 1.6271, 1.1074 -0.7283 1.7374, 1.1167 -0.7283 1.7385, 1.154 -0.7283 1.8637, 1.1188 -0.7283 1.7385, 1.1301 -0.7283 1.7374, 1.1359 -0.7283 1.7368, 1.0881 -0.7283 1.6042, 1.0756 -0.7283 1.6103, 1.0464 -0.7283 1.6017, 1.0523 -0.7283 1.6933, 1.059 -0.7283 1.7079, 1.0464 -0.7283 1.7374, 1.0656 -0.7283 1.6188, 1.0643 -0.7283 1.6201, 1.0564 -0.7283 1.6316, 1.0677 -0.7283 1.7189, 1.0707 -0.7283 1.7218, 1.0836 -0.7283 1.7308, 1.051 -0.7283 1.6455, 1.0484 -0.7283 1.667, 1.0489 -0.7283 1.6763, 1.1024 -0.7283 1.6011, 1.0994 -0.7283 1.6017, 1.1114 -0.7283 1.6006, 1.154 -0.7283 1.5453, -0.8256 -0.7283 1.8637, -1.382 -0.7283 1.858, -1.3625 -0.7283 1.8111, -0.8256 -0.7283 1.7374, -0.8256 -0.7283 2.2868, -1.4129 -0.7283 1.8984, -1.3864 -0.7283 1.8637, -1.648 -0.7283 1.9293, -1.601 -0.7283 1.9488, -1.7858 -0.7283 2.2868, -1.6883 -0.7283 1.8984, -1.5506 -0.7283 1.9554, -1.5002 -0.7283 1.9488, -1.4533 -0.7283 1.9293, -1.7858 -0.7283 1.7374, -1.7423 -0.7283 1.7374, -1.7454 -0.7283 1.7607, -1.7387 -0.7283 1.8111, -1.7858 -0.7283 1.6017, -1.6883 -0.7283 1.623, -1.7193 -0.7283 1.6633, -1.7387 -0.7283 1.7103, -1.5506 -0.7283 1.5659, -1.601 -0.7283 1.5726, -1.7858 -0.7283 1.5453, -1.648 -0.7283 1.592, -1.6606 -0.7283 1.6017, -1.382 -0.7283 1.6633, -1.4129 -0.7283 1.623, -0.8256 -0.7283 1.6017, -1.4407 -0.7283 1.6017, -0.8256 -0.7283 1.5453, -1.4533 -0.7283 1.592, -1.5002 -0.7283 1.5726, -1.3559 -0.7283 1.7607, -1.359 -0.7283 1.7374, -1.3625 -0.7283 1.7103, 0.918 -0.7283 4.5175, 0.1476 -0.7283 3.1691, 0.2088 -0.7283 3.1222, 0.2852 -0.7283 2.837, 0.2557 -0.7283 2.7658, 0.918 -0.7283 2.2868, 0.2088 -0.7283 2.7046, -0.0187 -0.7283 4.5175, 0.0 -0.7283 3.2087, 0.0764 -0.7283 3.1986, 0.1476 -0.7283 2.6577, 0.0764 -0.7283 2.6282, -0.0187 -0.7283 2.2868, 0.0 -0.7283 2.6181, -0.0187 -0.7283 2.6206, 0.2557 -0.7283 3.061, 0.2852 -0.7283 2.9898, 0.2953 -0.7283 2.9134, -0.0764 -0.7283 2.6282, -0.1476 -0.7283 2.6577, -0.2088 -0.7283 2.7046, -0.2557 -0.7283 2.7658, -0.8256 -0.7283 4.5175, -0.2557 -0.7283 3.061, -0.2088 -0.7283 3.1222, -0.1476 -0.7283 3.1691, -0.0764 -0.7283 3.1986, -0.0187 -0.7283 3.2062, -0.2852 -0.7283 2.837, -0.2953 -0.7283 2.9134, -0.2852 -0.7283 2.9898, 1.3654 -0.7283 1.7139, 1.3736 -0.7283 1.7022, 1.3765 -0.7283 1.6456, 1.3696 -0.7283 1.632, 1.3606 -0.7283 1.7186, 1.3332 -0.7283 1.6063, 1.3332 -0.7283 1.6017, 1.3464 -0.7283 1.6114, 1.3606 -0.7283 1.6215, 1.3488 -0.7283 1.727, 1.3785 -0.7283 1.6895, 1.3807 -0.7283 1.6713, 1.3801 -0.7283 1.661, 1.3101 -0.7283 1.7363, 1.3129 -0.7283 1.7362, 1.3312 -0.7283 1.6055, 1.3087 -0.7283 1.6028, 1.272 -0.7283 1.6028, 1.272 -0.7283 1.7363, 1.0806 -0.7283 1.39, 1.0742 -0.7283 1.3925, 1.0697 -0.7283 1.4635, 1.0697 -0.7283 1.4798, 1.154 -0.7283 1.39, 1.137 -0.7283 1.3911, 1.1202 -0.7283 1.3911, 1.1119 -0.7283 1.3962, 1.106 -0.7283 1.3923, 1.0997 -0.7283 1.39, 1.0632 -0.7283 1.4034, 1.0612 -0.7283 1.4091, 1.1354 -0.7283 1.4661, 1.137 -0.7283 1.4525, 1.0686 -0.7283 1.3964, 1.0667 -0.7283 1.3983, 1.0668 -0.7283 1.4362, 1.0718 -0.7283 1.4407, 1.0786 -0.7283 1.4444, 1.0808 -0.7283 1.4705, 1.092 -0.7283 1.4478, 1.1066 -0.7283 1.4745, 1.1009 -0.7283 1.475, 1.0912 -0.7283 1.4741, 1.0604 -0.7283 1.4166, 1.0612 -0.7283 1.4247, 1.0633 -0.7283 1.4308, 1.1199 -0.7283 1.4855, 1.1254 -0.7283 1.4823, 1.1202 -0.7283 1.4059, 1.1198 -0.7283 1.4059, 1.1172 -0.7283 1.4019, 1.1129 -0.7283 1.4876, 1.1292 -0.7283 1.4786, 1.1327 -0.7283 1.4734, 1.1202 -0.7283 1.4517, 1.1197 -0.7283 1.4591, 1.1179 -0.7283 1.4651, 1.116 -0.7283 1.4685, 1.1134 -0.7283 1.4712, 1.1105 -0.7283 1.4731, 1.075 -0.7283 1.4827, 1.0878 -0.7283 1.4871, 1.1025 -0.7283 1.4886, 1.0992 -0.7283 1.3898, 1.154 -0.7283 1.3371, 1.0464 -0.7283 1.3371, 1.0906 -0.7283 1.3889, 1.0809 -0.7283 1.39, 1.1596 -0.7283 1.3945, 1.1596 -0.7283 1.4117, 1.1597 -0.7283 1.4607, 1.1604 -0.7283 1.4667, 1.1623 -0.7283 1.4491, 1.1604 -0.7283 1.4542, 1.1673 -0.7283 1.4073, 1.1673 -0.7283 1.4427, 1.1652 -0.7283 1.4082, 1.1672 -0.7283 1.4428, 1.1644 -0.7283 1.4456, 1.1673 -0.7283 1.3371, 1.1855 -0.7283 1.3889, 1.1749 -0.7283 1.39, 1.2283 -0.7283 1.3371, 1.2283 -0.7283 1.5453, 1.2194 -0.7283 1.4844, 1.2194 -0.7283 1.4682, 1.2184 -0.7283 1.4328, 1.2215 -0.7283 1.4282, 1.1704 -0.7283 1.481, 1.1748 -0.7283 1.4837, 1.1673 -0.7283 1.5453, 1.2211 -0.7283 1.405, 1.218 -0.7283 1.4006, 1.1624 -0.7283 1.4721, 1.1655 -0.7283 1.4766, 1.1673 -0.7283 1.4783, 1.2233 -0.7283 1.4233, 1.224 -0.7283 1.4171, 1.2232 -0.7283 1.4103, 1.1838 -0.7283 1.4871, 1.1968 -0.7283 1.4886, 1.2072 -0.7283 1.4878, 1.2132 -0.7283 1.3964, 1.2085 -0.7283 1.3936, 1.1952 -0.7283 1.475, 1.1902 -0.7283 1.4747, 1.1769 -0.7283 1.4622, 1.1858 -0.7283 1.4735, 1.182 -0.7283 1.4715, 1.1771 -0.7283 1.46, 1.1778 -0.7283 1.4574, 1.179 -0.7283 1.4551, 1.1806 -0.7283 1.4534, 1.1865 -0.7283 1.4497, 1.2071 -0.7283 1.4736, 1.1968 -0.7283 1.4452, 1.2165 -0.7283 1.4698, 1.2033 -0.7283 1.4425, 1.2144 -0.7283 1.4364, 1.1795 -0.7283 1.4693, 1.1781 -0.7283 1.4671, 1.1772 -0.7283 1.4649, 1.1756 -0.7283 1.404, 1.185 -0.7283 1.433, 1.1751 -0.7283 1.4376, 1.1871 -0.7283 1.4025, 1.1878 -0.7283 1.4025, 1.196 -0.7283 1.4284, 1.1964 -0.7283 1.4035, 1.2068 -0.7283 1.4154, 1.2067 -0.7283 1.4175, 1.2007 -0.7283 1.4051, 1.2022 -0.7283 1.406, 1.2042 -0.7283 1.4077, 1.2056 -0.7283 1.4099, 1.2065 -0.7283 1.4122, 1.2059 -0.7283 1.4201, 1.2046 -0.7283 1.4223, 1.2025 -0.7283 1.4245, 1.2861 -0.7283 1.39, 1.3332 -0.7283 1.39, 1.3242 -0.7283 1.4864, 1.3332 -0.7283 1.5453, 1.3068 -0.7283 1.4864, 1.2763 -0.7283 1.4148, 1.2783 -0.7283 1.407, 1.2788 -0.7283 1.407, 1.2594 -0.7283 1.5453, 1.2594 -0.7283 1.4632, 1.2808 -0.7283 1.4147, 1.2795 -0.7283 1.4102, 1.2594 -0.7283 1.4184, 1.2327 -0.7283 1.4864, 1.2514 -0.7283 1.4864, 1.2695 -0.7283 1.39, 1.2701 -0.7283 1.3913, 1.2594 -0.7283 1.368, 1.2595 -0.7283 1.368, 1.2594 -0.7283 1.39, 1.2627 -0.7283 1.374, 1.2361 -0.7283 1.3625, 1.2361 -0.7283 1.3476, 1.2395 -0.7283 1.3614, 1.2456 -0.7283 1.3606, 1.2496 -0.7283 1.361, 1.2594 -0.7283 1.3492, 1.2537 -0.7283 1.347, 1.2594 -0.7283 1.3371, 1.2469 -0.7283 1.3462, 1.2432 -0.7283 1.3464, 1.2533 -0.7283 1.3624, 1.2563 -0.7283 1.3645, 1.2809 -0.7283 1.3767, 1.2733 -0.7283 1.362, 1.3332 -0.7283 1.3371, 1.2672 -0.7283 1.3547, 1.2661 -0.7283 1.3536, 1.2602 -0.7283 1.3495, 1.3844 -0.7283 1.4512, 1.3594 -0.7283 1.4512, 1.3844 -0.7283 1.4063, 1.3594 -0.7283 1.4063, 1.4071 -0.7283 1.4512, 1.414 -0.7283 1.4063, 1.4071 -0.7283 1.4665, 1.4109 -0.7283 1.5092, 1.3844 -0.7283 1.4665, 1.3844 -0.7283 1.5092, 1.3594 -0.7283 1.5092, 1.3594 -0.7283 1.4665, 1.4109 -0.7283 1.5246, 1.4266 -0.7283 1.5453, 1.4266 -0.7283 1.39, 1.414 -0.7283 1.3911, 1.3844 -0.7283 1.39, 1.3844 -0.7283 1.3911, 1.3422 -0.7283 1.3911, 1.3844 -0.7283 1.5246, 1.3844 -0.7283 1.5453, 1.3422 -0.7283 1.5246, 1.3844 -0.7283 4.5175, 1.3844 -0.7283 2.2868, 1.3332 -0.7283 4.5175, 1.3332 -0.7283 2.2868, 1.2594 -0.7283 4.5175, 1.2594 -0.7283 2.2868, 1.2283 -0.7283 4.5175, 1.2283 -0.7283 2.2868, 1.1673 -0.7283 4.5175, 1.1673 -0.7283 2.2868, -1.7858 -0.7283 4.5175, 1.3844 -0.7283 1.8637, 1.3332 -0.7283 1.8637, 1.2594 -0.7283 1.8637, 1.2283 -0.7283 1.8637, 1.1673 -0.7283 1.8637, 1.154 -0.7283 4.5175, 1.0464 -0.7283 4.5175, 1.154 -0.7283 2.2868, 1.0464 -0.7283 2.2868, 1.0464 -0.7283 1.8637, 1.0976 -0.7283 1.7362, 1.0437 -0.7283 4.5175, 1.0437 -0.7283 2.2868, 1.0437 -0.7283 1.8637, 1.0437 -0.7283 1.7374, 1.0437 -0.7283 1.6017, 1.043 -0.7283 1.618, 1.043 -0.7283 1.6028, 0.9726 -0.7283 1.6028, 0.9898 -0.7283 1.618, 0.9898 -0.7283 1.7363, 0.9726 -0.7283 1.7363, 1.6563 -0.7283 1.3911, 1.6426 -0.7283 1.4276, 1.5871 -0.7283 1.4276, 1.8263 -0.7283 1.39, 1.8263 -0.7283 1.5453, 1.6245 -0.7283 1.5246, 1.5472 -0.7283 1.4493, 1.5437 -0.7283 1.4339, 1.5552 -0.7283 1.3911, 1.5367 -0.7283 1.4203, 1.5277 -0.7283 1.4098, 1.606 -0.7283 1.5246, 1.5478 -0.7283 1.4596, 1.5456 -0.7283 1.4778, 1.5136 -0.7283 1.3997, 1.4983 -0.7283 1.3938, 1.4759 -0.7283 1.3911, 1.5277 -0.7283 1.5069, 1.5325 -0.7283 1.5022, 1.5407 -0.7283 1.4905, 1.5742 -0.7283 1.3911, 1.6753 -0.7283 1.3911, 1.4772 -0.7283 1.5246, 1.48 -0.7283 1.5245, 1.5001 -0.7283 1.5217, 1.5159 -0.7283 1.5153, 1.4392 -0.7283 1.3911, 1.4392 -0.7283 1.5246, 1.3844 -0.7283 1.3371, 1.4266 -0.7283 1.3371, 1.8263 -0.7283 1.3371, 1.0437 -0.7283 1.3371, 1.0437 -0.7283 1.1024, 1.0464 -0.7283 1.1024, 1.154 -0.7283 1.1024, 1.1673 -0.7283 1.1024, 1.2283 -0.7283 1.1024, 1.2594 -0.7283 1.1024, 1.3332 -0.7283 1.1024, 1.3844 -0.7283 1.1024, 1.4266 -0.7283 1.1024, 1.8263 -0.7283 1.1024, -0.8256 -0.7283 1.39, -0.8256 -0.7283 1.3371, -0.8256 -0.7283 1.1024, -1.7858 -0.7283 1.39, -1.7858 -0.7283 1.3371, -1.7858 -0.7283 1.1024, -1.8263 -0.7283 4.5175, -1.8263 -0.7283 2.2868, -1.8263 -0.7283 1.8637, -1.8263 -0.7283 1.7374, -1.8263 -0.7283 1.6017, -1.8263 -0.7283 1.5453, -1.8263 -0.7283 1.39, -1.8263 -0.7283 1.3371, -1.8263 -0.7283 1.1024
            ]
        }
        coordIndex [
            0,1,2,-1,1,3,4,-1,3,5,6,-1,7,8,9,-1,10,11,12,-1,13,14,15,-1,16,17,18,-1,19,20,21,-1,22,23,24,-1,24,23,25,-1,24,25,26,-1,27,28,29,-1,30,31,32,-1,32,31,33,-1,32,33,24,-1,24,33,34,-1,24,34,22,-1,27,29,35,-1,35,29,36,-1,35,36,37,-1,21,20,36,-1,36,20,38,-1,36,38,39,-1,36,40,37,-1,37,40,41,-1,37,41,42,-1,42,41,43,-1,42,43,44,-1,39,45,36,-1,36,45,46,-1,36,46,40,-1,47,48,21,-1,21,48,49,-1,21,49,19,-1,50,51,52,-1,50,52,53,-1,51,54,52,-1,52,54,55,-1,52,55,47,-1,47,55,56,-1,47,56,48,-1,57,53,58,-1,58,53,52,-1,58,52,59,-1,59,52,60,-1,59,60,61,-1,61,60,62,-1,63,64,60,-1,60,64,65,-1,60,65,62,-1,66,67,68,-1,68,67,69,-1,68,69,63,-1,63,69,70,-1,63,70,64,-1,71,72,73,-1,73,72,74,-1,74,75,73,-1,73,75,76,-1,73,76,66,-1,77,78,79,-1,80,81,82,-1,80,82,83,-1,84,85,86,-1,84,86,87,-1,81,88,82,-1,82,88,89,-1,82,89,90,-1,91,92,93,-1,93,92,94,-1,93,94,86,-1,86,94,95,-1,86,95,87,-1,96,97,82,-1,82,97,98,-1,82,98,79,-1,79,98,99,-1,79,99,77,-1,100,101,102,-1,102,101,103,-1,102,103,82,-1,82,103,104,-1,82,104,83,-1,105,106,71,-1,71,106,107,-1,71,107,108,-1,108,109,71,-1,71,109,110,-1,71,110,111,-1,111,110,100,-1,111,100,112,-1,112,100,102,-1,90,113,82,-1,82,113,114,-1,82,114,115,-1,85,116,86,-1,86,116,117,-1,86,117,71,-1,71,117,118,-1,71,118,105,-1,115,119,82,-1,82,119,120,-1,82,120,96,-1,121,122,123,-1,123,122,79,-1,124,125,126,-1,126,125,127,-1,126,127,128,-1,79,129,130,-1,78,131,79,-1,79,131,132,-1,79,132,129,-1,130,133,79,-1,79,133,134,-1,79,134,123,-1,135,126,136,-1,136,126,137,-1,138,139,140,-1,140,139,141,-1,140,141,142,-1,143,128,144,-1,144,128,145,-1,144,145,140,-1,140,145,146,-1,140,146,138,-1,143,147,128,-1,128,147,148,-1,128,148,126,-1,126,148,149,-1,126,149,137,-1,150,151,152,-1,151,153,152,-1,152,153,154,-1,152,154,155,-1,124,152,156,-1,126,122,124,-1,124,122,121,-1,124,121,152,-1,152,121,157,-1,152,157,150,-1,156,158,124,-1,124,158,159,-1,124,159,160,-1,155,154,161,-1,161,154,162,-1,161,162,163,-1,163,162,164,-1,163,164,165,-1,166,167,160,-1,160,167,168,-1,160,168,124,-1,169,91,170,-1,26,171,24,-1,24,171,172,-1,24,172,170,-1,170,172,173,-1,170,173,169,-1,174,175,176,-1,177,178,179,-1,179,178,93,-1,179,93,176,-1,176,93,86,-1,176,86,174,-1,180,181,182,-1,182,181,183,-1,182,183,184,-1,184,183,185,-1,184,185,186,-1,186,185,187,-1,177,185,178,-1,178,185,183,-1,178,183,188,-1,188,183,189,-1,175,174,190,-1,190,174,191,-1,190,191,189,-1,192,193,194,-1,194,193,195,-1,194,195,196,-1,197,0,198,-1,198,0,199,-1,193,200,195,-1,195,200,201,-1,195,201,202,-1,202,201,203,-1,202,203,204,-1,204,203,205,-1,204,205,199,-1,199,205,206,-1,199,206,198,-1,207,208,209,-1,209,208,210,-1,211,212,213,-1,213,212,214,-1,207,209,215,-1,215,209,216,-1,215,216,217,-1,217,216,218,-1,217,218,219,-1,218,220,219,-1,219,220,221,-1,219,221,222,-1,213,218,211,-1,211,218,216,-1,211,216,223,-1,223,216,224,-1,223,224,225,-1,225,224,226,-1,225,226,227,-1,214,212,228,-1,228,212,229,-1,228,229,227,-1,227,229,230,-1,227,230,225,-1,231,232,233,-1,233,232,234,-1,235,236,231,-1,236,237,231,-1,231,237,238,-1,231,238,239,-1,231,233,235,-1,235,233,240,-1,235,240,241,-1,242,243,244,-1,244,243,235,-1,244,235,245,-1,241,246,235,-1,235,246,247,-1,235,247,248,-1,249,250,235,-1,235,250,251,-1,235,251,245,-1,252,253,254,-1,255,256,244,-1,244,256,257,-1,244,257,242,-1,248,258,235,-1,235,258,259,-1,235,259,249,-1,252,254,244,-1,244,254,260,-1,244,260,255,-1,261,262,263,-1,262,264,263,-1,263,264,265,-1,263,265,232,-1,232,265,266,-1,232,266,234,-1,267,268,269,-1,270,271,272,-1,268,273,269,-1,269,273,274,-1,269,274,275,-1,271,276,272,-1,272,276,277,-1,272,277,278,-1,275,279,269,-1,269,279,280,-1,269,280,272,-1,272,280,281,-1,272,281,270,-1,188,282,283,-1,282,188,284,-1,284,188,285,-1,284,285,239,-1,286,287,288,-1,286,288,289,-1,290,291,286,-1,286,291,292,-1,286,292,287,-1,293,294,295,-1,18,17,295,-1,295,17,296,-1,295,296,293,-1,297,298,290,-1,290,298,299,-1,290,299,291,-1,300,301,302,-1,300,302,18,-1,18,302,303,-1,18,303,16,-1,304,305,306,-1,304,306,300,-1,300,306,307,-1,300,307,301,-1,308,309,310,-1,310,309,311,-1,310,311,304,-1,304,311,312,-1,304,312,305,-1,313,314,315,-1,315,314,316,-1,315,316,317,-1,317,316,318,-1,317,318,319,-1,288,320,289,-1,289,320,321,-1,289,321,315,-1,315,321,322,-1,315,322,313,-1,323,324,325,-1,326,327,328,-1,328,327,329,-1,330,331,323,-1,323,331,332,-1,323,332,324,-1,333,334,335,-1,335,334,336,-1,335,336,337,-1,325,338,323,-1,323,338,339,-1,323,339,328,-1,328,339,340,-1,328,340,326,-1,341,342,290,-1,290,342,343,-1,290,343,344,-1,345,346,347,-1,347,348,345,-1,345,348,349,-1,345,349,330,-1,330,349,350,-1,330,350,331,-1,344,351,290,-1,290,351,352,-1,290,352,345,-1,345,352,353,-1,345,353,346,-1,354,355,204,-1,202,356,357,-1,354,204,358,-1,359,360,361,-1,361,360,202,-1,361,202,362,-1,362,202,357,-1,15,14,204,-1,204,14,363,-1,204,363,358,-1,355,364,204,-1,204,364,365,-1,204,365,202,-1,202,365,366,-1,202,366,356,-1,211,367,15,-1,15,367,368,-1,15,368,13,-1,359,369,360,-1,360,369,370,-1,360,370,223,-1,223,370,371,-1,223,371,211,-1,211,371,372,-1,211,372,367,-1,373,374,191,-1,189,191,188,-1,188,191,375,-1,188,375,376,-1,377,378,379,-1,380,381,379,-1,379,381,382,-1,379,382,377,-1,191,383,384,-1,285,385,386,-1,374,387,191,-1,191,387,388,-1,191,388,383,-1,389,390,375,-1,375,390,391,-1,375,391,392,-1,392,391,393,-1,394,395,393,-1,393,395,396,-1,393,396,392,-1,384,397,191,-1,191,397,398,-1,191,398,375,-1,375,398,399,-1,375,399,389,-1,400,401,285,-1,402,403,379,-1,379,403,404,-1,379,404,380,-1,400,285,405,-1,401,406,285,-1,285,406,407,-1,285,407,385,-1,408,409,393,-1,393,409,410,-1,393,410,411,-1,411,412,393,-1,393,412,413,-1,393,413,394,-1,376,414,188,-1,188,414,415,-1,188,415,285,-1,285,415,416,-1,285,416,405,-1,382,417,418,-1,418,417,419,-1,419,417,420,-1,419,420,421,-1,12,11,377,-1,377,11,422,-1,377,422,423,-1,424,425,285,-1,426,427,423,-1,427,424,423,-1,423,424,285,-1,423,285,377,-1,377,285,386,-1,377,386,378,-1,428,429,430,-1,430,429,431,-1,430,431,423,-1,423,431,432,-1,423,432,426,-1,433,434,435,-1,434,433,8,-1,8,433,436,-1,8,436,9,-1,437,438,439,-1,440,441,439,-1,442,443,444,-1,9,445,446,-1,425,447,285,-1,285,447,448,-1,285,448,444,-1,444,448,449,-1,444,449,442,-1,450,451,9,-1,9,451,452,-1,9,452,445,-1,443,453,444,-1,444,453,454,-1,444,454,437,-1,437,454,455,-1,437,455,438,-1,446,456,9,-1,9,456,457,-1,9,457,7,-1,458,459,460,-1,460,459,461,-1,460,461,462,-1,460,463,458,-1,458,463,464,-1,458,464,465,-1,465,466,458,-1,458,466,467,-1,458,467,468,-1,468,467,469,-1,468,469,470,-1,470,469,471,-1,470,471,439,-1,439,471,472,-1,439,472,440,-1,473,474,462,-1,462,474,475,-1,462,475,460,-1,476,477,428,-1,428,477,478,-1,428,478,429,-1,476,479,477,-1,477,479,480,-1,477,480,481,-1,481,480,482,-1,481,483,484,-1,482,485,481,-1,481,485,486,-1,481,486,487,-1,487,488,481,-1,481,488,489,-1,481,489,483,-1,484,490,481,-1,481,490,491,-1,481,491,492,-1,493,494,495,-1,495,494,496,-1,495,496,497,-1,498,499,500,-1,496,501,497,-1,497,501,502,-1,497,502,503,-1,503,502,498,-1,503,498,504,-1,504,498,500,-1,505,506,9,-1,441,450,439,-1,439,450,9,-1,439,9,437,-1,437,9,506,-1,437,506,501,-1,501,506,507,-1,501,507,502,-1,508,509,505,-1,510,511,512,-1,512,511,513,-1,512,513,508,-1,508,505,512,-1,512,505,9,-1,512,9,514,-1,514,9,436,-1,514,436,515,-1,514,516,512,-1,512,516,517,-1,512,517,518,-1,519,520,521,-1,521,520,522,-1,521,522,436,-1,436,522,523,-1,436,523,515,-1,518,524,512,-1,512,524,525,-1,512,525,510,-1,526,527,528,-1,526,528,493,-1,527,529,528,-1,528,529,530,-1,528,530,521,-1,521,530,531,-1,521,531,519,-1,532,533,534,-1,534,533,535,-1,532,534,536,-1,536,534,537,-1,536,537,538,-1,538,537,539,-1,538,539,540,-1,539,541,540,-1,540,541,542,-1,540,542,543,-1,544,539,545,-1,545,539,537,-1,545,537,546,-1,546,537,547,-1,546,547,548,-1,548,547,549,-1,548,549,550,-1,544,545,551,-1,551,545,552,-1,551,552,553,-1,553,552,496,-1,553,496,550,-1,550,496,494,-1,550,494,548,-1,3,6,4,-1,4,6,554,-1,4,554,555,-1,555,554,556,-1,555,556,557,-1,557,556,558,-1,557,558,559,-1,559,558,560,-1,559,560,561,-1,561,560,562,-1,561,562,563,-1,345,564,290,-1,290,564,295,-1,290,295,297,-1,297,295,294,-1,1,4,2,-1,2,4,555,-1,2,555,565,-1,565,555,557,-1,565,557,566,-1,566,557,559,-1,566,559,567,-1,567,559,561,-1,567,561,568,-1,568,561,563,-1,568,563,569,-1,570,571,572,-1,572,571,573,-1,572,573,263,-1,263,573,574,-1,263,574,261,-1,261,574,272,-1,261,272,575,-1,575,272,278,-1,329,333,328,-1,328,333,335,-1,328,335,32,-1,32,335,29,-1,32,29,30,-1,30,29,28,-1,0,2,199,-1,199,2,565,-1,199,565,204,-1,204,565,566,-1,204,566,15,-1,15,566,567,-1,15,567,211,-1,211,567,568,-1,211,568,212,-1,212,568,569,-1,212,569,229,-1,576,323,577,-1,577,323,328,-1,577,328,578,-1,578,328,32,-1,578,32,579,-1,579,32,24,-1,562,570,563,-1,563,570,572,-1,563,572,569,-1,569,572,263,-1,569,263,229,-1,229,263,232,-1,229,232,230,-1,230,232,231,-1,571,576,573,-1,573,576,577,-1,573,577,574,-1,574,577,578,-1,574,578,272,-1,272,578,579,-1,272,579,269,-1,269,579,580,-1,579,581,580,-1,580,581,582,-1,580,582,583,-1,584,581,585,-1,585,581,579,-1,585,579,586,-1,586,579,24,-1,586,24,583,-1,583,24,170,-1,583,170,580,-1,239,285,231,-1,231,285,444,-1,231,444,230,-1,230,444,437,-1,230,437,225,-1,225,437,501,-1,225,501,223,-1,223,501,496,-1,223,496,360,-1,360,496,552,-1,360,552,202,-1,202,552,545,-1,202,545,195,-1,91,93,170,-1,170,93,178,-1,170,178,580,-1,580,178,188,-1,580,188,269,-1,269,188,283,-1,269,283,267,-1,587,588,589,-1,590,591,592,-1,593,594,595,-1,595,594,596,-1,595,596,597,-1,198,196,197,-1,197,196,195,-1,197,195,591,-1,591,195,545,-1,591,545,592,-1,592,545,598,-1,593,595,599,-1,599,595,598,-1,599,598,600,-1,597,601,595,-1,595,601,602,-1,595,602,603,-1,604,605,598,-1,598,605,606,-1,598,606,600,-1,589,607,587,-1,587,607,590,-1,587,590,608,-1,608,590,592,-1,609,610,545,-1,545,610,611,-1,545,611,598,-1,598,611,612,-1,598,612,604,-1,607,595,590,-1,590,595,603,-1,590,603,546,-1,546,603,613,-1,546,613,545,-1,545,613,614,-1,545,614,609,-1,493,528,494,-1,494,528,615,-1,494,615,548,-1,548,615,616,-1,548,616,546,-1,546,616,617,-1,546,617,590,-1,382,418,377,-1,377,418,433,-1,377,433,12,-1,12,433,435,-1,12,435,10,-1,71,73,86,-1,86,73,618,-1,86,618,174,-1,174,618,419,-1,174,419,191,-1,191,419,421,-1,191,421,373,-1,66,68,73,-1,73,68,619,-1,73,619,618,-1,618,619,620,-1,618,620,419,-1,419,620,621,-1,419,621,418,-1,418,621,622,-1,418,622,433,-1,433,622,623,-1,433,623,436,-1,436,623,624,-1,436,624,521,-1,521,624,625,-1,521,625,528,-1,528,625,626,-1,528,626,615,-1,615,626,627,-1,615,627,616,-1,616,627,628,-1,616,628,617,-1,337,341,335,-1,335,341,290,-1,335,290,29,-1,29,290,286,-1,29,286,36,-1,36,286,289,-1,36,289,21,-1,21,289,315,-1,21,315,47,-1,47,315,317,-1,47,317,52,-1,52,317,629,-1,52,629,60,-1,60,629,630,-1,60,630,63,-1,63,630,631,-1,319,308,317,-1,317,308,310,-1,317,310,629,-1,629,310,632,-1,629,632,630,-1,630,632,633,-1,630,633,631,-1,631,633,634,-1,564,635,295,-1,295,635,636,-1,295,636,18,-1,18,636,637,-1,18,637,300,-1,300,637,638,-1,300,638,304,-1,304,638,639,-1,304,639,310,-1,310,639,640,-1,310,640,632,-1,632,640,641,-1,632,641,633,-1,633,641,642,-1,633,642,634,-1,634,642,643,-1,
        ]
    }
}
Shape{
    appearance Appearance {
        material  Material 	{
            diffuseColor 1.0 1.0 1.0
            specularColor 0.5019607843137255 0.5019607843137255 0.5019607843137255
            ambientIntensity 1.0
            transparency 0.0
            shininess 0.5
        }
    }
    geometry IndexedFaceSet {
        ccw TRUE
        solid FALSE
        coord DEF co Coordinate {
            point [
                -1.9502 1.0472 6.1811, -1.9502 1.0472 4.626, -1.9502 0.5709 6.1811, -1.9502 0.5709 4.626, 1.9502 0.5709 6.1811, 1.9502 0.5709 4.626, 1.9502 1.0472 6.1811, 1.9502 1.0472 4.626, -0.8425 0.1024 1.1024, -0.8425 -0.0945 1.1024, -0.8425 0.1024 0.5276, -0.8425 -0.0945 0.5276, -1.1575 -0.0945 1.1024, -1.1575 0.1024 1.1024, -1.1575 -0.0945 0.5276, -1.1575 0.1024 0.5276, 1.1575 0.1024 1.1024, 1.1575 -0.0945 1.1024, 1.1575 0.1024 0.5276, 1.1575 -0.0945 0.5276, 0.8425 -0.0945 1.1024, 0.8425 0.1024 1.1024, 0.8425 -0.0945 0.5276, 0.8425 0.1024 0.5276, 0.1575 0.1024 1.1024, 0.1575 -0.0945 1.1024, 0.1575 0.1024 0.5276, 0.1575 -0.0945 0.5276, -0.1575 -0.0945 1.1024, -0.1575 0.1024 1.1024, -0.1575 -0.0945 0.5276, -0.1575 0.1024 0.5276
            ]
        }
        coordIndex [
            0,1,2,-1,2,1,3,-1,4,5,6,-1,6,5,7,-1,8,9,10,-1,10,9,11,-1,12,13,14,-1,14,13,15,-1,16,17,18,-1,18,17,19,-1,20,21,22,-1,22,21,23,-1,24,25,26,-1,26,25,27,-1,28,29,30,-1,30,29,31,-1,
        ]
    }
}
Shape{
    appearance Appearance {
        material  Material 	{
            diffuseColor 0.25098039215686274 0.25098039215686274 0.25098039215686274
            specularColor 0.12549019607843137 0.12549019607843137 0.12549019607843137
            ambientIntensity 0.251
            transparency 0.0
            shininess 0.5
        }
    }
    geometry IndexedFaceSet {
        ccw TRUE
        solid FALSE
        coord DEF co Coordinate {
            point [
                1.9488 1.0236 1.1024, 1.9488 1.0433 1.1024, 1.9488 1.0236 4.626, 1.9488 1.0433 4.626, -1.9488 1.0433 1.1024, -1.9488 1.0236 1.1024, -1.9488 1.0433 4.626, -1.9488 1.0236 4.626, 1.8263 -0.7283 1.1024, 1.9172 0.5709 4.626, 1.9172 0.5709 4.7244, 1.9083 0.4449 4.7244, 1.8263 -0.7283 4.5175, -1.9083 0.4449 4.7244, -1.9172 0.5709 4.7244, -1.9172 0.5709 4.626, -1.8263 -0.7283 4.5175, -1.8263 -0.7283 1.1024, -0.8425 -0.0945 1.1024, 0.1575 0.1024 1.1024, -0.1575 0.1024 1.1024, -0.8425 0.1024 1.1024, -1.1575 0.1024 1.1024, -1.1575 -0.0945 1.1024, 0.1575 -0.0945 1.1024, -0.1575 -0.0945 1.1024, 0.8425 0.1024 1.1024, 1.1575 0.1024 1.1024, 1.1575 -0.0945 1.1024, 0.8425 -0.0945 1.1024
            ]
        }
        coordIndex [
            0,1,2,-1,2,1,3,-1,4,5,6,-1,6,5,7,-1,1,4,3,-1,3,4,6,-1,0,2,8,-1,8,2,9,-1,9,10,8,-1,8,10,11,-1,8,11,12,-1,13,14,15,-1,16,13,17,-1,17,13,15,-1,17,15,5,-1,5,15,7,-1,11,10,13,-1,13,10,14,-1,18,8,17,-1,1,19,20,-1,4,21,5,-1,5,21,22,-1,5,22,17,-1,17,22,23,-1,17,23,18,-1,24,8,25,-1,25,8,18,-1,25,18,20,-1,20,18,21,-1,20,21,1,-1,1,21,4,-1,24,19,26,-1,26,19,1,-1,26,1,27,-1,27,1,0,-1,27,0,28,-1,28,0,8,-1,28,8,29,-1,29,8,24,-1,29,24,26,-1,
        ]
    }
}
Shape{
    appearance Appearance {
        material  Material 	{
            diffuseColor 1.0 1.0 1.0
            specularColor 0.5019607843137255 0.5019607843137255 0.5019607843137255
            ambientIntensity 1.0
            transparency 0.0
            shininess 0.5
        }
    }
    geometry IndexedFaceSet {
        ccw TRUE
        solid FALSE
        coord DEF co Coordinate {
            point [
                -1.9502 0.5709 6.6929, -1.9502 0.5709 7.3819, -1.9502 1.0472 6.6929, -1.9502 1.0472 7.3819, 1.9502 0.5709 7.3819, 1.9502 1.0472 7.3819, 1.9502 1.0472 6.6929, 1.9502 0.5709 6.6929, -1.9502 1.0472 4.626, 1.9502 1.0472 4.626, 1.9488 1.0433 4.626, 1.9488 1.0236 4.626, 1.9502 0.5709 4.626, 1.9172 0.5709 4.626, -1.9172 0.5709 4.626, -1.9502 0.5709 4.626, -1.9488 1.0236 4.626, -1.9488 1.0433 4.626, -1.9502 1.0472 6.1811, -1.7244 1.0472 6.1811, -1.7244 1.0472 6.6929, 0.3543 1.0472 6.8933, 0.1834 1.0472 6.964, 1.7244 1.0472 6.6929, 0.5011 1.0472 5.7784, 0.6137 1.0472 5.9252, 0.0 1.0472 5.5709, 0.1834 1.0472 5.595, 0.0 1.0472 6.9882, -0.1834 1.0472 6.964, -0.3543 1.0472 6.8933, -0.5011 1.0472 6.7806, -0.6845 1.0472 6.0961, -0.6137 1.0472 5.9252, 0.3543 1.0472 5.6658, 1.7244 1.0472 6.1811, 1.9502 1.0472 6.1811, 0.6845 1.0472 6.0961, 0.7087 1.0472 6.2795, 0.6845 1.0472 6.4629, 0.6137 1.0472 6.6339, 0.5011 1.0472 6.7806, -0.6137 1.0472 6.6339, -0.6845 1.0472 6.4629, -0.7087 1.0472 6.2795, -0.5011 1.0472 5.7784, -0.3543 1.0472 5.6658, -0.1834 1.0472 5.595, 1.9172 0.5709 4.7244, 1.9502 0.5709 6.1811, 1.7244 0.5709 6.1811, 0.5011 0.5709 5.7784, 0.3543 0.5709 5.6658, 1.7244 0.5709 6.6929, 0.6137 0.5709 6.6339, 0.6845 0.5709 6.4629, 0.0 0.5709 6.9882, 0.1834 0.5709 6.964, -0.5011 0.5709 5.7784, -0.6137 0.5709 5.9252, -1.7244 0.5709 6.1811, -0.6137 0.5709 6.6339, -0.5011 0.5709 6.7806, -1.7244 0.5709 6.6929, -0.3543 0.5709 6.8933, -0.1834 0.5709 6.964, -1.9172 0.5709 4.7244, 0.1834 0.5709 5.595, 0.0 0.5709 5.5709, -0.1834 0.5709 5.595, 0.3543 0.5709 6.8933, 0.5011 0.5709 6.7806, 0.7087 0.5709 6.2795, 0.6845 0.5709 6.0961, 0.6137 0.5709 5.9252, -1.9502 0.5709 6.1811, -0.3543 0.5709 5.6658, -0.6845 0.5709 6.0961, -0.7087 0.5709 6.2795, -0.6845 0.5709 6.4629
            ]
        }
        coordIndex [
            0,1,2,-1,2,1,3,-1,4,5,1,-1,1,5,3,-1,6,5,7,-1,7,5,4,-1,8,9,10,-1,10,9,11,-1,11,9,12,-1,11,12,13,-1,14,15,16,-1,16,15,8,-1,16,8,17,-1,17,8,10,-1,8,18,9,-1,9,18,19,-1,2,3,20,-1,20,3,5,-1,21,22,23,-1,23,22,5,-1,23,5,6,-1,24,25,23,-1,9,26,27,-1,22,28,5,-1,5,28,29,-1,5,29,20,-1,20,29,30,-1,20,30,31,-1,32,33,19,-1,24,23,34,-1,34,23,35,-1,34,35,27,-1,27,35,36,-1,27,36,9,-1,25,37,23,-1,23,37,38,-1,23,38,39,-1,39,40,23,-1,23,40,41,-1,23,41,21,-1,31,42,20,-1,20,42,43,-1,20,43,19,-1,19,43,44,-1,19,44,32,-1,33,45,19,-1,19,45,46,-1,19,46,9,-1,9,46,47,-1,9,47,26,-1,13,12,48,-1,48,12,49,-1,48,49,50,-1,51,52,48,-1,7,4,53,-1,53,4,1,-1,54,55,50,-1,1,56,57,-1,58,59,60,-1,61,62,63,-1,63,62,64,-1,63,64,65,-1,15,14,66,-1,52,67,48,-1,48,67,68,-1,48,68,66,-1,66,68,69,-1,1,57,53,-1,53,57,70,-1,53,70,50,-1,50,70,71,-1,50,71,54,-1,55,72,50,-1,50,72,73,-1,50,73,48,-1,48,73,74,-1,48,74,51,-1,0,63,1,-1,1,63,65,-1,1,65,56,-1,15,66,75,-1,75,66,69,-1,75,69,60,-1,60,69,76,-1,60,76,58,-1,59,77,60,-1,60,77,78,-1,60,78,63,-1,63,78,79,-1,63,79,61,-1,38,72,39,-1,39,72,55,-1,39,55,40,-1,40,55,54,-1,40,54,41,-1,41,54,71,-1,41,71,21,-1,21,71,70,-1,21,70,22,-1,22,70,57,-1,22,57,28,-1,28,57,56,-1,28,56,29,-1,29,56,65,-1,29,65,30,-1,30,65,64,-1,30,64,31,-1,31,64,62,-1,31,62,42,-1,42,62,61,-1,42,61,43,-1,43,61,79,-1,43,79,44,-1,44,79,78,-1,44,78,32,-1,32,78,77,-1,32,77,33,-1,33,77,59,-1,33,59,45,-1,45,59,58,-1,45,58,46,-1,46,58,76,-1,46,76,47,-1,47,76,69,-1,47,69,26,-1,26,69,68,-1,26,68,27,-1,27,68,67,-1,27,67,34,-1,34,67,52,-1,34,52,24,-1,24,52,51,-1,24,51,25,-1,25,51,74,-1,25,74,37,-1,37,74,73,-1,37,73,38,-1,38,73,72,-1,
        ]
    }
}
Shape{
    appearance Appearance {
        material  Material 	{
            diffuseColor 0.25098039215686274 0.25098039215686274 0.25098039215686274
            specularColor 0.12549019607843137 0.12549019607843137 0.12549019607843137
            ambientIntensity 0.251
            transparency 0.0
            shininess 0.5
        }
    }
    geometry IndexedFaceSet {
        ccw TRUE
        solid FALSE
        coord DEF co Coordinate {
            point [
                -1.9083 0.4449 4.7244, -1.8263 -0.7283 4.5175, 1.9083 0.4449 4.7244, 1.8263 -0.7283 4.5175
            ]
        }
        coordIndex [
            0,1,2,-1,2,1,3,-1,
        ]
    }
}
Shape{
    appearance Appearance {
        material  Material 	{
            diffuseColor 1.0 1.0 1.0
            specularColor 0.5019607843137255 0.5019607843137255 0.5019607843137255
            ambientIntensity 1.0
            transparency 0.0
            shininess 0.5
        }
    }
    geometry IndexedFaceSet {
        ccw TRUE
        solid FALSE
        coord DEF co Coordinate {
            point [
                0.1575 -0.0945 -1.7639, 0.1575 0.1024 -1.7639, 0.1575 -0.0945 -0.1181, 0.1575 0.1024 -0.1181, -0.25 0.1024 0.061, -0.2756 0.1024 0.0866, -0.2756 0.1024 0.5276, 0.25 0.1024 0.061, 0.25 0.1024 -0.1181, -0.1575 0.1024 0.5276, 0.2756 0.1024 0.0866, 0.2756 0.1024 0.5276, 0.1575 0.1024 0.5276, 0.1575 0.1024 1.1024, -0.1575 0.1024 1.1024, -0.1575 0.1024 -0.1181, -0.1575 0.1024 -1.7639, -0.0394 0.1024 -1.9685, 0.0394 0.1024 -1.9685, -0.25 0.1024 -0.1181, -0.1575 -0.0945 -1.7639, -0.1575 -0.0945 -0.1181, 0.25 -0.0945 0.061, 0.2756 -0.0945 0.0866, 0.2756 -0.0945 0.5276, -0.25 -0.0945 0.061, -0.25 -0.0945 -0.1181, 0.1575 -0.0945 0.5276, -0.2756 -0.0945 0.0866, -0.2756 -0.0945 0.5276, -0.1575 -0.0945 0.5276, -0.1575 -0.0945 1.1024, 0.1575 -0.0945 1.1024, -0.0394 -0.0945 -1.9685, 0.0394 -0.0945 -1.9685, 0.25 -0.0945 -0.1181, 1.1575 -0.0945 -1.7639, 1.1575 0.1024 -1.7639, 1.1575 -0.0945 -0.1181, 1.1575 0.1024 -0.1181, 0.75 0.1024 0.061, 0.7244 0.1024 0.0866, 0.7244 0.1024 0.5276, 1.25 0.1024 0.061, 1.25 0.1024 -0.1181, 0.8425 0.1024 0.5276, 1.2756 0.1024 0.0866, 1.2756 0.1024 0.5276, 1.1575 0.1024 0.5276, 1.1575 0.1024 1.1024, 0.8425 0.1024 1.1024, 0.8425 0.1024 -0.1181, 0.8425 0.1024 -1.7639, 0.9606 0.1024 -1.9685, 1.0394 0.1024 -1.9685, 0.75 0.1024 -0.1181, 0.8425 -0.0945 -1.7639, 0.8425 -0.0945 -0.1181, 1.25 -0.0945 0.061, 1.2756 -0.0945 0.0866, 1.2756 -0.0945 0.5276, 0.75 -0.0945 0.061, 0.75 -0.0945 -0.1181, 1.1575 -0.0945 0.5276, 0.7244 -0.0945 0.0866, 0.7244 -0.0945 0.5276, 0.8425 -0.0945 0.5276, 0.8425 -0.0945 1.1024, 1.1575 -0.0945 1.1024, 0.9606 -0.0945 -1.9685, 1.0394 -0.0945 -1.9685, 1.25 -0.0945 -0.1181, -0.8425 -0.0945 -1.7639, -0.8425 0.1024 -1.7639, -0.8425 -0.0945 -0.1181, -0.8425 0.1024 -0.1181, -1.25 0.1024 0.061, -1.2756 0.1024 0.0866, -1.2756 0.1024 0.5276, -0.75 0.1024 0.061, -0.75 0.1024 -0.1181, -1.1575 0.1024 0.5276, -0.7244 0.1024 0.0866, -0.7244 0.1024 0.5276, -0.8425 0.1024 0.5276, -0.8425 0.1024 1.1024, -1.1575 0.1024 1.1024, -1.1575 0.1024 -0.1181, -1.1575 0.1024 -1.7639, -1.0394 0.1024 -1.9685, -0.9606 0.1024 -1.9685, -1.25 0.1024 -0.1181, -1.1575 -0.0945 -1.7639, -1.1575 -0.0945 -0.1181, -0.75 -0.0945 0.061, -0.7244 -0.0945 0.0866, -0.7244 -0.0945 0.5276, -1.25 -0.0945 0.061, -1.25 -0.0945 -0.1181, -0.8425 -0.0945 0.5276, -1.2756 -0.0945 0.0866, -1.2756 -0.0945 0.5276, -1.1575 -0.0945 0.5276, -1.1575 -0.0945 1.1024, -0.8425 -0.0945 1.1024, -1.0394 -0.0945 -1.9685, -0.9606 -0.0945 -1.9685, -0.75 -0.0945 -0.1181
            ]
        }
        coordIndex [
            0,1,2,-1,2,1,3,-1,4,5,6,-1,7,8,3,-1,6,9,10,-1,11,10,12,-1,12,10,9,-1,12,9,13,-1,13,9,14,-1,15,3,16,-1,16,3,1,-1,16,1,17,-1,17,1,18,-1,10,7,6,-1,6,7,3,-1,6,3,4,-1,4,3,15,-1,4,15,19,-1,16,20,15,-1,15,20,21,-1,22,23,24,-1,25,26,21,-1,24,27,28,-1,29,28,30,-1,30,28,27,-1,30,27,31,-1,31,27,32,-1,33,34,20,-1,20,34,0,-1,20,0,21,-1,21,0,2,-1,28,25,24,-1,24,25,21,-1,24,21,22,-1,22,21,2,-1,22,2,35,-1,17,18,33,-1,33,18,34,-1,36,37,38,-1,38,37,39,-1,40,41,42,-1,43,44,39,-1,42,45,46,-1,47,46,48,-1,48,46,45,-1,48,45,49,-1,49,45,50,-1,51,39,52,-1,52,39,37,-1,52,37,53,-1,53,37,54,-1,46,43,42,-1,42,43,39,-1,42,39,40,-1,40,39,51,-1,40,51,55,-1,52,56,51,-1,51,56,57,-1,58,59,60,-1,61,62,57,-1,60,63,64,-1,65,64,66,-1,66,64,63,-1,66,63,67,-1,67,63,68,-1,69,70,56,-1,56,70,36,-1,56,36,57,-1,57,36,38,-1,64,61,60,-1,60,61,57,-1,60,57,58,-1,58,57,38,-1,58,38,71,-1,53,54,69,-1,69,54,70,-1,72,73,74,-1,74,73,75,-1,76,77,78,-1,79,80,75,-1,78,81,82,-1,83,82,84,-1,84,82,81,-1,84,81,85,-1,85,81,86,-1,87,75,88,-1,88,75,73,-1,88,73,89,-1,89,73,90,-1,82,79,78,-1,78,79,75,-1,78,75,76,-1,76,75,87,-1,76,87,91,-1,88,92,87,-1,87,92,93,-1,94,95,96,-1,97,98,93,-1,96,99,100,-1,101,100,102,-1,102,100,99,-1,102,99,103,-1,103,99,104,-1,105,106,92,-1,92,106,72,-1,92,72,93,-1,93,72,74,-1,100,97,96,-1,96,97,93,-1,96,93,94,-1,94,93,74,-1,94,74,107,-1,89,90,105,-1,105,90,106,-1,
        ]
    }
}
Shape{
    appearance Appearance {
        material  Material 	{
            diffuseColor 0.0 0.0 0.0
            specularColor 0.0 0.0 0.0
            ambientIntensity 0.0
            transparency 0.0
            shininess 0.5
        }
    }
    geometry IndexedFaceSet {
        ccw TRUE
        solid FALSE
        coord DEF co Coordinate {
            point [
                -1.3559 -0.728 1.7607, -1.3559 -0.7283 1.7607, -1.3625 -0.728 1.8111, -1.3625 -0.7283 1.8111, -1.382 -0.728 1.858, -1.382 -0.7283 1.858, -1.4129 -0.728 1.8984, -1.4129 -0.7283 1.8984, -1.4533 -0.728 1.9293, -1.4533 -0.7283 1.9293, -1.5002 -0.728 1.9488, -1.5002 -0.7283 1.9488, -1.5506 -0.728 1.9554, -1.5506 -0.7283 1.9554, -1.601 -0.728 1.9488, -1.601 -0.7283 1.9488, -1.648 -0.728 1.9293, -1.648 -0.7283 1.9293, -1.6883 -0.728 1.8984, -1.6883 -0.7283 1.8984, -1.7193 -0.728 1.858, -1.7193 -0.7283 1.858, -1.7387 -0.728 1.8111, -1.7387 -0.7283 1.8111, -1.7454 -0.728 1.7607, -1.7454 -0.7283 1.7607, -1.7387 -0.728 1.7103, -1.7387 -0.7283 1.7103, -1.7193 -0.728 1.6633, -1.7193 -0.7283 1.6633, -1.6883 -0.728 1.623, -1.6883 -0.7283 1.623, -1.648 -0.728 1.592, -1.648 -0.7283 1.592, -1.601 -0.728 1.5726, -1.601 -0.7283 1.5726, -1.5506 -0.728 1.5659, -1.5506 -0.7283 1.5659, -1.5002 -0.728 1.5726, -1.5002 -0.7283 1.5726, -1.4533 -0.728 1.592, -1.4533 -0.7283 1.592, -1.4129 -0.728 1.623, -1.4129 -0.7283 1.623, -1.382 -0.728 1.6633, -1.382 -0.7283 1.6633, -1.3625 -0.728 1.7103, -1.3625 -0.7283 1.7103, -1.5506 -0.728 1.7607
            ]
        }
        coordIndex [
            0,1,2,-1,2,1,3,-1,2,3,4,-1,4,3,5,-1,4,5,6,-1,6,5,7,-1,6,7,8,-1,8,7,9,-1,8,9,10,-1,10,9,11,-1,10,11,12,-1,12,11,13,-1,12,13,14,-1,14,13,15,-1,14,15,16,-1,16,15,17,-1,16,17,18,-1,18,17,19,-1,18,19,20,-1,20,19,21,-1,20,21,22,-1,22,21,23,-1,22,23,24,-1,24,23,25,-1,24,25,26,-1,26,25,27,-1,26,27,28,-1,28,27,29,-1,28,29,30,-1,30,29,31,-1,30,31,32,-1,32,31,33,-1,32,33,34,-1,34,33,35,-1,34,35,36,-1,36,35,37,-1,36,37,38,-1,38,37,39,-1,38,39,40,-1,40,39,41,-1,40,41,42,-1,42,41,43,-1,42,43,44,-1,44,43,45,-1,44,45,46,-1,46,45,47,-1,46,47,0,-1,0,47,1,-1,44,46,48,-1,48,46,0,-1,48,0,2,-1,38,40,48,-1,48,40,42,-1,48,42,44,-1,32,34,48,-1,48,34,36,-1,48,36,38,-1,26,28,48,-1,48,28,30,-1,48,30,32,-1,20,22,48,-1,48,22,24,-1,48,24,26,-1,14,16,48,-1,48,16,18,-1,48,18,20,-1,8,10,48,-1,48,10,12,-1,48,12,14,-1,2,4,48,-1,48,4,6,-1,48,6,8,-1,
        ]
    }
}
Shape{
    appearance Appearance {
        material  Material 	{
            diffuseColor 1.0 1.0 1.0
            specularColor 0.5019607843137255 0.5019607843137255 0.5019607843137255
            ambientIntensity 1.0
            transparency 0.0
            shininess 0.5
        }
    }
    geometry IndexedFaceSet {
        ccw TRUE
        solid FALSE
        coord DEF co Coordinate {
            point [
                -1.1575 0.1024 -1.7639, -1.0394 0.1024 -1.9685, -1.1575 -0.0945 -1.7639, -1.0394 -0.0945 -1.9685, -0.8425 -0.0945 -1.7639, -0.9606 -0.0945 -1.9685, -0.8425 0.1024 -1.7639, -0.9606 0.1024 -1.9685, 0.8425 0.1024 -1.7639, 0.9606 0.1024 -1.9685, 0.8425 -0.0945 -1.7639, 0.9606 -0.0945 -1.9685, 1.1575 -0.0945 -1.7639, 1.0394 -0.0945 -1.9685, 1.1575 0.1024 -1.7639, 1.0394 0.1024 -1.9685, -0.1575 0.1024 -1.7639, -0.0394 0.1024 -1.9685, -0.1575 -0.0945 -1.7639, -0.0394 -0.0945 -1.9685, 0.1575 -0.0945 -1.7639, 0.0394 -0.0945 -1.9685, 0.1575 0.1024 -1.7639, 0.0394 0.1024 -1.9685, -0.2756 -0.0945 0.0866, -0.2756 -0.0945 0.5276, -0.2756 0.1024 0.0866, -0.2756 0.1024 0.5276, -0.1575 0.1024 0.5276, -0.1575 -0.0945 0.5276, 0.1575 -0.0945 0.5276, 0.2756 -0.0945 0.5276, 0.1575 0.1024 0.5276, 0.2756 0.1024 0.5276, 0.2756 0.1024 0.0866, 0.2756 -0.0945 0.0866, 0.25 0.1024 -0.1181, 0.25 0.1024 0.061, 0.25 -0.0945 -0.1181, 0.25 -0.0945 0.061, 0.1575 0.1024 -0.1181, 0.1575 -0.0945 -0.1181, -0.1575 -0.0945 -0.1181, -0.25 -0.0945 -0.1181, -0.1575 0.1024 -0.1181, -0.25 0.1024 -0.1181, -0.25 0.1024 0.061, -0.25 -0.0945 0.061, 0.7244 -0.0945 0.0866, 0.7244 -0.0945 0.5276, 0.7244 0.1024 0.0866, 0.7244 0.1024 0.5276, 0.8425 0.1024 0.5276, 0.8425 -0.0945 0.5276, 1.1575 -0.0945 0.5276, 1.2756 -0.0945 0.5276, 1.1575 0.1024 0.5276, 1.2756 0.1024 0.5276, 1.2756 0.1024 0.0866, 1.2756 -0.0945 0.0866, -1.2756 -0.0945 0.0866, -1.2756 -0.0945 0.5276, -1.2756 0.1024 0.0866, -1.2756 0.1024 0.5276, -1.1575 0.1024 0.5276, -1.1575 -0.0945 0.5276, -0.8425 -0.0945 0.5276, -0.7244 -0.0945 0.5276, -0.8425 0.1024 0.5276, -0.7244 0.1024 0.5276, -0.7244 0.1024 0.0866, -0.7244 -0.0945 0.0866, 1.25 0.1024 -0.1181, 1.25 0.1024 0.061, 1.25 -0.0945 -0.1181, 1.25 -0.0945 0.061, 1.1575 0.1024 -0.1181, 1.1575 -0.0945 -0.1181, 0.8425 -0.0945 -0.1181, 0.75 -0.0945 -0.1181, 0.8425 0.1024 -0.1181, 0.75 0.1024 -0.1181, 0.75 0.1024 0.061, 0.75 -0.0945 0.061, -0.75 0.1024 -0.1181, -0.75 0.1024 0.061, -0.75 -0.0945 -0.1181, -0.75 -0.0945 0.061, -0.8425 0.1024 -0.1181, -0.8425 -0.0945 -0.1181, -1.1575 -0.0945 -0.1181, -1.25 -0.0945 -0.1181, -1.1575 0.1024 -0.1181, -1.25 0.1024 -0.1181, -1.25 0.1024 0.061, -1.25 -0.0945 0.061, 1.7244 0.5709 6.1811, 1.9502 0.5709 6.1811, 1.7244 1.0472 6.1811, 1.9502 1.0472 6.1811, 1.7244 1.0472 6.6929, 1.9502 1.0472 6.6929, 1.7244 0.5709 6.6929, 1.9502 0.5709 6.6929, -1.7244 1.0472 6.1811, -1.9502 1.0472 6.1811, -1.7244 0.5709 6.1811, -1.9502 0.5709 6.1811, -1.7244 0.5709 6.6929, -1.9502 0.5709 6.6929, -1.7244 1.0472 6.6929, -1.9502 1.0472 6.6929
            ]
        }
        coordIndex [
            0,1,2,-1,2,1,3,-1,4,5,6,-1,6,5,7,-1,8,9,10,-1,10,9,11,-1,12,13,14,-1,14,13,15,-1,16,17,18,-1,18,17,19,-1,20,21,22,-1,22,21,23,-1,24,25,26,-1,26,25,27,-1,28,27,29,-1,29,27,25,-1,30,31,32,-1,32,31,33,-1,34,33,35,-1,35,33,31,-1,36,37,38,-1,38,37,39,-1,40,36,41,-1,41,36,38,-1,42,43,44,-1,44,43,45,-1,46,45,47,-1,47,45,43,-1,48,49,50,-1,50,49,51,-1,52,51,53,-1,53,51,49,-1,54,55,56,-1,56,55,57,-1,58,57,59,-1,59,57,55,-1,60,61,62,-1,62,61,63,-1,64,63,65,-1,65,63,61,-1,66,67,68,-1,68,67,69,-1,70,69,71,-1,71,69,67,-1,72,73,74,-1,74,73,75,-1,76,72,77,-1,77,72,74,-1,78,79,80,-1,80,79,81,-1,82,81,83,-1,83,81,79,-1,84,85,86,-1,86,85,87,-1,88,84,89,-1,89,84,86,-1,90,91,92,-1,92,91,93,-1,94,93,95,-1,95,93,91,-1,59,75,58,-1,58,75,73,-1,83,48,82,-1,82,48,50,-1,35,39,34,-1,34,39,37,-1,47,24,46,-1,46,24,26,-1,71,87,70,-1,70,87,85,-1,95,60,94,-1,94,60,62,-1,96,97,98,-1,98,97,99,-1,100,101,102,-1,102,101,103,-1,98,100,96,-1,96,100,102,-1,104,105,106,-1,106,105,107,-1,108,109,110,-1,110,109,111,-1,110,104,108,-1,108,104,106,-1,
        ]
    }
}
Shape{
    appearance Appearance {
        material  Material 	{
            diffuseColor 0.25098039215686274 0.25098039215686274 0.25098039215686274
            specularColor 0.12549019607843137 0.12549019607843137 0.12549019607843137
            ambientIntensity 0.251
            transparency 0.0
            shininess 0.5
        }
    }
    geometry IndexedFaceSet {
        ccw TRUE
        solid FALSE
        coord DEF co Coordinate {
            point [
                0.0 -0.5315 2.6181, 0.0 -0.7283 2.6181, 0.0764 -0.5315 2.6282, 0.0764 -0.7283 2.6282, 0.1476 -0.5315 2.6577, 0.1476 -0.7283 2.6577, 0.2088 -0.5315 2.7046, 0.2088 -0.7283 2.7046, 0.2557 -0.5315 2.7658, 0.2557 -0.7283 2.7658, 0.2852 -0.5315 2.837, 0.2852 -0.7283 2.837, 0.2953 -0.5315 2.9134, 0.2953 -0.7283 2.9134, 0.2852 -0.5315 2.9898, 0.2852 -0.7283 2.9898, 0.2557 -0.5315 3.061, 0.2557 -0.7283 3.061, 0.2088 -0.5315 3.1222, 0.2088 -0.7283 3.1222, 0.1476 -0.5315 3.1691, 0.1476 -0.7283 3.1691, 0.0764 -0.5315 3.1986, 0.0764 -0.7283 3.1986, 0.0 -0.5315 3.2087, 0.0 -0.7283 3.2087, -0.0764 -0.5315 3.1986, -0.0764 -0.7283 3.1986, -0.1476 -0.5315 3.1691, -0.1476 -0.7283 3.1691, -0.2088 -0.5315 3.1222, -0.2088 -0.7283 3.1222, -0.2557 -0.5315 3.061, -0.2557 -0.7283 3.061, -0.2852 -0.5315 2.9898, -0.2852 -0.7283 2.9898, -0.2953 -0.5315 2.9134, -0.2953 -0.7283 2.9134, -0.2852 -0.5315 2.837, -0.2852 -0.7283 2.837, -0.2557 -0.5315 2.7658, -0.2557 -0.7283 2.7658, -0.2088 -0.5315 2.7046, -0.2088 -0.7283 2.7046, -0.1476 -0.5315 2.6577, -0.1476 -0.7283 2.6577, -0.0764 -0.5315 2.6282, -0.0764 -0.7283 2.6282, 0.0 -0.5315 2.9134
            ]
        }
        coordIndex [
            0,1,2,-1,2,1,3,-1,2,3,4,-1,4,3,5,-1,4,5,6,-1,6,5,7,-1,6,7,8,-1,8,7,9,-1,8,9,10,-1,10,9,11,-1,10,11,12,-1,12,11,13,-1,12,13,14,-1,14,13,15,-1,14,15,16,-1,16,15,17,-1,16,17,18,-1,18,17,19,-1,18,19,20,-1,20,19,21,-1,20,21,22,-1,22,21,23,-1,22,23,24,-1,24,23,25,-1,24,25,26,-1,26,25,27,-1,26,27,28,-1,28,27,29,-1,28,29,30,-1,30,29,31,-1,30,31,32,-1,32,31,33,-1,32,33,34,-1,34,33,35,-1,34,35,36,-1,36,35,37,-1,36,37,38,-1,38,37,39,-1,38,39,40,-1,40,39,41,-1,40,41,42,-1,42,41,43,-1,42,43,44,-1,44,43,45,-1,44,45,46,-1,46,45,47,-1,46,47,0,-1,0,47,1,-1,44,46,48,-1,48,46,0,-1,48,0,2,-1,38,40,48,-1,48,40,42,-1,48,42,44,-1,32,34,48,-1,48,34,36,-1,48,36,38,-1,26,28,48,-1,48,28,30,-1,48,30,32,-1,20,22,48,-1,48,22,24,-1,48,24,26,-1,14,16,48,-1,48,16,18,-1,48,18,20,-1,8,10,48,-1,48,10,12,-1,48,12,14,-1,2,4,48,-1,48,4,6,-1,48,6,8,-1,
        ]
    }
}
Shape{
    appearance Appearance {
        material  Material 	{
            diffuseColor 1.0 1.0 1.0
            specularColor 0.5019607843137255 0.5019607843137255 0.5019607843137255
            ambientIntensity 1.0
            transparency 0.0
            shininess 0.5
        }
    }
    geometry IndexedFaceSet {
        ccw TRUE
        solid FALSE
        coord DEF co Coordinate {
            point [
                1.043 -0.7323 1.618, 1.043 -0.7323 1.6028, 1.043 -0.7283 1.618, 1.043 -0.7283 1.6028, 0.9898 -0.7323 1.618, 0.9898 -0.7283 1.618, 0.9898 -0.7323 1.7363, 0.9898 -0.7283 1.7363, 0.9726 -0.7323 1.7363, 0.9726 -0.7283 1.7363, 0.9726 -0.7323 1.6028, 0.9726 -0.7283 1.6028, 1.1114 -0.7323 1.6006, 1.1114 -0.7283 1.6006, 1.1317 -0.7323 1.6025, 1.1232 -0.7283 1.6017, 1.1317 -0.7283 1.6025, 1.1461 -0.7283 1.6072, 1.1461 -0.7323 1.6072, 1.1483 -0.7283 1.6084, 1.1483 -0.7323 1.6084, 1.1483 -0.7323 1.6249, 1.1483 -0.7283 1.6249, 1.1364 -0.7283 1.6193, 1.1364 -0.7323 1.6193, 1.1215 -0.7283 1.6163, 1.1215 -0.7323 1.6163, 1.1139 -0.7283 1.6159, 1.1139 -0.7323 1.6159, 1.1009 -0.7283 1.6174, 1.1009 -0.7323 1.6174, 1.0913 -0.7283 1.621, 1.0913 -0.7323 1.621, 1.0825 -0.7283 1.6271, 1.0825 -0.7323 1.6271, 1.0796 -0.7283 1.63, 1.0796 -0.7323 1.63, 1.0729 -0.7283 1.6394, 1.0729 -0.7323 1.6394, 1.0687 -0.7283 1.6502, 1.0687 -0.7323 1.6502, 1.0665 -0.7283 1.6665, 1.0665 -0.7323 1.6665, 1.0665 -0.7283 1.6681, 1.0665 -0.7323 1.6681, 1.068 -0.7283 1.6836, 1.068 -0.7323 1.6836, 1.0721 -0.7283 1.6958, 1.0721 -0.7323 1.6958, 1.0782 -0.7283 1.7054, 1.0782 -0.7323 1.7054, 1.0805 -0.7283 1.7082, 1.0805 -0.7323 1.7082, 1.0898 -0.7283 1.7158, 1.0898 -0.7323 1.7158, 1.1003 -0.7283 1.7206, 1.1003 -0.7323 1.7206, 1.112 -0.7283 1.7228, 1.112 -0.7323 1.7228, 1.1169 -0.7283 1.723, 1.1169 -0.7323 1.723, 1.1315 -0.7283 1.7214, 1.1315 -0.7323 1.7214, 1.1452 -0.7283 1.7167, 1.1452 -0.7323 1.7167, 1.1483 -0.7283 1.7151, 1.1483 -0.7323 1.7151, 1.1483 -0.7323 1.7331, 1.1483 -0.7283 1.7331, 1.1167 -0.7283 1.7385, 1.1167 -0.7323 1.7385, 1.1188 -0.7323 1.7385, 1.1359 -0.7283 1.7368, 1.1359 -0.7323 1.7368, 1.1301 -0.7283 1.7374, 1.1188 -0.7283 1.7385, 1.1074 -0.7283 1.7374, 1.0976 -0.7323 1.7362, 1.0976 -0.7283 1.7362, 1.0836 -0.7283 1.7308, 1.0836 -0.7323 1.7308, 1.0707 -0.7283 1.7218, 1.0707 -0.7323 1.7218, 1.0677 -0.7283 1.7189, 1.0677 -0.7323 1.7189, 1.059 -0.7283 1.7079, 1.059 -0.7323 1.7079, 1.0523 -0.7283 1.6933, 1.0523 -0.7323 1.6933, 1.0489 -0.7283 1.6763, 1.0489 -0.7323 1.6763, 1.0484 -0.7283 1.667, 1.0484 -0.7323 1.667, 1.051 -0.7283 1.6455, 1.051 -0.7323 1.6455, 1.0564 -0.7283 1.6316, 1.0564 -0.7323 1.6316, 1.0643 -0.7283 1.6201, 1.0643 -0.7323 1.6201, 1.0656 -0.7283 1.6188, 1.0656 -0.7323 1.6188, 1.0881 -0.7283 1.6042, 1.0756 -0.7323 1.6103, 1.0756 -0.7283 1.6103, 1.0994 -0.7283 1.6017, 1.1024 -0.7323 1.6011, 1.0881 -0.7323 1.6042, 1.1024 -0.7283 1.6011, 1.2468 -0.7323 1.618, 1.2468 -0.7323 1.6028, 1.2468 -0.7283 1.618, 1.2468 -0.7283 1.6028, 1.1923 -0.7283 1.618, 1.1923 -0.7323 1.618, 1.2283 -0.7283 1.618, 1.1923 -0.7323 1.6629, 1.1923 -0.7283 1.6629, 1.24 -0.7323 1.6629, 1.2283 -0.7283 1.6629, 1.24 -0.7283 1.6629, 1.24 -0.7323 1.6782, 1.24 -0.7283 1.6782, 1.1923 -0.7283 1.6782, 1.1923 -0.7323 1.6782, 1.2283 -0.7283 1.6782, 1.1923 -0.7323 1.7209, 1.1923 -0.7283 1.7209, 1.2438 -0.7283 1.7209, 1.2438 -0.7323 1.7209, 1.2283 -0.7283 1.7209, 1.2438 -0.7323 1.7363, 1.2438 -0.7283 1.7363, 1.1751 -0.7283 1.7363, 1.1751 -0.7323 1.7363, 1.2283 -0.7283 1.7363, 1.1751 -0.7323 1.6028, 1.1751 -0.7283 1.6028, 1.2283 -0.7283 1.6028, 1.3265 -0.7323 1.7191, 1.3129 -0.7323 1.7362, 1.3094 -0.7323 1.7209, 1.3101 -0.7323 1.7363, 1.2893 -0.7323 1.7209, 1.272 -0.7323 1.7363, 1.2893 -0.7323 1.618, 1.272 -0.7323 1.6028, 1.3086 -0.7323 1.618, 1.3087 -0.7323 1.6028, 1.3243 -0.7323 1.6196, 1.3312 -0.7323 1.6055, 1.3361 -0.7323 1.6235, 1.3464 -0.7323 1.6114, 1.3451 -0.7323 1.6291, 1.3606 -0.7323 1.6215, 1.3483 -0.7323 1.632, 1.3553 -0.7323 1.6407, 1.3696 -0.7323 1.632, 1.3598 -0.7323 1.6508, 1.3765 -0.7323 1.6456, 1.3622 -0.7323 1.6632, 1.3801 -0.7323 1.661, 1.3626 -0.7323 1.6708, 1.3807 -0.7323 1.6713, 1.361 -0.7323 1.6856, 1.3785 -0.7323 1.6895, 1.3575 -0.7323 1.6959, 1.3736 -0.7323 1.7022, 1.3526 -0.7323 1.7036, 1.3654 -0.7323 1.7139, 1.3479 -0.7323 1.7084, 1.3606 -0.7323 1.7186, 1.3381 -0.7323 1.7149, 1.3488 -0.7323 1.727, 1.333 -0.7323 1.7334, 1.3087 -0.7283 1.6028, 1.272 -0.7283 1.6028, 1.3606 -0.7283 1.6215, 1.3312 -0.7283 1.6055, 1.3332 -0.7283 1.6063, 1.3464 -0.7283 1.6114, 1.3696 -0.7283 1.632, 1.3765 -0.7283 1.6456, 1.3801 -0.7283 1.661, 1.3807 -0.7283 1.6713, 1.3785 -0.7283 1.6895, 1.3736 -0.7283 1.7022, 1.3654 -0.7283 1.7139, 1.3606 -0.7283 1.7186, 1.3488 -0.7283 1.727, 1.3332 -0.7283 1.7333, 1.333 -0.7283 1.7334, 1.3129 -0.7283 1.7362, 1.3101 -0.7283 1.7363, 1.272 -0.7283 1.7363, 1.3094 -0.7283 1.7209, 1.2893 -0.7283 1.7209, 1.2893 -0.7283 1.618, 1.3086 -0.7283 1.618, 1.3483 -0.7283 1.632, 1.3451 -0.7283 1.6291, 1.3361 -0.7283 1.6235, 1.3243 -0.7283 1.6196, 1.3626 -0.7283 1.6708, 1.3622 -0.7283 1.6632, 1.3598 -0.7283 1.6508, 1.3553 -0.7283 1.6407, 1.3479 -0.7283 1.7084, 1.3526 -0.7283 1.7036, 1.3575 -0.7283 1.6959, 1.361 -0.7283 1.6856, 1.3265 -0.7283 1.7191, 1.3381 -0.7283 1.7149
            ]
        }
        coordIndex [
            0,1,2,-1,2,1,3,-1,4,0,5,-1,5,0,2,-1,6,4,7,-1,7,4,5,-1,8,6,9,-1,9,6,7,-1,10,8,11,-1,11,8,9,-1,1,10,3,-1,3,10,11,-1,6,8,4,-1,4,8,10,-1,4,10,0,-1,0,10,1,-1,12,13,14,-1,14,13,15,-1,15,16,14,-1,14,16,17,-1,14,17,18,-1,18,17,19,-1,18,19,20,-1,21,20,22,-1,22,20,19,-1,21,22,23,-1,21,23,24,-1,24,23,25,-1,24,25,26,-1,26,25,27,-1,26,27,28,-1,28,27,29,-1,28,29,30,-1,30,29,31,-1,30,31,32,-1,32,31,33,-1,32,33,34,-1,34,33,35,-1,34,35,36,-1,36,35,37,-1,36,37,38,-1,38,37,39,-1,38,39,40,-1,40,39,41,-1,40,41,42,-1,42,41,43,-1,42,43,44,-1,44,43,45,-1,44,45,46,-1,46,45,47,-1,46,47,48,-1,48,47,49,-1,48,49,50,-1,50,49,51,-1,50,51,52,-1,52,51,53,-1,52,53,54,-1,54,53,55,-1,54,55,56,-1,56,55,57,-1,56,57,58,-1,58,57,59,-1,58,59,60,-1,60,59,61,-1,60,61,62,-1,62,61,63,-1,62,63,64,-1,64,63,65,-1,64,65,66,-1,67,66,68,-1,68,66,65,-1,69,70,71,-1,67,68,72,-1,67,72,73,-1,73,72,74,-1,73,74,71,-1,71,74,75,-1,71,75,69,-1,70,69,76,-1,70,76,77,-1,76,78,77,-1,77,78,79,-1,77,79,80,-1,80,79,81,-1,80,81,82,-1,82,81,83,-1,82,83,84,-1,84,83,85,-1,84,85,86,-1,86,85,87,-1,86,87,88,-1,88,87,89,-1,88,89,90,-1,90,89,91,-1,90,91,92,-1,92,91,93,-1,92,93,94,-1,94,93,95,-1,94,95,96,-1,96,95,97,-1,96,97,98,-1,98,97,99,-1,98,99,100,-1,101,102,103,-1,103,102,100,-1,103,100,99,-1,104,105,101,-1,101,105,106,-1,101,106,102,-1,104,107,105,-1,105,107,13,-1,105,13,12,-1,64,66,67,-1,54,56,77,-1,77,56,70,-1,46,48,86,-1,64,67,62,-1,56,58,70,-1,70,58,60,-1,70,60,71,-1,71,60,62,-1,71,62,73,-1,73,62,67,-1,20,21,18,-1,18,21,24,-1,18,24,14,-1,14,24,26,-1,14,26,12,-1,12,26,28,-1,12,28,105,-1,105,28,30,-1,105,30,106,-1,106,30,32,-1,106,32,102,-1,102,32,34,-1,102,34,100,-1,100,34,36,-1,100,36,98,-1,98,36,38,-1,98,38,96,-1,96,38,94,-1,94,38,40,-1,94,40,92,-1,86,48,84,-1,77,80,54,-1,54,80,82,-1,54,82,52,-1,52,82,84,-1,52,84,50,-1,50,84,48,-1,40,42,92,-1,92,42,44,-1,92,44,90,-1,90,44,46,-1,90,46,88,-1,88,46,86,-1,108,109,110,-1,110,109,111,-1,112,113,114,-1,114,113,108,-1,114,108,110,-1,115,113,116,-1,116,113,112,-1,115,116,117,-1,117,116,118,-1,117,118,119,-1,120,117,121,-1,121,117,119,-1,122,123,124,-1,124,123,120,-1,124,120,121,-1,125,123,126,-1,126,123,122,-1,127,128,129,-1,129,128,125,-1,129,125,126,-1,130,128,131,-1,131,128,127,-1,132,133,134,-1,134,133,130,-1,134,130,131,-1,135,133,136,-1,136,133,132,-1,111,109,137,-1,137,109,135,-1,137,135,136,-1,135,109,108,-1,108,113,135,-1,135,113,115,-1,135,115,133,-1,128,130,125,-1,125,130,133,-1,125,133,123,-1,123,133,115,-1,123,115,120,-1,120,115,117,-1,138,139,140,-1,140,139,141,-1,140,141,142,-1,142,141,143,-1,142,143,144,-1,144,143,145,-1,144,145,146,-1,146,145,147,-1,146,147,148,-1,148,147,149,-1,148,149,150,-1,150,149,151,-1,150,151,152,-1,152,151,153,-1,152,153,154,-1,154,153,155,-1,155,153,156,-1,155,156,157,-1,157,156,158,-1,157,158,159,-1,159,158,160,-1,159,160,161,-1,161,160,162,-1,161,162,163,-1,163,162,164,-1,163,164,165,-1,165,164,166,-1,165,166,167,-1,167,166,168,-1,167,168,169,-1,169,168,170,-1,169,170,171,-1,171,170,172,-1,171,172,138,-1,138,172,173,-1,138,173,139,-1,147,145,174,-1,174,145,175,-1,176,153,151,-1,147,174,177,-1,147,177,149,-1,149,177,178,-1,149,178,151,-1,151,178,179,-1,151,179,176,-1,153,176,180,-1,153,180,156,-1,156,180,181,-1,156,181,158,-1,158,181,182,-1,158,182,160,-1,160,182,183,-1,160,183,162,-1,162,183,184,-1,162,184,164,-1,164,184,185,-1,164,185,166,-1,166,185,186,-1,166,186,168,-1,168,186,187,-1,168,187,170,-1,170,187,188,-1,170,188,172,-1,172,188,189,-1,172,189,173,-1,189,190,173,-1,173,190,191,-1,173,191,139,-1,139,191,192,-1,139,192,141,-1,143,141,193,-1,193,141,192,-1,145,143,175,-1,175,143,193,-1,140,142,194,-1,194,142,195,-1,142,144,195,-1,195,144,196,-1,144,146,196,-1,196,146,197,-1,154,198,199,-1,154,199,152,-1,152,199,200,-1,152,200,150,-1,150,200,201,-1,150,201,148,-1,148,201,197,-1,148,197,146,-1,161,202,203,-1,161,203,159,-1,159,203,204,-1,159,204,157,-1,157,204,205,-1,157,205,155,-1,155,205,198,-1,155,198,154,-1,169,206,207,-1,169,207,167,-1,167,207,208,-1,167,208,165,-1,165,208,209,-1,165,209,163,-1,163,209,202,-1,163,202,161,-1,140,194,210,-1,140,210,138,-1,138,210,211,-1,138,211,171,-1,171,211,206,-1,171,206,169,-1,
        ]
    }
}
Shape{
    appearance Appearance {
        material  Material 	{
            diffuseColor 0.25098039215686274 0.25098039215686274 0.25098039215686274
            specularColor 0.12549019607843137 0.12549019607843137 0.12549019607843137
            ambientIntensity 0.251
            transparency 0.0
            shininess 0.5
        }
    }
    geometry IndexedFaceSet {
        ccw TRUE
        solid FALSE
        coord DEF co Coordinate {
            point [
                1.2893 -0.7283 1.7209, 1.2893 -0.7283 1.618, 1.3094 -0.7283 1.7209, 1.3086 -0.7283 1.618, 1.3626 -0.7283 1.6708, 1.361 -0.7283 1.6856, 1.3575 -0.7283 1.6959, 1.3526 -0.7283 1.7036, 1.3479 -0.7283 1.7084, 1.3622 -0.7283 1.6632, 1.3243 -0.7283 1.6196, 1.3361 -0.7283 1.6235, 1.3451 -0.7283 1.6291, 1.3483 -0.7283 1.632, 1.3598 -0.7283 1.6508, 1.3553 -0.7283 1.6407, 1.3381 -0.7283 1.7149, 1.3265 -0.7283 1.7191
            ]
        }
        coordIndex [
            0,1,2,-1,2,1,3,-1,3,4,5,-1,5,6,3,-1,3,6,7,-1,3,7,8,-1,4,3,9,-1,9,3,10,-1,9,10,11,-1,11,12,9,-1,9,12,13,-1,9,13,14,-1,14,13,15,-1,8,16,3,-1,3,16,17,-1,3,17,2,-1,
        ]
    }
}
Shape{
    appearance Appearance {
        material  Material 	{
            diffuseColor 1.0 1.0 1.0
            specularColor 0.5019607843137255 0.5019607843137255 0.5019607843137255
            ambientIntensity 1.0
            transparency 0.0
            shininess 0.5
        }
    }
    geometry IndexedFaceSet {
        ccw TRUE
        solid FALSE
        coord DEF co Coordinate {
            point [
                1.4254 -0.7323 1.6544, 1.42 -0.7323 1.6393, 1.4702 -0.7323 1.6544, 1.4755 -0.7323 1.6393, 1.4454 -0.7323 1.7099, 1.4389 -0.7323 1.7363, 1.3881 -0.7323 1.6028, 1.4071 -0.7323 1.6028, 1.4465 -0.7323 1.7139, 1.4476 -0.7323 1.7192, 1.4573 -0.7323 1.7363, 1.448 -0.7323 1.7192, 1.449 -0.7323 1.7136, 1.45 -0.7323 1.7099, 1.5082 -0.7323 1.6028, 1.4891 -0.7323 1.6028, 1.4573 -0.7283 1.7363, 1.5082 -0.7283 1.6028, 1.4389 -0.7283 1.7363, 1.3881 -0.7283 1.6028, 1.4266 -0.7283 1.7038, 1.4071 -0.7283 1.6028, 1.42 -0.7283 1.6393, 1.4755 -0.7283 1.6393, 1.4266 -0.7283 1.6393, 1.4891 -0.7283 1.6028, 1.4254 -0.7283 1.6544, 1.4702 -0.7283 1.6544, 1.45 -0.7283 1.7099, 1.448 -0.7283 1.7192, 1.449 -0.7283 1.7136, 1.4476 -0.7283 1.7192, 1.4454 -0.7283 1.7099, 1.4465 -0.7283 1.7139
            ]
        }
        coordIndex [
            0,1,2,-1,2,1,3,-1,4,5,0,-1,0,5,6,-1,0,6,1,-1,1,6,7,-1,4,8,5,-1,5,8,9,-1,5,9,10,-1,10,9,11,-1,10,11,12,-1,12,13,10,-1,10,13,2,-1,10,2,14,-1,14,2,3,-1,14,3,15,-1,10,14,16,-1,16,14,17,-1,5,10,18,-1,18,10,16,-1,19,6,20,-1,20,6,5,-1,20,5,18,-1,7,6,21,-1,21,6,19,-1,1,7,22,-1,22,7,21,-1,23,3,24,-1,24,3,1,-1,24,1,22,-1,15,3,25,-1,25,3,23,-1,14,15,17,-1,17,15,25,-1,0,2,26,-1,26,2,27,-1,2,13,27,-1,27,13,28,-1,11,29,30,-1,11,30,12,-1,12,30,28,-1,12,28,13,-1,11,9,29,-1,29,9,31,-1,4,32,33,-1,4,33,8,-1,8,33,31,-1,8,31,9,-1,4,0,32,-1,32,0,26,-1,
        ]
    }
}
Shape{
    appearance Appearance {
        material  Material 	{
            diffuseColor 0.25098039215686274 0.25098039215686274 0.25098039215686274
            specularColor 0.12549019607843137 0.12549019607843137 0.12549019607843137
            ambientIntensity 0.251
            transparency 0.0
            shininess 0.5
        }
    }
    geometry IndexedFaceSet {
        ccw TRUE
        solid FALSE
        coord DEF co Coordinate {
            point [
                1.448 -0.7283 1.7192, 1.4476 -0.7283 1.7192, 1.449 -0.7283 1.7136, 1.4465 -0.7283 1.7139, 1.45 -0.7283 1.7099, 1.4454 -0.7283 1.7099, 1.4702 -0.7283 1.6544, 1.4254 -0.7283 1.6544
            ]
        }
        coordIndex [
            0,1,2,-1,2,1,3,-1,2,3,4,-1,4,3,5,-1,4,5,6,-1,6,5,7,-1,
        ]
    }
}
Shape{
    appearance Appearance {
        material  Material 	{
            diffuseColor 1.0 1.0 1.0
            specularColor 0.5019607843137255 0.5019607843137255 0.5019607843137255
            ambientIntensity 1.0
            transparency 0.0
            shininess 0.5
        }
    }
    geometry IndexedFaceSet {
        ccw TRUE
        solid FALSE
        coord DEF co Coordinate {
            point [
                1.0444 -0.7323 1.4063, 1.0444 -0.7323 1.3911, 1.0444 -0.7283 1.4063, 1.0444 -0.7283 1.3911, 0.9898 -0.7283 1.4063, 0.9898 -0.7323 1.4063, 1.0437 -0.7283 1.4063, 0.9898 -0.7323 1.4512, 0.9898 -0.7283 1.4512, 1.0376 -0.7323 1.4512, 1.0376 -0.7283 1.4512, 1.0376 -0.7323 1.4665, 1.0376 -0.7283 1.4665, 0.9898 -0.7323 1.4665, 0.9898 -0.7283 1.4665, 0.9898 -0.7323 1.5092, 0.9898 -0.7283 1.5092, 1.0413 -0.7323 1.5092, 1.0413 -0.7283 1.5092, 1.0413 -0.7323 1.5246, 1.0413 -0.7283 1.5246, 0.9726 -0.7323 1.5246, 0.9726 -0.7283 1.5246, 0.9726 -0.7323 1.3911, 0.9726 -0.7283 1.3911, 1.0437 -0.7283 1.3911, 1.1198 -0.7323 1.4059, 1.1202 -0.7323 1.4059, 1.1191 -0.7323 1.4212, 1.1202 -0.7323 1.4287, 1.137 -0.7323 1.4525, 1.1202 -0.7323 1.4298, 1.1202 -0.7323 1.439, 1.1202 -0.7323 1.3911, 1.137 -0.7323 1.3911, 1.0786 -0.7323 1.4444, 1.084 -0.7323 1.4318, 1.088 -0.7323 1.4337, 1.1167 -0.7323 1.4153, 1.1131 -0.7323 1.4104, 1.1172 -0.7323 1.4019, 1.111 -0.7323 1.4083, 1.1119 -0.7323 1.3962, 1.1063 -0.7323 1.4051, 1.106 -0.7323 1.3923, 1.1012 -0.7323 1.4033, 1.0992 -0.7323 1.3898, 1.0949 -0.7323 1.4026, 1.0906 -0.7323 1.3889, 1.0893 -0.7323 1.4032, 1.0806 -0.7323 1.39, 1.0855 -0.7323 1.4046, 1.0742 -0.7323 1.3925, 1.0822 -0.7323 1.4069, 1.0686 -0.7323 1.3964, 1.0807 -0.7323 1.4083, 1.092 -0.7323 1.4478, 1.0979 -0.7323 1.436, 1.1202 -0.7323 1.4517, 1.0697 -0.7323 1.4798, 1.0697 -0.7323 1.4635, 1.075 -0.7323 1.4827, 1.0808 -0.7323 1.4705, 1.0878 -0.7323 1.4871, 1.0912 -0.7323 1.4741, 1.1025 -0.7323 1.4886, 1.1009 -0.7323 1.475, 1.1129 -0.7323 1.4876, 1.1066 -0.7323 1.4745, 1.1199 -0.7323 1.4855, 1.1105 -0.7323 1.4731, 1.1254 -0.7323 1.4823, 1.1134 -0.7323 1.4712, 1.1292 -0.7323 1.4786, 1.116 -0.7323 1.4685, 1.1327 -0.7323 1.4734, 1.1179 -0.7323 1.4651, 1.1354 -0.7323 1.4661, 1.1197 -0.7323 1.4591, 1.0818 -0.7323 1.4301, 1.0718 -0.7323 1.4407, 1.0798 -0.7323 1.4276, 1.0668 -0.7323 1.4362, 1.0783 -0.7323 1.4245, 1.0633 -0.7323 1.4308, 1.0775 -0.7323 1.4207, 1.0612 -0.7323 1.4247, 1.0773 -0.7323 1.418, 1.0604 -0.7323 1.4166, 1.0778 -0.7323 1.4142, 1.0612 -0.7323 1.4091, 1.0788 -0.7323 1.4111, 1.0632 -0.7323 1.4034, 1.0667 -0.7323 1.3983, 1.1025 -0.7283 1.4886, 1.0878 -0.7283 1.4871, 1.075 -0.7283 1.4827, 1.0697 -0.7283 1.4798, 1.0697 -0.7283 1.4635, 1.0808 -0.7283 1.4705, 1.0912 -0.7283 1.4741, 1.1009 -0.7283 1.475, 1.1066 -0.7283 1.4745, 1.1105 -0.7283 1.4731, 1.1134 -0.7283 1.4712, 1.116 -0.7283 1.4685, 1.1179 -0.7283 1.4651, 1.1197 -0.7283 1.4591, 1.1202 -0.7283 1.4517, 1.092 -0.7283 1.4478, 1.0786 -0.7283 1.4444, 1.0718 -0.7283 1.4407, 1.0668 -0.7283 1.4362, 1.0633 -0.7283 1.4308, 1.0612 -0.7283 1.4247, 1.0604 -0.7283 1.4166, 1.0612 -0.7283 1.4091, 1.0632 -0.7283 1.4034, 1.0667 -0.7283 1.3983, 1.0686 -0.7283 1.3964, 1.0906 -0.7283 1.3889, 1.0809 -0.7283 1.39, 1.0806 -0.7283 1.39, 1.0742 -0.7283 1.3925, 1.0992 -0.7283 1.3898, 1.0997 -0.7283 1.39, 1.106 -0.7283 1.3923, 1.1119 -0.7283 1.3962, 1.1172 -0.7283 1.4019, 1.1198 -0.7283 1.4059, 1.1202 -0.7283 1.4059, 1.1202 -0.7283 1.3911, 1.137 -0.7283 1.3911, 1.137 -0.7283 1.4525, 1.1354 -0.7283 1.4661, 1.1327 -0.7283 1.4734, 1.1292 -0.7283 1.4786, 1.1254 -0.7283 1.4823, 1.1199 -0.7283 1.4855, 1.1129 -0.7283 1.4876, 1.0818 -0.7283 1.4301, 1.084 -0.7283 1.4318, 1.088 -0.7283 1.4337, 1.0979 -0.7283 1.436, 1.0773 -0.7283 1.418, 1.0775 -0.7283 1.4207, 1.0783 -0.7283 1.4245, 1.0798 -0.7283 1.4276, 1.0822 -0.7283 1.4069, 1.0807 -0.7283 1.4083, 1.0788 -0.7283 1.4111, 1.0778 -0.7283 1.4142, 1.0949 -0.7283 1.4026, 1.0893 -0.7283 1.4032, 1.0855 -0.7283 1.4046, 1.1131 -0.7283 1.4104, 1.111 -0.7283 1.4083, 1.1063 -0.7283 1.4051, 1.1012 -0.7283 1.4033, 1.1202 -0.7283 1.4298, 1.1202 -0.7283 1.4287, 1.1191 -0.7283 1.4212, 1.1167 -0.7283 1.4153, 1.1202 -0.7283 1.439
            ]
        }
        coordIndex [
            0,1,2,-1,2,1,3,-1,4,5,6,-1,6,5,0,-1,6,0,2,-1,7,5,8,-1,8,5,4,-1,9,7,10,-1,10,7,8,-1,11,9,12,-1,12,9,10,-1,13,11,14,-1,14,11,12,-1,15,13,16,-1,16,13,14,-1,17,15,18,-1,18,15,16,-1,19,17,20,-1,20,17,18,-1,21,19,22,-1,22,19,20,-1,23,21,24,-1,24,21,22,-1,3,1,25,-1,25,1,23,-1,25,23,24,-1,23,1,0,-1,0,5,23,-1,23,5,7,-1,23,7,21,-1,17,19,15,-1,15,19,21,-1,15,21,13,-1,13,21,7,-1,13,7,11,-1,11,7,9,-1,26,27,28,-1,29,30,31,-1,31,30,32,-1,33,34,27,-1,27,34,30,-1,27,30,28,-1,28,30,29,-1,35,36,37,-1,28,38,26,-1,26,38,39,-1,26,39,40,-1,40,39,41,-1,40,41,42,-1,42,41,43,-1,42,43,44,-1,44,43,45,-1,44,45,46,-1,46,45,47,-1,46,47,48,-1,48,47,49,-1,48,49,50,-1,50,49,51,-1,50,51,52,-1,52,51,53,-1,52,53,54,-1,54,53,55,-1,35,37,56,-1,56,37,57,-1,56,57,58,-1,59,60,61,-1,61,60,62,-1,61,62,63,-1,63,62,64,-1,63,64,65,-1,65,64,66,-1,65,66,67,-1,67,66,68,-1,67,68,69,-1,69,68,70,-1,69,70,71,-1,71,70,72,-1,71,72,73,-1,73,72,74,-1,73,74,75,-1,75,74,76,-1,75,76,77,-1,77,76,78,-1,77,78,30,-1,30,78,58,-1,30,58,32,-1,32,58,57,-1,36,35,79,-1,79,35,80,-1,79,80,81,-1,81,80,82,-1,81,82,83,-1,83,82,84,-1,83,84,85,-1,85,84,86,-1,85,86,87,-1,87,86,88,-1,87,88,89,-1,89,88,90,-1,89,90,91,-1,91,90,92,-1,91,92,55,-1,55,92,93,-1,55,93,54,-1,65,94,95,-1,65,95,63,-1,63,95,96,-1,63,96,61,-1,61,96,97,-1,61,97,59,-1,60,59,98,-1,98,59,97,-1,60,98,99,-1,60,99,62,-1,62,99,100,-1,62,100,64,-1,64,100,101,-1,64,101,66,-1,66,101,102,-1,66,102,68,-1,68,102,103,-1,68,103,70,-1,70,103,104,-1,70,104,72,-1,72,104,105,-1,72,105,74,-1,74,105,106,-1,74,106,76,-1,76,106,107,-1,76,107,78,-1,78,107,108,-1,78,108,58,-1,56,58,109,-1,109,58,108,-1,56,109,110,-1,56,110,35,-1,35,110,111,-1,35,111,80,-1,80,111,112,-1,80,112,82,-1,82,112,113,-1,82,113,84,-1,84,113,114,-1,84,114,86,-1,86,114,115,-1,86,115,88,-1,88,115,116,-1,88,116,90,-1,90,116,117,-1,90,117,92,-1,92,117,118,-1,92,118,93,-1,93,118,119,-1,93,119,54,-1,120,48,121,-1,121,48,50,-1,121,50,122,-1,122,50,52,-1,122,52,123,-1,123,52,54,-1,123,54,119,-1,48,120,124,-1,48,124,46,-1,46,124,125,-1,46,125,44,-1,125,126,44,-1,44,126,127,-1,44,127,42,-1,42,127,128,-1,42,128,40,-1,40,128,129,-1,40,129,26,-1,27,26,130,-1,130,26,129,-1,33,27,131,-1,131,27,130,-1,34,33,132,-1,132,33,131,-1,30,34,133,-1,133,34,132,-1,30,133,134,-1,30,134,77,-1,77,134,135,-1,77,135,75,-1,75,135,136,-1,75,136,73,-1,73,136,137,-1,73,137,71,-1,71,137,138,-1,71,138,69,-1,69,138,139,-1,69,139,67,-1,67,139,94,-1,67,94,65,-1,79,140,141,-1,79,141,36,-1,36,141,142,-1,36,142,37,-1,37,142,143,-1,37,143,57,-1,87,144,145,-1,87,145,85,-1,85,145,146,-1,85,146,83,-1,83,146,147,-1,83,147,81,-1,81,147,140,-1,81,140,79,-1,53,148,149,-1,53,149,55,-1,55,149,150,-1,55,150,91,-1,91,150,151,-1,91,151,89,-1,89,151,144,-1,89,144,87,-1,47,152,153,-1,47,153,49,-1,49,153,154,-1,49,154,51,-1,51,154,148,-1,51,148,53,-1,39,155,156,-1,39,156,41,-1,41,156,157,-1,41,157,43,-1,43,157,158,-1,43,158,45,-1,45,158,152,-1,45,152,47,-1,31,159,160,-1,31,160,29,-1,29,160,161,-1,29,161,28,-1,28,161,162,-1,28,162,38,-1,38,162,155,-1,38,155,39,-1,31,32,159,-1,159,32,163,-1,32,57,163,-1,163,57,143,-1,
        ]
    }
}
Shape{
    appearance Appearance {
        material  Material 	{
            diffuseColor 0.25098039215686274 0.25098039215686274 0.25098039215686274
            specularColor 0.12549019607843137 0.12549019607843137 0.12549019607843137
            ambientIntensity 0.251
            transparency 0.0
            shininess 0.5
        }
    }
    geometry IndexedFaceSet {
        ccw TRUE
        solid FALSE
        coord DEF co Coordinate {
            point [
                1.1202 -0.7283 1.439, 1.0979 -0.7283 1.436, 1.1202 -0.7283 1.4298, 1.088 -0.7283 1.4337, 1.084 -0.7283 1.4318, 1.0818 -0.7283 1.4301, 1.1202 -0.7283 1.4287, 1.1191 -0.7283 1.4212, 1.0798 -0.7283 1.4276, 1.1167 -0.7283 1.4153, 1.0807 -0.7283 1.4083, 1.0822 -0.7283 1.4069, 1.111 -0.7283 1.4083, 1.0788 -0.7283 1.4111, 1.1063 -0.7283 1.4051, 1.1012 -0.7283 1.4033, 1.0949 -0.7283 1.4026, 1.0783 -0.7283 1.4245, 1.0775 -0.7283 1.4207, 1.1131 -0.7283 1.4104, 1.0773 -0.7283 1.418, 1.0778 -0.7283 1.4142, 1.0855 -0.7283 1.4046, 1.0893 -0.7283 1.4032
            ]
        }
        coordIndex [
            0,1,2,-1,2,1,3,-1,3,4,2,-1,2,4,5,-1,2,5,6,-1,6,5,7,-1,7,5,8,-1,7,8,9,-1,10,11,12,-1,10,12,13,-1,14,12,15,-1,15,12,16,-1,8,17,9,-1,9,17,18,-1,9,18,19,-1,19,18,20,-1,19,20,12,-1,12,20,21,-1,12,21,13,-1,11,22,12,-1,12,22,23,-1,12,23,16,-1,
        ]
    }
}
Shape{
    appearance Appearance {
        material  Material 	{
            diffuseColor 1.0 1.0 1.0
            specularColor 0.5019607843137255 0.5019607843137255 0.5019607843137255
            ambientIntensity 1.0
            transparency 0.0
            shininess 0.5
        }
    }
    geometry IndexedFaceSet {
        ccw TRUE
        solid FALSE
        coord DEF co Coordinate {
            point [
                1.1871 -0.7323 1.4025, 1.1871 -0.7283 1.4025, 1.1756 -0.7283 1.404, 1.1673 -0.7283 1.4073, 1.1652 -0.7323 1.4082, 1.1756 -0.7323 1.404, 1.1652 -0.7283 1.4082, 1.1596 -0.7283 1.4117, 1.1596 -0.7323 1.4117, 1.1596 -0.7323 1.3945, 1.1596 -0.7283 1.3945, 1.1711 -0.7323 1.3904, 1.1673 -0.7283 1.3917, 1.1855 -0.7283 1.3889, 1.1855 -0.7323 1.3889, 1.1749 -0.7283 1.39, 1.1711 -0.7283 1.3904, 1.1995 -0.7323 1.3904, 1.1958 -0.7283 1.39, 1.1995 -0.7283 1.3904, 1.2085 -0.7283 1.3936, 1.2085 -0.7323 1.3936, 1.2132 -0.7283 1.3964, 1.2132 -0.7323 1.3964, 1.218 -0.7283 1.4006, 1.218 -0.7323 1.4006, 1.2211 -0.7283 1.405, 1.2211 -0.7323 1.405, 1.2232 -0.7283 1.4103, 1.2232 -0.7323 1.4103, 1.224 -0.7283 1.4171, 1.224 -0.7323 1.4171, 1.2233 -0.7283 1.4233, 1.2233 -0.7323 1.4233, 1.2215 -0.7283 1.4282, 1.2215 -0.7323 1.4282, 1.2184 -0.7283 1.4328, 1.2184 -0.7323 1.4328, 1.2144 -0.7283 1.4364, 1.2144 -0.7323 1.4364, 1.2033 -0.7283 1.4425, 1.2033 -0.7323 1.4425, 1.1968 -0.7283 1.4452, 1.1968 -0.7323 1.4452, 1.1865 -0.7283 1.4497, 1.1865 -0.7323 1.4497, 1.1806 -0.7283 1.4534, 1.1806 -0.7323 1.4534, 1.179 -0.7283 1.4551, 1.179 -0.7323 1.4551, 1.1778 -0.7283 1.4574, 1.1778 -0.7323 1.4574, 1.1771 -0.7283 1.46, 1.1771 -0.7323 1.46, 1.1769 -0.7283 1.4622, 1.1769 -0.7323 1.4622, 1.1772 -0.7283 1.4649, 1.1772 -0.7323 1.4649, 1.1781 -0.7283 1.4671, 1.1781 -0.7323 1.4671, 1.1795 -0.7283 1.4693, 1.1795 -0.7323 1.4693, 1.182 -0.7283 1.4715, 1.182 -0.7323 1.4715, 1.1858 -0.7283 1.4735, 1.1858 -0.7323 1.4735, 1.1902 -0.7283 1.4747, 1.1902 -0.7323 1.4747, 1.1952 -0.7283 1.475, 1.1952 -0.7323 1.475, 1.2071 -0.7283 1.4736, 1.2071 -0.7323 1.4736, 1.2165 -0.7283 1.4698, 1.2165 -0.7323 1.4698, 1.2194 -0.7283 1.4682, 1.2194 -0.7323 1.4682, 1.2194 -0.7323 1.4844, 1.2194 -0.7283 1.4844, 1.2072 -0.7283 1.4878, 1.2072 -0.7323 1.4878, 1.1968 -0.7283 1.4886, 1.1968 -0.7323 1.4886, 1.1838 -0.7283 1.4871, 1.1838 -0.7323 1.4871, 1.1748 -0.7283 1.4837, 1.1748 -0.7323 1.4837, 1.1704 -0.7283 1.481, 1.1704 -0.7323 1.481, 1.1655 -0.7323 1.4766, 1.1673 -0.7283 1.4783, 1.1655 -0.7283 1.4766, 1.1624 -0.7283 1.4721, 1.1624 -0.7323 1.4721, 1.1604 -0.7283 1.4667, 1.1604 -0.7323 1.4667, 1.1597 -0.7283 1.4607, 1.1597 -0.7323 1.4607, 1.1604 -0.7283 1.4542, 1.1604 -0.7323 1.4542, 1.1623 -0.7283 1.4491, 1.1623 -0.7323 1.4491, 1.1644 -0.7283 1.4456, 1.1644 -0.7323 1.4456, 1.185 -0.7283 1.433, 1.185 -0.7323 1.433, 1.1751 -0.7323 1.4376, 1.1672 -0.7283 1.4428, 1.1672 -0.7323 1.4428, 1.1673 -0.7283 1.4427, 1.1751 -0.7283 1.4376, 1.196 -0.7283 1.4284, 1.196 -0.7323 1.4284, 1.2025 -0.7283 1.4245, 1.2025 -0.7323 1.4245, 1.2046 -0.7283 1.4223, 1.2046 -0.7323 1.4223, 1.2059 -0.7283 1.4201, 1.2059 -0.7323 1.4201, 1.2067 -0.7283 1.4175, 1.2067 -0.7323 1.4175, 1.2068 -0.7283 1.4154, 1.2068 -0.7323 1.4154, 1.2065 -0.7283 1.4122, 1.2065 -0.7323 1.4122, 1.2056 -0.7283 1.4099, 1.2056 -0.7323 1.4099, 1.2042 -0.7283 1.4077, 1.2042 -0.7323 1.4077, 1.2022 -0.7283 1.406, 1.2022 -0.7323 1.406, 1.2007 -0.7283 1.4051, 1.2007 -0.7323 1.4051, 1.1964 -0.7283 1.4035, 1.1964 -0.7323 1.4035, 1.1878 -0.7283 1.4025, 1.1878 -0.7323 1.4025, 1.3068 -0.7323 1.4864, 1.3242 -0.7323 1.4864, 1.3068 -0.7283 1.4864, 1.3242 -0.7283 1.4864, 1.2808 -0.7323 1.4147, 1.2808 -0.7283 1.4147, 1.2795 -0.7283 1.4102, 1.2795 -0.7323 1.4102, 1.2788 -0.7283 1.407, 1.2788 -0.7323 1.407, 1.2783 -0.7323 1.407, 1.2783 -0.7283 1.407, 1.2763 -0.7323 1.4148, 1.2763 -0.7283 1.4148, 1.2514 -0.7283 1.4864, 1.2514 -0.7323 1.4864, 1.2594 -0.7283 1.4632, 1.2327 -0.7323 1.4864, 1.2327 -0.7283 1.4864, 1.2701 -0.7283 1.3913, 1.2701 -0.7323 1.3913, 1.2594 -0.7283 1.4184, 1.2627 -0.7283 1.374, 1.2627 -0.7323 1.374, 1.2695 -0.7283 1.39, 1.2595 -0.7283 1.368, 1.2595 -0.7323 1.368, 1.2594 -0.7283 1.368, 1.2563 -0.7323 1.3645, 1.2563 -0.7283 1.3645, 1.2533 -0.7283 1.3624, 1.2533 -0.7323 1.3624, 1.2496 -0.7283 1.361, 1.2496 -0.7323 1.361, 1.2456 -0.7283 1.3606, 1.2456 -0.7323 1.3606, 1.2395 -0.7283 1.3614, 1.2395 -0.7323 1.3614, 1.2361 -0.7283 1.3625, 1.2361 -0.7323 1.3625, 1.2361 -0.7323 1.3476, 1.2361 -0.7283 1.3476, 1.2432 -0.7283 1.3464, 1.2432 -0.7323 1.3464, 1.2469 -0.7283 1.3462, 1.2469 -0.7323 1.3462, 1.2537 -0.7283 1.347, 1.2537 -0.7323 1.347, 1.2594 -0.7283 1.3492, 1.2602 -0.7323 1.3495, 1.2602 -0.7283 1.3495, 1.2661 -0.7283 1.3536, 1.2661 -0.7323 1.3536, 1.2672 -0.7283 1.3547, 1.2672 -0.7323 1.3547, 1.2733 -0.7283 1.362, 1.2733 -0.7323 1.362, 1.2809 -0.7283 1.3767, 1.2809 -0.7323 1.3767, 1.2861 -0.7283 1.39, 1.414 -0.7323 1.4063, 1.414 -0.7323 1.3911, 1.414 -0.7283 1.4063, 1.414 -0.7283 1.3911, 1.3594 -0.7283 1.4063, 1.3594 -0.7323 1.4063, 1.3844 -0.7283 1.4063, 1.3594 -0.7323 1.4512, 1.3594 -0.7283 1.4512, 1.4071 -0.7283 1.4512, 1.4071 -0.7323 1.4512, 1.3844 -0.7283 1.4512, 1.4071 -0.7323 1.4665, 1.4071 -0.7283 1.4665, 1.3594 -0.7283 1.4665, 1.3594 -0.7323 1.4665, 1.3844 -0.7283 1.4665, 1.3594 -0.7323 1.5092, 1.3594 -0.7283 1.5092, 1.4109 -0.7283 1.5092, 1.4109 -0.7323 1.5092, 1.3844 -0.7283 1.5092, 1.4109 -0.7323 1.5246, 1.4109 -0.7283 1.5246, 1.3422 -0.7283 1.5246, 1.3422 -0.7323 1.5246, 1.3844 -0.7283 1.5246, 1.3422 -0.7323 1.3911, 1.3422 -0.7283 1.3911, 1.3844 -0.7283 1.3911, 1.4936 -0.7323 1.5074, 1.48 -0.7323 1.5245, 1.4765 -0.7323 1.5092, 1.4772 -0.7323 1.5246, 1.4564 -0.7323 1.5092, 1.4392 -0.7323 1.5246, 1.4564 -0.7323 1.4063, 1.4392 -0.7323 1.3911, 1.4758 -0.7323 1.4063, 1.4759 -0.7323 1.3911, 1.4914 -0.7323 1.4079, 1.4983 -0.7323 1.3938, 1.5032 -0.7323 1.4118, 1.5136 -0.7323 1.3997, 1.5122 -0.7323 1.4174, 1.5277 -0.7323 1.4098, 1.5154 -0.7323 1.4203, 1.5224 -0.7323 1.429, 1.5367 -0.7323 1.4203, 1.5269 -0.7323 1.4391, 1.5437 -0.7323 1.4339, 1.5293 -0.7323 1.4515, 1.5472 -0.7323 1.4493, 1.5297 -0.7323 1.4591, 1.5478 -0.7323 1.4596, 1.5282 -0.7323 1.4739, 1.5456 -0.7323 1.4778, 1.5246 -0.7323 1.4842, 1.5407 -0.7323 1.4905, 1.5197 -0.7323 1.4919, 1.5325 -0.7323 1.5022, 1.5151 -0.7323 1.4967, 1.5277 -0.7323 1.5069, 1.5052 -0.7323 1.5032, 1.5159 -0.7323 1.5153, 1.5001 -0.7323 1.5217, 1.4759 -0.7283 1.3911, 1.4392 -0.7283 1.3911, 1.4983 -0.7283 1.3938, 1.5136 -0.7283 1.3997, 1.5277 -0.7283 1.4098, 1.5367 -0.7283 1.4203, 1.5437 -0.7283 1.4339, 1.5472 -0.7283 1.4493, 1.5478 -0.7283 1.4596, 1.5456 -0.7283 1.4778, 1.5407 -0.7283 1.4905, 1.5325 -0.7283 1.5022, 1.5277 -0.7283 1.5069, 1.5159 -0.7283 1.5153, 1.5001 -0.7283 1.5217, 1.48 -0.7283 1.5245, 1.4772 -0.7283 1.5246, 1.4392 -0.7283 1.5246, 1.4765 -0.7283 1.5092, 1.4564 -0.7283 1.5092, 1.4564 -0.7283 1.4063, 1.4758 -0.7283 1.4063, 1.5154 -0.7283 1.4203, 1.5122 -0.7283 1.4174, 1.5032 -0.7283 1.4118, 1.4914 -0.7283 1.4079, 1.5297 -0.7283 1.4591, 1.5293 -0.7283 1.4515, 1.5269 -0.7283 1.4391, 1.5224 -0.7283 1.429, 1.5151 -0.7283 1.4967, 1.5197 -0.7283 1.4919, 1.5246 -0.7283 1.4842, 1.5282 -0.7283 1.4739, 1.4936 -0.7283 1.5074, 1.5052 -0.7283 1.5032
            ]
        }
        coordIndex [
            0,1,2,-1,3,4,2,-1,2,4,5,-1,2,5,0,-1,3,6,4,-1,4,6,7,-1,4,7,8,-1,9,8,10,-1,10,8,7,-1,9,10,11,-1,11,10,12,-1,13,14,15,-1,15,14,11,-1,15,11,16,-1,16,11,12,-1,14,13,17,-1,17,13,18,-1,18,19,17,-1,17,19,20,-1,17,20,21,-1,21,20,22,-1,21,22,23,-1,23,22,24,-1,23,24,25,-1,25,24,26,-1,25,26,27,-1,27,26,28,-1,27,28,29,-1,29,28,30,-1,29,30,31,-1,31,30,32,-1,31,32,33,-1,33,32,34,-1,33,34,35,-1,35,34,36,-1,35,36,37,-1,37,36,38,-1,37,38,39,-1,39,38,40,-1,39,40,41,-1,41,40,42,-1,41,42,43,-1,43,42,44,-1,43,44,45,-1,45,44,46,-1,45,46,47,-1,47,46,48,-1,47,48,49,-1,49,48,50,-1,49,50,51,-1,51,50,52,-1,51,52,53,-1,53,52,54,-1,53,54,55,-1,55,54,56,-1,55,56,57,-1,57,56,58,-1,57,58,59,-1,59,58,60,-1,59,60,61,-1,61,60,62,-1,61,62,63,-1,63,62,64,-1,63,64,65,-1,65,64,66,-1,65,66,67,-1,67,66,68,-1,67,68,69,-1,69,68,70,-1,69,70,71,-1,71,70,72,-1,71,72,73,-1,73,72,74,-1,73,74,75,-1,76,75,77,-1,77,75,74,-1,76,77,78,-1,76,78,79,-1,79,78,80,-1,79,80,81,-1,81,80,82,-1,81,82,83,-1,83,82,84,-1,83,84,85,-1,85,84,86,-1,85,86,87,-1,87,86,88,-1,88,86,89,-1,89,90,88,-1,88,90,91,-1,88,91,92,-1,92,91,93,-1,92,93,94,-1,94,93,95,-1,94,95,96,-1,96,95,97,-1,96,97,98,-1,98,97,99,-1,98,99,100,-1,100,99,101,-1,100,101,102,-1,103,104,105,-1,102,101,106,-1,102,106,107,-1,107,106,108,-1,107,108,105,-1,105,108,109,-1,105,109,103,-1,104,103,110,-1,104,110,111,-1,111,110,112,-1,111,112,113,-1,113,112,114,-1,113,114,115,-1,115,114,116,-1,115,116,117,-1,117,116,118,-1,117,118,119,-1,119,118,120,-1,119,120,121,-1,121,120,122,-1,121,122,123,-1,123,122,124,-1,123,124,125,-1,125,124,126,-1,125,126,127,-1,127,126,128,-1,127,128,129,-1,129,128,130,-1,129,130,131,-1,131,130,132,-1,131,132,133,-1,133,132,134,-1,133,134,135,-1,135,134,1,-1,135,1,0,-1,61,63,85,-1,85,63,83,-1,111,43,104,-1,104,43,45,-1,14,0,11,-1,11,0,5,-1,11,5,9,-1,9,5,4,-1,9,4,8,-1,63,65,83,-1,83,65,67,-1,83,67,81,-1,81,67,69,-1,81,69,79,-1,79,69,71,-1,79,71,76,-1,76,71,73,-1,76,73,75,-1,21,23,127,-1,127,23,25,-1,127,25,125,-1,125,25,27,-1,125,27,123,-1,123,27,29,-1,123,29,121,-1,121,29,31,-1,121,31,119,-1,119,31,33,-1,119,33,117,-1,117,33,35,-1,117,35,115,-1,115,35,37,-1,115,37,113,-1,113,37,39,-1,113,39,111,-1,111,39,41,-1,111,41,43,-1,127,129,21,-1,21,129,131,-1,21,131,17,-1,17,131,133,-1,17,133,14,-1,14,133,135,-1,14,135,0,-1,85,87,61,-1,61,87,88,-1,61,88,59,-1,59,88,92,-1,59,92,57,-1,57,92,94,-1,57,94,55,-1,55,94,96,-1,55,96,53,-1,53,96,98,-1,53,98,51,-1,51,98,100,-1,51,100,49,-1,49,100,102,-1,49,102,47,-1,47,102,107,-1,47,107,45,-1,45,107,105,-1,45,105,104,-1,136,137,138,-1,138,137,139,-1,140,136,141,-1,141,136,138,-1,140,141,142,-1,140,142,143,-1,143,142,144,-1,143,144,145,-1,146,145,147,-1,147,145,144,-1,148,146,149,-1,149,146,147,-1,150,151,152,-1,152,151,148,-1,152,148,149,-1,153,151,154,-1,154,151,150,-1,155,156,157,-1,157,156,153,-1,157,153,154,-1,158,159,160,-1,160,159,156,-1,160,156,155,-1,159,158,161,-1,159,161,162,-1,162,161,163,-1,162,163,164,-1,163,165,164,-1,164,165,166,-1,164,166,167,-1,167,166,168,-1,167,168,169,-1,169,168,170,-1,169,170,171,-1,171,170,172,-1,171,172,173,-1,173,172,174,-1,173,174,175,-1,176,175,177,-1,177,175,174,-1,176,177,178,-1,176,178,179,-1,179,178,180,-1,179,180,181,-1,181,180,182,-1,181,182,183,-1,183,182,184,-1,183,184,185,-1,184,186,185,-1,185,186,187,-1,185,187,188,-1,188,187,189,-1,188,189,190,-1,190,189,191,-1,190,191,192,-1,192,191,193,-1,192,193,194,-1,139,137,195,-1,195,137,194,-1,195,194,193,-1,143,145,194,-1,137,136,194,-1,194,136,140,-1,194,140,143,-1,151,153,148,-1,148,153,156,-1,148,156,146,-1,192,162,190,-1,190,162,164,-1,175,176,173,-1,173,176,179,-1,173,179,171,-1,171,179,181,-1,171,181,169,-1,169,181,183,-1,169,183,167,-1,167,183,185,-1,167,185,164,-1,164,185,188,-1,164,188,190,-1,145,146,194,-1,194,146,156,-1,194,156,192,-1,192,156,159,-1,192,159,162,-1,196,197,198,-1,198,197,199,-1,200,201,202,-1,202,201,196,-1,202,196,198,-1,203,201,204,-1,204,201,200,-1,205,206,207,-1,207,206,203,-1,207,203,204,-1,208,206,209,-1,209,206,205,-1,210,211,212,-1,212,211,208,-1,212,208,209,-1,213,211,214,-1,214,211,210,-1,215,216,217,-1,217,216,213,-1,217,213,214,-1,218,216,219,-1,219,216,215,-1,220,221,222,-1,222,221,218,-1,222,218,219,-1,223,221,224,-1,224,221,220,-1,199,197,225,-1,225,197,223,-1,225,223,224,-1,223,197,196,-1,196,201,223,-1,223,201,203,-1,223,203,221,-1,216,218,213,-1,213,218,221,-1,213,221,211,-1,211,221,203,-1,211,203,208,-1,208,203,206,-1,226,227,228,-1,228,227,229,-1,228,229,230,-1,230,229,231,-1,230,231,232,-1,232,231,233,-1,232,233,234,-1,234,233,235,-1,234,235,236,-1,236,235,237,-1,236,237,238,-1,238,237,239,-1,238,239,240,-1,240,239,241,-1,240,241,242,-1,242,241,243,-1,243,241,244,-1,243,244,245,-1,245,244,246,-1,245,246,247,-1,247,246,248,-1,247,248,249,-1,249,248,250,-1,249,250,251,-1,251,250,252,-1,251,252,253,-1,253,252,254,-1,253,254,255,-1,255,254,256,-1,255,256,257,-1,257,256,258,-1,257,258,259,-1,259,258,260,-1,259,260,226,-1,226,260,261,-1,226,261,227,-1,235,233,262,-1,262,233,263,-1,235,262,264,-1,235,264,237,-1,237,264,265,-1,237,265,239,-1,239,265,266,-1,239,266,241,-1,241,266,267,-1,241,267,244,-1,244,267,268,-1,244,268,246,-1,246,268,269,-1,246,269,248,-1,248,269,270,-1,248,270,250,-1,250,270,271,-1,250,271,252,-1,252,271,272,-1,252,272,254,-1,254,272,273,-1,254,273,256,-1,256,273,274,-1,256,274,258,-1,258,274,275,-1,258,275,260,-1,260,275,276,-1,260,276,261,-1,261,276,277,-1,261,277,227,-1,227,277,278,-1,227,278,229,-1,231,229,279,-1,279,229,278,-1,233,231,263,-1,263,231,279,-1,228,230,280,-1,280,230,281,-1,230,232,281,-1,281,232,282,-1,232,234,282,-1,282,234,283,-1,242,284,285,-1,242,285,240,-1,240,285,286,-1,240,286,238,-1,238,286,287,-1,238,287,236,-1,236,287,283,-1,236,283,234,-1,249,288,289,-1,249,289,247,-1,247,289,290,-1,247,290,245,-1,245,290,291,-1,245,291,243,-1,243,291,284,-1,243,284,242,-1,257,292,293,-1,257,293,255,-1,255,293,294,-1,255,294,253,-1,253,294,295,-1,253,295,251,-1,251,295,288,-1,251,288,249,-1,228,280,296,-1,228,296,226,-1,226,296,297,-1,226,297,259,-1,259,297,292,-1,259,292,257,-1,
        ]
    }
}
Shape{
    appearance Appearance {
        material  Material 	{
            diffuseColor 0.25098039215686274 0.25098039215686274 0.25098039215686274
            specularColor 0.12549019607843137 0.12549019607843137 0.12549019607843137
            ambientIntensity 0.251
            transparency 0.0
            shininess 0.5
        }
    }
    geometry IndexedFaceSet {
        ccw TRUE
        solid FALSE
        coord DEF co Coordinate {
            point [
                1.4564 -0.7283 1.5092, 1.4564 -0.7283 1.4063, 1.4765 -0.7283 1.5092, 1.4758 -0.7283 1.4063, 1.5297 -0.7283 1.4591, 1.5282 -0.7283 1.4739, 1.5246 -0.7283 1.4842, 1.5197 -0.7283 1.4919, 1.5151 -0.7283 1.4967, 1.5293 -0.7283 1.4515, 1.4914 -0.7283 1.4079, 1.5032 -0.7283 1.4118, 1.5122 -0.7283 1.4174, 1.5154 -0.7283 1.4203, 1.5269 -0.7283 1.4391, 1.5224 -0.7283 1.429, 1.5052 -0.7283 1.5032, 1.4936 -0.7283 1.5074
            ]
        }
        coordIndex [
            0,1,2,-1,2,1,3,-1,3,4,5,-1,5,6,3,-1,3,6,7,-1,3,7,8,-1,4,3,9,-1,9,3,10,-1,9,10,11,-1,11,12,9,-1,9,12,13,-1,9,13,14,-1,14,13,15,-1,8,16,3,-1,3,16,17,-1,3,17,2,-1,
        ]
    }
}
Shape{
    appearance Appearance {
        material  Material 	{
            diffuseColor 1.0 1.0 1.0
            specularColor 0.5019607843137255 0.5019607843137255 0.5019607843137255
            ambientIntensity 1.0
            transparency 0.0
            shininess 0.5
        }
    }
    geometry IndexedFaceSet {
        ccw TRUE
        solid FALSE
        coord DEF co Coordinate {
            point [
                1.5925 -0.7323 1.4427, 1.5871 -0.7323 1.4276, 1.6373 -0.7323 1.4427, 1.6426 -0.7323 1.4276, 1.6125 -0.7323 1.4982, 1.606 -0.7323 1.5246, 1.5552 -0.7323 1.3911, 1.5742 -0.7323 1.3911, 1.6136 -0.7323 1.5022, 1.6147 -0.7323 1.5075, 1.6245 -0.7323 1.5246, 1.6151 -0.7323 1.5075, 1.6162 -0.7323 1.5019, 1.6172 -0.7323 1.4982, 1.6753 -0.7323 1.3911, 1.6563 -0.7323 1.3911, 1.6245 -0.7283 1.5246, 1.6753 -0.7283 1.3911, 1.606 -0.7283 1.5246, 1.5552 -0.7283 1.3911, 1.5742 -0.7283 1.3911, 1.5871 -0.7283 1.4276, 1.6426 -0.7283 1.4276, 1.6563 -0.7283 1.3911, 1.5925 -0.7283 1.4427, 1.6373 -0.7283 1.4427, 1.6172 -0.7283 1.4982, 1.6151 -0.7283 1.5075, 1.6162 -0.7283 1.5019, 1.6147 -0.7283 1.5075, 1.6125 -0.7283 1.4982, 1.6136 -0.7283 1.5022
            ]
        }
        coordIndex [
            0,1,2,-1,2,1,3,-1,4,5,0,-1,0,5,6,-1,0,6,1,-1,1,6,7,-1,4,8,5,-1,5,8,9,-1,5,9,10,-1,10,9,11,-1,10,11,12,-1,12,13,10,-1,10,13,2,-1,10,2,14,-1,14,2,3,-1,14,3,15,-1,10,14,16,-1,16,14,17,-1,5,10,18,-1,18,10,16,-1,6,5,19,-1,19,5,18,-1,7,6,20,-1,20,6,19,-1,1,7,21,-1,21,7,20,-1,3,1,22,-1,22,1,21,-1,15,3,23,-1,23,3,22,-1,14,15,17,-1,17,15,23,-1,0,2,24,-1,24,2,25,-1,2,13,25,-1,25,13,26,-1,11,27,28,-1,11,28,12,-1,12,28,26,-1,12,26,13,-1,11,9,27,-1,27,9,29,-1,4,30,31,-1,4,31,8,-1,8,31,29,-1,8,29,9,-1,4,0,30,-1,30,0,24,-1,
        ]
    }
}
Shape{
    appearance Appearance {
        material  Material 	{
            diffuseColor 0.25098039215686274 0.25098039215686274 0.25098039215686274
            specularColor 0.12549019607843137 0.12549019607843137 0.12549019607843137
            ambientIntensity 0.251
            transparency 0.0
            shininess 0.5
        }
    }
    geometry IndexedFaceSet {
        ccw TRUE
        solid FALSE
        coord DEF co Coordinate {
            point [
                1.6151 -0.7283 1.5075, 1.6147 -0.7283 1.5075, 1.6162 -0.7283 1.5019, 1.6136 -0.7283 1.5022, 1.6172 -0.7283 1.4982, 1.6125 -0.7283 1.4982, 1.6373 -0.7283 1.4427, 1.5925 -0.7283 1.4427
            ]
        }
        coordIndex [
            0,1,2,-1,2,1,3,-1,2,3,4,-1,4,3,5,-1,4,5,6,-1,6,5,7,-1,
        ]
    }
}
Shape{
    appearance Appearance {
        material  Material 	{
            diffuseColor 1.0 1.0 1.0
            specularColor 0.5019607843137255 0.5019607843137255 0.5019607843137255
            ambientIntensity 1.0
            transparency 0.0
            shininess 0.5
        }
    }
    geometry IndexedFaceSet {
        ccw TRUE
        solid FALSE
        coord DEF co Coordinate {
            point [
                0.3833 -0.7323 1.3722, 0.3974 -0.7323 1.3548, 0.3747 -0.7323 1.4561, 0.3581 -0.7323 1.6209, 0.3792 -0.7323 1.6322, 0.3743 -0.7323 1.6906, 0.4335 -0.7323 1.6933, 0.4629 -0.7323 1.6241, 0.4774 -0.7323 1.6541, 0.354 -0.7323 1.4689, 0.3617 -0.7323 1.3962, 0.3737 -0.7323 1.3926, 0.4117 -0.7323 1.6952, 0.4708 -0.7323 1.4581, 0.4796 -0.7323 1.455, 0.5587 -0.7323 1.4324, 0.4873 -0.7323 1.4498, 0.4934 -0.7323 1.443, 0.6916 -0.7323 1.5026, 0.6622 -0.7323 1.5529, 0.535 -0.7323 1.4865, 0.4629 -0.7323 1.459, 0.4536 -0.7323 1.4578, 0.4412 -0.7323 1.516, 0.4453 -0.7323 1.4545, 0.4202 -0.7323 1.5079, 0.4379 -0.7323 1.4492, 0.4008 -0.7323 1.4944, 0.4342 -0.7323 1.4453, 0.3851 -0.7323 1.4765, 0.4293 -0.7323 1.4374, 0.4265 -0.7323 1.4285, 0.426 -0.7323 1.4193, 0.4983 -0.7323 1.5124, 0.4754 -0.7323 1.5181, 0.4639 -0.7323 1.5188, 0.4975 -0.7323 1.4352, 0.4997 -0.7323 1.4264, 0.5587 -0.7323 1.4229, 0.4997 -0.7323 1.4177, 0.5582 -0.7323 1.4129, 0.7229 -0.7323 1.5966, 0.7305 -0.7323 1.5966, 0.7694 -0.7323 1.6478, 0.7486 -0.7323 1.5943, 0.774 -0.7323 1.6462, 0.7651 -0.7323 1.5879, 0.8022 -0.7323 1.6322, 0.828 -0.7323 1.6105, 0.4529 -0.7323 1.716, 0.4987 -0.7323 1.6795, 0.4752 -0.7323 1.7351, 0.5241 -0.7323 1.6981, 0.4984 -0.7323 1.7494, 0.4026 -0.7323 1.6378, 0.4126 -0.7323 1.6383, 0.4226 -0.7323 1.6946, 0.435 -0.7323 1.6355, 0.4563 -0.7323 1.6277, 0.5184 -0.7323 1.5016, 0.8282 -0.7323 1.4334, 0.784 -0.7323 1.4711, 0.8024 -0.7323 1.4115, 0.77 -0.7323 1.4596, 0.7735 -0.7323 1.3973, 0.7533 -0.7323 1.4518, 0.7419 -0.7323 1.3907, 0.7362 -0.7323 1.4485, 0.6859 -0.7323 1.3907, 0.6935 -0.7323 1.4485, 0.6805 -0.7323 1.3915, 0.4278 -0.7323 1.4104, 0.4315 -0.7323 1.4024, 0.7798 -0.7323 1.5776, 0.7907 -0.7323 1.5656, 0.8473 -0.7323 1.5835, 0.7995 -0.7323 1.5492, 0.859 -0.7323 1.5545, 0.804 -0.7323 1.531, 0.8633 -0.7323 1.5235, 0.8045 -0.7323 1.5226, 0.859 -0.7323 1.4897, 0.8022 -0.7323 1.504, 0.8471 -0.7323 1.4596, 0.7956 -0.7323 1.4871, 0.7852 -0.7323 1.4723, 0.7181 -0.7323 1.7227, 0.6809 -0.7323 1.6792, 0.7496 -0.7323 1.6863, 0.7024 -0.7323 1.6537, 0.717 -0.7323 1.6231, 0.3206 -0.7323 1.5664, 0.2582 -0.7323 1.5506, 0.3177 -0.7323 1.5434, 0.258 -0.7323 1.5415, 0.3189 -0.7323 1.5287, 0.2626 -0.7323 1.5043, 0.3257 -0.7323 1.5055, 0.2762 -0.7323 1.469, 0.337 -0.7323 1.4864, 0.2978 -0.7323 1.4381, 0.3274 -0.7323 1.4129, 0.5526 -0.7323 1.3895, 0.4974 -0.7323 1.4086, 0.5414 -0.7323 1.3684, 0.493 -0.7323 1.4005, 0.5269 -0.7323 1.3522, 0.4878 -0.7323 1.3946, 0.508 -0.7323 1.339, 0.4806 -0.7323 1.3895, 0.4869 -0.7323 1.3309, 0.4724 -0.7323 1.3862, 0.4639 -0.7323 1.328, 0.4629 -0.7323 1.385, 0.4603 -0.7323 1.3281, 0.4613 -0.7323 1.385, 0.4379 -0.7323 1.3316, 0.4528 -0.7323 1.3864, 0.416 -0.7323 1.3408, 0.4442 -0.7323 1.3901, 0.4369 -0.7323 1.3956, 0.5422 -0.7323 1.7663, 0.5551 -0.7323 1.7107, 0.5891 -0.7323 1.7721, 0.59 -0.7323 1.7152, 0.6285 -0.7323 1.7679, 0.6223 -0.7323 1.7112, 0.6761 -0.7323 1.7511, 0.652 -0.7323 1.6998, 0.6787 -0.7323 1.6813, 0.3391 -0.7323 1.677, 0.309 -0.7323 1.6557, 0.3419 -0.7323 1.6065, 0.3026 -0.7323 1.6497, 0.3287 -0.7323 1.5876, 0.2797 -0.7323 1.6204, 0.2646 -0.7323 1.5863, 0.6887 -0.7323 1.4494, 0.6659 -0.7323 1.4006, 0.6681 -0.7323 1.3984, 0.6915 -0.7323 1.4488, 0.6743 -0.7323 1.394, 0.6584 -0.7323 1.4201, 0.6593 -0.7323 1.413, 0.6618 -0.7323 1.4066, 0.6804 -0.7323 1.4485, 0.6739 -0.7323 1.446, 0.6586 -0.7323 1.4238, 0.6681 -0.7323 1.4418, 0.6642 -0.7323 1.4375, 0.6605 -0.7323 1.431, 0.6878 -0.7323 1.4495, 0.8633 -0.7283 1.5235, 0.8603 -0.7283 1.5453, 0.859 -0.7283 1.5545, 0.8473 -0.7283 1.5835, 0.8343 -0.7283 1.6017, 0.828 -0.7283 1.6105, 0.8022 -0.7283 1.6322, 0.774 -0.7283 1.6462, 0.7694 -0.7283 1.6478, 0.7496 -0.7283 1.6863, 0.7181 -0.7283 1.7227, 0.6964 -0.7283 1.7374, 0.6761 -0.7283 1.7511, 0.6285 -0.7283 1.7679, 0.5891 -0.7283 1.7721, 0.5422 -0.7283 1.7663, 0.4984 -0.7283 1.7494, 0.479 -0.7283 1.7374, 0.4752 -0.7283 1.7351, 0.4529 -0.7283 1.716, 0.4335 -0.7283 1.6933, 0.4226 -0.7283 1.6946, 0.4117 -0.7283 1.6952, 0.3743 -0.7283 1.6906, 0.3391 -0.7283 1.677, 0.309 -0.7283 1.6557, 0.3026 -0.7283 1.6497, 0.2582 -0.7283 1.5506, 0.2797 -0.7283 1.6204, 0.2714 -0.7283 1.6017, 0.2646 -0.7283 1.5863, 0.2581 -0.7283 1.5453, 0.258 -0.7283 1.5415, 0.2626 -0.7283 1.5043, 0.2762 -0.7283 1.469, 0.2978 -0.7283 1.4381, 0.3274 -0.7283 1.4129, 0.3617 -0.7283 1.3962, 0.3737 -0.7283 1.3926, 0.3749 -0.7283 1.39, 0.3833 -0.7283 1.3722, 0.3974 -0.7283 1.3548, 0.416 -0.7283 1.3408, 0.4246 -0.7283 1.3371, 0.4379 -0.7283 1.3316, 0.4603 -0.7283 1.3281, 0.4639 -0.7283 1.328, 0.5587 -0.7283 1.4229, 0.4869 -0.7283 1.3309, 0.5031 -0.7283 1.3371, 0.508 -0.7283 1.339, 0.5269 -0.7283 1.3522, 0.5414 -0.7283 1.3684, 0.5526 -0.7283 1.3895, 0.5527 -0.7283 1.39, 0.5582 -0.7283 1.4129, 0.5587 -0.7283 1.4324, 0.6916 -0.7283 1.5026, 0.6666 -0.7283 1.5453, 0.6622 -0.7283 1.5529, 0.535 -0.7283 1.4865, 0.6475 -0.7283 1.5453, 0.5184 -0.7283 1.5016, 0.4983 -0.7283 1.5124, 0.4754 -0.7283 1.5181, 0.4639 -0.7283 1.5188, 0.4412 -0.7283 1.516, 0.4202 -0.7283 1.5079, 0.4008 -0.7283 1.4944, 0.3851 -0.7283 1.4765, 0.3747 -0.7283 1.4561, 0.354 -0.7283 1.4689, 0.337 -0.7283 1.4864, 0.3257 -0.7283 1.5055, 0.3189 -0.7283 1.5287, 0.3177 -0.7283 1.5434, 0.318 -0.7283 1.5453, 0.3206 -0.7283 1.5664, 0.3287 -0.7283 1.5876, 0.3386 -0.7283 1.6017, 0.3419 -0.7283 1.6065, 0.3581 -0.7283 1.6209, 0.3792 -0.7283 1.6322, 0.4026 -0.7283 1.6378, 0.4126 -0.7283 1.6383, 0.435 -0.7283 1.6355, 0.4563 -0.7283 1.6277, 0.4629 -0.7283 1.6241, 0.4774 -0.7283 1.6541, 0.4987 -0.7283 1.6795, 0.5241 -0.7283 1.6981, 0.5551 -0.7283 1.7107, 0.59 -0.7283 1.7152, 0.6223 -0.7283 1.7112, 0.652 -0.7283 1.6998, 0.6787 -0.7283 1.6813, 0.6809 -0.7283 1.6792, 0.7024 -0.7283 1.6537, 0.717 -0.7283 1.6231, 0.7217 -0.7283 1.6017, 0.7229 -0.7283 1.5966, 0.7305 -0.7283 1.5966, 0.8045 -0.7283 1.5226, 0.7486 -0.7283 1.5943, 0.7651 -0.7283 1.5879, 0.7798 -0.7283 1.5776, 0.7907 -0.7283 1.5656, 0.7995 -0.7283 1.5492, 0.8005 -0.7283 1.5453, 0.804 -0.7283 1.531, 0.8022 -0.7283 1.504, 0.7956 -0.7283 1.4871, 0.7852 -0.7283 1.4723, 0.784 -0.7283 1.4711, 0.77 -0.7283 1.4596, 0.7533 -0.7283 1.4518, 0.7362 -0.7283 1.4485, 0.6935 -0.7283 1.4485, 0.6915 -0.7283 1.4488, 0.6887 -0.7283 1.4494, 0.6878 -0.7283 1.4495, 0.6804 -0.7283 1.4485, 0.6739 -0.7283 1.446, 0.6681 -0.7283 1.4418, 0.6642 -0.7283 1.4375, 0.6605 -0.7283 1.431, 0.6586 -0.7283 1.4238, 0.6584 -0.7283 1.4201, 0.6593 -0.7283 1.413, 0.6618 -0.7283 1.4066, 0.6659 -0.7283 1.4006, 0.6681 -0.7283 1.3984, 0.6743 -0.7283 1.394, 0.6805 -0.7283 1.3915, 0.6859 -0.7283 1.3907, 0.7419 -0.7283 1.3907, 0.7735 -0.7283 1.3973, 0.8024 -0.7283 1.4115, 0.8282 -0.7283 1.4334, 0.8471 -0.7283 1.4596, 0.859 -0.7283 1.4897, 0.4629 -0.7283 1.459, 0.4708 -0.7283 1.4581, 0.4796 -0.7283 1.455, 0.4873 -0.7283 1.4498, 0.4934 -0.7283 1.443, 0.4975 -0.7283 1.4352, 0.4997 -0.7283 1.4264, 0.4997 -0.7283 1.4177, 0.4974 -0.7283 1.4086, 0.493 -0.7283 1.4005, 0.4878 -0.7283 1.3946, 0.4806 -0.7283 1.3895, 0.4724 -0.7283 1.3862, 0.4629 -0.7283 1.385, 0.4613 -0.7283 1.385, 0.4528 -0.7283 1.3864, 0.4442 -0.7283 1.3901, 0.4369 -0.7283 1.3956, 0.4315 -0.7283 1.4024, 0.4278 -0.7283 1.4104, 0.426 -0.7283 1.4193, 0.4265 -0.7283 1.4285, 0.4293 -0.7283 1.4374, 0.4342 -0.7283 1.4453, 0.4379 -0.7283 1.4492, 0.4453 -0.7283 1.4545, 0.4536 -0.7283 1.4578
            ]
        }
        coordIndex [
            0,1,2,-1,3,4,5,-1,6,7,8,-1,9,10,2,-1,2,10,11,-1,2,11,0,-1,5,4,12,-1,13,14,15,-1,15,14,16,-1,15,16,17,-1,18,19,15,-1,15,19,20,-1,15,20,13,-1,13,20,21,-1,22,23,24,-1,24,23,25,-1,24,25,26,-1,26,25,27,-1,26,27,28,-1,28,27,29,-1,28,29,30,-1,30,29,2,-1,30,2,31,-1,31,2,32,-1,33,34,22,-1,22,34,35,-1,22,35,23,-1,17,36,15,-1,15,36,37,-1,15,37,38,-1,38,37,39,-1,38,39,40,-1,41,42,43,-1,43,42,44,-1,43,44,45,-1,45,44,46,-1,45,46,47,-1,47,46,48,-1,6,8,49,-1,49,8,50,-1,49,50,51,-1,51,50,52,-1,51,52,53,-1,4,54,12,-1,12,54,55,-1,12,55,56,-1,56,55,57,-1,56,57,6,-1,6,57,58,-1,6,58,7,-1,21,20,22,-1,22,20,59,-1,22,59,33,-1,60,61,62,-1,62,61,63,-1,62,63,64,-1,64,63,65,-1,64,65,66,-1,66,65,67,-1,66,67,68,-1,68,67,69,-1,68,69,70,-1,32,2,71,-1,71,2,1,-1,71,1,72,-1,46,73,48,-1,48,73,74,-1,48,74,75,-1,75,74,76,-1,75,76,77,-1,77,76,78,-1,77,78,79,-1,79,78,80,-1,79,80,81,-1,81,80,82,-1,81,82,83,-1,83,82,84,-1,83,84,60,-1,60,84,85,-1,60,85,61,-1,86,87,88,-1,88,87,89,-1,88,89,43,-1,43,89,90,-1,43,90,41,-1,91,92,93,-1,93,92,94,-1,93,94,95,-1,95,94,96,-1,95,96,97,-1,97,96,98,-1,97,98,99,-1,99,98,100,-1,99,100,9,-1,9,100,101,-1,9,101,10,-1,40,39,102,-1,102,39,103,-1,102,103,104,-1,104,103,105,-1,104,105,106,-1,106,105,107,-1,106,107,108,-1,108,107,109,-1,108,109,110,-1,110,109,111,-1,110,111,112,-1,112,111,113,-1,112,113,114,-1,114,113,115,-1,114,115,116,-1,116,115,117,-1,116,117,118,-1,118,117,119,-1,118,119,1,-1,1,119,120,-1,1,120,72,-1,53,52,121,-1,121,52,122,-1,121,122,123,-1,123,122,124,-1,123,124,125,-1,125,124,126,-1,125,126,127,-1,127,126,128,-1,127,128,86,-1,86,128,129,-1,86,129,87,-1,5,130,3,-1,3,130,131,-1,3,131,132,-1,132,131,133,-1,132,133,134,-1,134,133,135,-1,134,135,91,-1,91,135,136,-1,91,136,92,-1,137,138,139,-1,69,140,70,-1,70,140,137,-1,70,137,141,-1,141,137,139,-1,142,143,137,-1,137,143,144,-1,137,144,138,-1,145,146,147,-1,146,148,147,-1,147,148,149,-1,147,149,150,-1,142,137,147,-1,147,137,151,-1,147,151,145,-1,77,79,152,-1,152,153,77,-1,77,153,154,-1,77,154,155,-1,156,48,155,-1,155,48,75,-1,155,75,77,-1,156,157,48,-1,48,157,158,-1,48,158,47,-1,47,158,159,-1,47,159,45,-1,45,159,160,-1,45,160,43,-1,43,160,161,-1,43,161,88,-1,88,161,162,-1,88,162,86,-1,127,86,163,-1,163,86,162,-1,163,164,127,-1,127,164,165,-1,127,165,125,-1,125,165,166,-1,125,166,123,-1,123,166,167,-1,123,167,121,-1,121,167,168,-1,121,168,53,-1,53,168,51,-1,51,168,169,-1,51,169,170,-1,51,170,171,-1,51,171,49,-1,49,171,172,-1,49,172,6,-1,6,172,173,-1,6,173,56,-1,56,173,174,-1,56,174,12,-1,12,174,175,-1,12,175,5,-1,5,175,176,-1,5,176,130,-1,130,176,177,-1,130,177,131,-1,131,177,178,-1,131,178,133,-1,179,92,136,-1,133,178,180,-1,133,180,135,-1,135,180,181,-1,135,181,136,-1,136,181,182,-1,136,182,179,-1,92,179,94,-1,94,179,183,-1,94,183,184,-1,94,184,185,-1,94,185,96,-1,96,185,186,-1,96,186,98,-1,98,186,187,-1,98,187,100,-1,100,187,188,-1,100,188,101,-1,101,188,189,-1,101,189,10,-1,10,189,190,-1,10,190,11,-1,11,190,191,-1,11,191,0,-1,191,192,0,-1,0,192,193,-1,0,193,1,-1,1,193,194,-1,1,194,118,-1,118,194,195,-1,118,195,116,-1,195,196,116,-1,116,196,197,-1,116,197,114,-1,114,197,198,-1,114,198,112,-1,199,38,40,-1,112,198,200,-1,201,108,200,-1,200,108,110,-1,200,110,112,-1,201,202,108,-1,108,202,203,-1,108,203,106,-1,106,203,204,-1,106,204,104,-1,104,204,205,-1,104,205,102,-1,102,205,206,-1,102,206,40,-1,40,206,207,-1,40,207,199,-1,15,38,208,-1,208,38,199,-1,18,15,209,-1,209,15,208,-1,18,209,19,-1,19,209,210,-1,19,210,211,-1,212,20,213,-1,213,20,19,-1,213,19,211,-1,20,212,214,-1,20,214,59,-1,59,214,215,-1,59,215,33,-1,33,215,216,-1,33,216,34,-1,34,216,217,-1,34,217,35,-1,35,217,218,-1,35,218,23,-1,23,218,219,-1,23,219,25,-1,25,219,220,-1,25,220,27,-1,27,220,221,-1,27,221,29,-1,29,221,222,-1,29,222,2,-1,2,222,223,-1,2,223,9,-1,9,223,224,-1,9,224,99,-1,99,224,225,-1,99,225,97,-1,97,225,226,-1,97,226,95,-1,95,226,227,-1,95,227,93,-1,93,227,228,-1,93,228,91,-1,91,228,229,-1,91,229,230,-1,231,132,230,-1,230,132,134,-1,230,134,91,-1,231,232,132,-1,132,232,233,-1,132,233,3,-1,3,233,234,-1,3,234,4,-1,4,234,235,-1,4,235,54,-1,54,235,236,-1,54,236,55,-1,55,236,237,-1,55,237,57,-1,57,237,238,-1,57,238,58,-1,58,238,239,-1,58,239,7,-1,7,239,240,-1,7,240,8,-1,8,240,241,-1,8,241,50,-1,50,241,242,-1,50,242,52,-1,52,242,243,-1,52,243,122,-1,122,243,244,-1,122,244,124,-1,124,244,245,-1,124,245,126,-1,126,245,246,-1,126,246,128,-1,128,246,247,-1,128,247,129,-1,129,247,248,-1,129,248,87,-1,87,248,249,-1,87,249,89,-1,89,249,250,-1,89,250,90,-1,90,250,41,-1,41,250,251,-1,41,251,252,-1,42,41,253,-1,253,41,252,-1,254,80,78,-1,42,253,255,-1,42,255,44,-1,44,255,256,-1,44,256,46,-1,46,256,257,-1,46,257,73,-1,73,257,258,-1,73,258,74,-1,74,258,259,-1,74,259,76,-1,76,259,260,-1,76,260,78,-1,78,260,261,-1,78,261,254,-1,80,254,262,-1,80,262,82,-1,82,262,263,-1,82,263,84,-1,84,263,264,-1,84,264,85,-1,85,264,265,-1,85,265,61,-1,61,265,266,-1,61,266,63,-1,63,266,267,-1,63,267,65,-1,65,267,268,-1,65,268,67,-1,69,67,269,-1,269,67,268,-1,69,269,270,-1,69,270,140,-1,140,270,271,-1,140,271,137,-1,137,271,272,-1,137,272,151,-1,151,272,273,-1,151,273,145,-1,145,273,274,-1,145,274,146,-1,146,274,275,-1,146,275,148,-1,148,275,276,-1,148,276,149,-1,149,276,277,-1,149,277,150,-1,150,277,278,-1,150,278,147,-1,147,278,279,-1,147,279,142,-1,142,279,280,-1,142,280,143,-1,143,280,281,-1,143,281,144,-1,144,281,282,-1,144,282,138,-1,138,282,283,-1,138,283,139,-1,139,283,284,-1,139,284,141,-1,141,284,285,-1,141,285,70,-1,70,285,286,-1,70,286,68,-1,66,68,287,-1,287,68,286,-1,66,287,288,-1,66,288,64,-1,64,288,289,-1,64,289,62,-1,62,289,290,-1,62,290,60,-1,60,290,291,-1,60,291,83,-1,83,291,292,-1,83,292,81,-1,81,292,152,-1,81,152,79,-1,21,293,294,-1,21,294,13,-1,13,294,295,-1,13,295,14,-1,14,295,296,-1,14,296,16,-1,16,296,297,-1,16,297,17,-1,17,297,298,-1,17,298,36,-1,36,298,299,-1,36,299,37,-1,37,299,300,-1,37,300,39,-1,39,300,301,-1,39,301,103,-1,103,301,302,-1,103,302,105,-1,105,302,303,-1,105,303,107,-1,107,303,304,-1,107,304,109,-1,109,304,305,-1,109,305,111,-1,111,305,306,-1,111,306,113,-1,113,306,307,-1,113,307,115,-1,115,307,308,-1,115,308,117,-1,117,308,309,-1,117,309,119,-1,119,309,310,-1,119,310,120,-1,120,310,311,-1,120,311,72,-1,72,311,312,-1,72,312,71,-1,71,312,313,-1,71,313,32,-1,32,313,314,-1,32,314,31,-1,31,314,315,-1,31,315,30,-1,30,315,316,-1,30,316,28,-1,28,316,317,-1,28,317,26,-1,26,317,318,-1,26,318,24,-1,24,318,319,-1,24,319,22,-1,22,319,293,-1,22,293,21,-1,
        ]
    }
}
Shape{
    appearance Appearance {
        material  Material 	{
            diffuseColor 0.25098039215686274 0.25098039215686274 0.25098039215686274
            specularColor 0.12549019607843137 0.12549019607843137 0.12549019607843137
            ambientIntensity 0.251
            transparency 0.0
            shininess 0.5
        }
    }
    geometry IndexedFaceSet {
        ccw TRUE
        solid FALSE
        coord DEF co Coordinate {
            point [
                0.4613 -0.7283 1.385, 0.4379 -0.7283 1.4492, 0.4342 -0.7283 1.4453, 0.4724 -0.7283 1.3862, 0.4806 -0.7283 1.3895, 0.4708 -0.7283 1.4581, 0.4629 -0.7283 1.459, 0.4536 -0.7283 1.4578, 0.4453 -0.7283 1.4545, 0.4278 -0.7283 1.4104, 0.4315 -0.7283 1.4024, 0.4369 -0.7283 1.3956, 0.4629 -0.7283 1.385, 0.4293 -0.7283 1.4374, 0.4265 -0.7283 1.4285, 0.426 -0.7283 1.4193, 0.4442 -0.7283 1.3901, 0.4528 -0.7283 1.3864, 0.4878 -0.7283 1.3946, 0.493 -0.7283 1.4005, 0.4974 -0.7283 1.4086, 0.4997 -0.7283 1.4177, 0.4997 -0.7283 1.4264, 0.4975 -0.7283 1.4352, 0.4934 -0.7283 1.443, 0.4873 -0.7283 1.4498, 0.4796 -0.7283 1.455
            ]
        }
        coordIndex [
            0,1,2,-1,3,4,5,-1,6,7,0,-1,0,7,8,-1,0,8,1,-1,9,10,2,-1,2,10,11,-1,6,0,5,-1,5,0,12,-1,5,12,3,-1,13,14,2,-1,2,14,15,-1,2,15,9,-1,11,16,2,-1,2,16,17,-1,2,17,0,-1,4,18,5,-1,5,18,19,-1,5,19,20,-1,20,21,5,-1,5,21,22,-1,5,22,23,-1,23,24,5,-1,5,24,25,-1,5,25,26,-1,
        ]
    }
}